Claim_ID,Para_Index,Ledger_Row_IDs,Tradition,Claim_Family,Books_Named,Hadith_Numbers_Guess,Harvest_Status,Edition_Lock_Status,Edition_Candidate_Note,Live_Corpus_Available,Network_Blocker,Required_Action,Author_Decision,Print_Safe,Manuscript_Text_Excerpt
B1-C00013,434,,SHIA,SHIA_NARRATION,al-Kafi,,EDITION-LOCK,PENDING,ط. الإسلامية / علي أكبر الغفاري family — LOCK ONE print; PAGE-CHECK until sealed,NO,thaqalayn blocked,AUTHOR DECISION REQUIRED — lock one edition/page before any CONFIRMED/print upgrade; no invented pages,,NO,‘সে অস্বীকার করলো ও অহংকার করলো এবং কাফিরদের অন্তর্ভুক্ত হলো।’
B1-C00058,1334,REF-021,SHIA,SHIA_NARRATION,al-Kafi,,EDITION-LOCK,PENDING,ط. الإسلامية / علي أكبر الغفاري family — LOCK ONE print; PAGE-CHECK until sealed,NO,thaqalayn blocked,AUTHOR DECISION REQUIRED — lock one edition/page before any CONFIRMED/print upgrade; no invented pages,,NO,"•  ইমাম বাকির (আলাইহিস্ সালাম): «من كان لله مطيعا فهو لنا ولي… وما تنال ولايتنا إلا بالعمل والورع» — আল-কাফি, কিতাবুল ঈমান ওয়াল কুফর, বাবুত তাআ ওয়াত তাকওয়া — PAGE-CHECK (খণ্ড-পৃষ্ঠা মেলানো বাকি)।"
B1-C00065,1465,,SHIA,SHIA_NARRATION,al-Kafi,,EDITION-LOCK,PENDING,ط. الإسلامية / علي أكبر الغفاري family — LOCK ONE print; PAGE-CHECK until sealed,NO,thaqalayn blocked,AUTHOR DECISION REQUIRED — lock one edition/page before any CONFIRMED/print upgrade; no invented pages,,NO,"“আল-কাফিতেও আছে,” সে যোগ করল। “ইমাম সাদিক (আলাইহিস্ সালাম) বলেছেন, তাঁর আব্বা ইমাম বাকির (আলাইহিস্ সালাম) কাবার গিলাফ ধরে থাকা এক লোককে শুনলেন, সে বলছে শুধু ‘আল্লাহুম্মা সাল্লি আলা মুহাম্মাদ’। ইমাম তাকে বললেন, ‘হে আল্লাহর বান্দা, একে কেটে ফেলো না। আমাদের হক নষ্ট করো না। বলো: আল্লাহুম্মা সাল্লি আলা মুহাম্মাদিন ওয়া আহলি বাইতিহী।’”"
B1-C00066,1519,,SHIA,SHIA_NARRATION,al-Kafi,,EDITION-LOCK,PENDING,ط. الإسلامية / علي أكبر الغفاري family — LOCK ONE print; PAGE-CHECK until sealed,NO,thaqalayn blocked,AUTHOR DECISION REQUIRED — lock one edition/page before any CONFIRMED/print upgrade; no invented pages,,NO,"“আল-কাফিতে ইমাম বাকির (আলাইহিস্ সালাম)-এর একটা কথা আছে,” বুরুল্লাহ বলল, যেন রাহাতের মনের কথা শুনে ফেলেছে। “ইমাম বলেছেন, কেউ যদি সারা রাত নামাজে দাঁড়িয়ে থাকে, সারা দিন রোযা রাখে, সব সম্পদ দান করে দেয়, সারা জীবন হজ করে, কিন্তু আল্লাহর ওলীর বেলায়াত না চেনে, তাঁকে ভালোবেসে অনুসরণ না করে, তার সব আমল তাঁর দেখানো পথে না হয়, তাহলে আল্লাহর কাছে তার সওয়াবের কোনো হক থাকে না।”"
B1-C00067,1531,,SHIA,SHIA_NARRATION,al-Kafi,,EDITION-LOCK,PENDING,ط. الإسلامية / علي أكبر الغفاري family — LOCK ONE print; PAGE-CHECK until sealed,NO,thaqalayn blocked,AUTHOR DECISION REQUIRED — lock one edition/page before any CONFIRMED/print upgrade; no invented pages,,NO,"“‘আর বলো, তোমরা আমল করো। আল্লাহ তোমাদের আমল দেখবেন, তাঁর রাসূল দেখবেন, আর মুমিনরা দেখবেন।’ আল-কাফিতে একটা পুরো অধ্যায় আছে, আমল রাসূলুল্লাহ ﷺ আর ইমামদের সামনে পেশ করা হয়। সেখানে ইমামগণ বলেছেন, এই আয়াতের ‘মুমিনরা’ হলাম আমরা। মানে, প্রতিদিন আমাদের নামাজ ইমামের সামনে যায়। আমি দেখি বা না দেখি, তিনি দেখেন।”"
B1-C00068,1543,,SHIA,SHIA_NARRATION,al-Kafi,,EDITION-LOCK,PENDING,ط. الإسلامية / علي أكبر الغفاري family — LOCK ONE print; PAGE-CHECK until sealed,NO,thaqalayn blocked,AUTHOR DECISION REQUIRED — lock one edition/page before any CONFIRMED/print upgrade; no invented pages,,NO,"“না, রাকিকা। ওভাবে কোনো হাদিস আমি পাইনি। ওটা অন্য জায়গার কথা, পীরদের মুখে শোনা একটা বাক্যের ছাঁচে বানানো। আমি যা বললাম, সেটা আমার নিজের বোঝা, আর তার নিচে যে ভিত, সেগুলো তোমার সামনে রাখলাম: সূরা যুখরুফের আয়াত, সূরা তাওবার আয়াত আর আমল পেশ হওয়ার হাদিস, সূরা বনি ইসরাইলের আয়াত।” সে একটু থামল। “আর আল-কাফিতে ইমাম বাকির (আলাইহিস্ সালাম)-এর আরেকটি কথা। তিনি বলেছেন:"
B1-C00071,1581,,SHIA,SHIA_NARRATION,Nahj_al-Balagha,,EDITION-LOCK,PENDING,Sharh Ibn Abi al-Hadid Dar Ihya (Abu al-Fadl Ibrahim) candidate — PAGE-CHECK,NO,thaqalayn blocked,AUTHOR DECISION REQUIRED — lock one edition/page before any CONFIRMED/print upgrade; no invented pages,,NO,বুরুল্লাহ উঠে গিয়ে তাক থেকে নাহজুল বালাগা নামাল। পাতাগুলো বহু ব্যবহারে নরম। প্রথম খুতবা।
B1-C00073,1592,,SHIA,SHIA_NARRATION,al-Kafi,,EDITION-LOCK,PENDING,ط. الإسلامية / علي أكبر الغفاري family — LOCK ONE print; PAGE-CHECK until sealed,NO,thaqalayn blocked,AUTHOR DECISION REQUIRED — lock one edition/page before any CONFIRMED/print upgrade; no invented pages,,NO,"“আরেকটা কথা না বললে আজকের কথা অপূর্ণ থাকে,” সে বলল। “আল-কাফিতে রাসূলুল্লাহ ﷺ থেকে আছে: যে মারা গেল আর তার ওপর কোনো ইমাম নেই, তার মৃত্যু জাহেলিয়াতের মৃত্যু। মীতাতান জাহিলিয়্যাহ। আরেক বর্ণনায় ইমামকে জিজ্ঞেস করা হলো, কোন জাহেলিয়াত? ইমাম বললেন: কুফর, নিফাক আর পথভ্রষ্টতার জাহেলিয়াত।”"
B1-C00074,1601,,SHIA,SHIA_NARRATION,al-Kafi,,EDITION-LOCK,PENDING,ط. الإسلامية / علي أكبر الغفاري family — LOCK ONE print; PAGE-CHECK until sealed,NO,thaqalayn blocked,AUTHOR DECISION REQUIRED — lock one edition/page before any CONFIRMED/print upgrade; no invented pages,,NO,"আল-কাফিতে ইমাম জাফর আস-সাদিক (আলাইহিস্ সালাম) এই আয়াতের ব্যাখ্যা দিয়েছেন। মিশকাত, যে দীপাধারে আলো রাখা থাকে, তিনি হলেন মা সাইয়্যিদা ফাতিমাতুয্ যাহরা (আলাইহাস্ সালাম)। প্রদীপ ইমাম হাসান (আলাইহিস্ সালাম)। কাচ ইমাম হুসাইন (আলাইহিস্ সালাম)। আর ‘যেন এক উজ্জ্বল নক্ষত্র’: ইমাম বলেছেন, ফাতিমা দুনিয়ার নারীদের মাঝে এক উজ্জ্বল নক্ষত্র। আর ‘নূরের ওপর নূর’?”"
B1-C00077,1638,,SUNNI,SUNNI_NARRATION,Kanz_al-Ummal,,EDITION-LOCK,PENDING,Outside six — EDITION-LOCK PENDING,NO,dorar/external blocked,AUTHOR DECISION REQUIRED — lock one edition/page before any CONFIRMED/print upgrade; no invented pages,,NO,"•  বাংলা ছাপা (অংশ ২৭): কানযুল ঈমান ও নূরুল ইরফান, বঙ্গানুবাদ মাওলানা মুহাম্মদ আবদুল মান্নান (ইমাম আহমদ রেযা রিসার্চ একাডেমি, চট্টগ্রাম), পারা ১, পৃ. ৪–৫: বিসমিল্লাহ নম্বরহীন শিরোনাম, ১ = «সমস্ত প্রশংসা আল্লাহর», শেষ আয়াত ৬ ও ৭-এ ভাগ। তুলনায় মারেফুল কোরআন (মুহিউদ্দীন খান) ও হাফেজ মুনির উদ্দীন আহমদের «কোরআন শরীফ: সহজ সরল বাংলা অনুবাদ»-এ বিসমিল্লাহ ১ নম্বর আয়াত।"
B1-C00079,1640,REF-030,SHIA,SHIA_NARRATION,al-Kafi,al-Kafi:3|al-Kafi:3,EDITION-LOCK,PENDING,ط. الإسلامية / علي أكبر الغفاري family — LOCK ONE print; PAGE-CHECK until sealed,NO,thaqalayn blocked,AUTHOR DECISION REQUIRED — lock one edition/page before any CONFIRMED/print upgrade; no invented pages,,NO,"•  ফাতিহা ও সূরা দুটোর সঙ্গেই বিসমিল্লাহ (অংশ ৩৫): আল-কাফি, খণ্ড ৩, কিতাবুস সালাত, বাবু কিরাআতিল কুরআন, হাদিস ১, মুয়াবিয়া ইবনে আম্মার থেকে; মজলিসী: সহিহ। https://thaqalayn.net/hadith/3/4/21/1 (ছাপা পৃষ্ঠা PAGE-CHECK)।"
B1-C00093,1654,REF-040,SHIA,SHIA_NARRATION,Nahj_al-Balagha,Nahj_al-Balagha:123|Nahj_al-Balagha:123,EDITION-LOCK,PENDING,Sharh Ibn Abi al-Hadid Dar Ihya (Abu al-Fadl Ibrahim) candidate — PAGE-CHECK,NO,thaqalayn blocked,AUTHOR DECISION REQUIRED — lock one edition/page before any CONFIRMED/print upgrade; no invented pages,,NO,"•  নাহজুল বালাগা, প্রথম খুতবা (অংশ ১২৩): «أَوَّلُ الدِّينِ مَعْرِفَتُهُ، وَكَمَالُ مَعْرِفَتِهِ التَّصْدِيقُ بِهِ، وَكَمَالُ التَّصْدِيقِ بِهِ تَوْحِيدُهُ» ও «أَنْشَأَ الْخَلْقَ إِنْشَاءً، وَابْتَدَأَهُ ابْتِدَاءً، بِلَا رَوِيَّةٍ أَجَالَهَا، وَلَا تَجْرِبَةٍ اسْتَفَادَهَا»। অনলাইন পাঠ: https://forums.alkafeel.net/node/84002 (সেখানে «أحالها»; অন্য সংস্করণে «أجالها»; ছাপা সংস্করণে মেলানো PAGE-CHECK"
B1-C00095,1656,,SHIA,SHIA_NARRATION,Bihar_al-Anwar|al-Kafi,al-Kafi:1|al-Kafi:1|Bihar_al-Anwar:23|Bihar_al-Anwar:76|Bihar_al-Anwar:23|Bihar_al-Anwar:76,EDITION-LOCK,PENDING,Dar Ihya al-Turath vs other — Bihar 29 p.128 vs p.176 OPEN (O-10) | ط. الإسلامية / علي أكبر الغفاري family — LOCK ONE print; PAGE-CHECK until sealed,NO,thaqalayn blocked,AUTHOR DECISION REQUIRED — lock one edition/page before any CONFIRMED/print upgrade; no invented pages,,NO,"•  জাহেলিয়াতের মৃত্যু (অংশ ১২৮): আল-কাফি, খণ্ড ১, কিতাবুল হুজ্জাহ, বাবু মান মাতা ওয়া লাইসা লাহু ইমামুন মিন আইম্মাতিল হুদা: হাদিস ১ «مَنْ مَاتَ وَلَيْسَ عَلَيْهِ إِمَامٌ فَمِيتَتُهُ مِيتَةُ جَاهِلِيَّةٍ», https://thaqalayn.net/hadith/1/4/87/1 ; হাদিস ৩ «جَاهِلِيَّةَ كُفْرٍ وَنِفَاقٍ وَضَلالٍ», https://thaqalayn.net/hadith/1/4/87/3 । ব্যাখ্যা: মজলিসী, বিহারুল আনওয়ার (বৈরুত) ২৩/৭৬।"
B1-C00096,1657,REF-042,SHIA,SHIA_NARRATION,al-Kafi,al-Kafi:1|al-Kafi:1,EDITION-LOCK,PENDING,ط. الإسلامية / علي أكبر الغفاري family — LOCK ONE print; PAGE-CHECK until sealed,NO,thaqalayn blocked,AUTHOR DECISION REQUIRED — lock one edition/page before any CONFIRMED/print upgrade; no invented pages,,NO,"•  আয়াতুন নূরের ব্যাখ্যা (অংশ ১৩৫–১৩৭): আল-কাফি, খণ্ড ১, কিতাবুল হুজ্জাহ, বাবু আন্নাল আইম্মাতা নূরুল্লাহ, হাদিস ৫, সালিহ ইবনে সাহল, ইমাম সাদিক (আলাইহিস্ সালাম) থেকে: «كَمِشْكاةٍ فَاطِمَةُ… فَاطِمَةُ كَوْكَبٌ دُرِّيٌّ بَيْنَ نِسَاءِ أَهْلِ الدُّنْيَا… نُورٌ عَلى نُورٍ إِمَامٌ مِنْهَا بَعْدَ إِمَامٍ»। https://thaqalayn.net/hadith/1/4/13/5 (পৃ. ১/১৯৫ PAGE-CHECK; সনদে সাহল ইবনে যিয়াদ)।"
B1-C00097,1658,,SHIA,SHIA_NARRATION,al-Kafi,al-Kafi:3|al-Kafi:3|al-Kafi:3|al-Kafi:3,EDITION-LOCK,PENDING,ط. الإسلامية / علي أكبر الغفاري family — LOCK ONE print; PAGE-CHECK until sealed,NO,thaqalayn blocked,AUTHOR DECISION REQUIRED — lock one edition/page before any CONFIRMED/print upgrade; no invented pages,,NO,"•  ঈদে আগে নামাজ, পরে খুতবা; পরে উল্টানো (অংশ ১৪৪–১৪৬): আল-কাফি, খণ্ড ৩, বাবু সালাতিল ঈদাইন, হাদিস ৩ (মজলিসী: বাহ্যত সহিহ): «…وَالْخُطْبَةُ بَعْدَ الصَّلاَةِ إِنَّمَا أَحْدَثَ الْخُطْبَةَ قَبْلَ الصَّلاَةِ عُثْمَانُ…», https://thaqalayn.net/hadith/3/4/88/3 । সহিহ বুখারী, হাদিস ৯৫৬ (আবু সাঈদ খুদরী): মদিনার আমির মারওয়ান নামাজের আগে খুতবা দেন; আবু সাঈদ: «غَيَّرْتُمْ وَاللَّهِ»; মারওয়ান: «إِنَّ النَ"
B1-C00102,1663,,SHIA,SHIA_NARRATION,al-Kafi,al-Kafi:2|al-Kafi:2,EDITION-LOCK,PENDING,ط. الإسلامية / علي أكبر الغفاري family — LOCK ONE print; PAGE-CHECK until sealed,NO,thaqalayn blocked,AUTHOR DECISION REQUIRED — lock one edition/page before any CONFIRMED/print upgrade; no invented pages,,NO,"•  «لا يزال الدعاء محجوبا حتى يصلى على محمد وآل محمد» (অংশ ১৭ঠ): আল-কাফি, খণ্ড ২, কিতাবুদ দুআ, বাবুস সালাতি আলান নাবিয়্যি ওয়া আহলি বাইতিহি, হাদিস ১, হিশাম ইবনে সালিম, ইমাম সাদিক (আলাইহিস্ সালাম) থেকে। https://thaqalayn.net/hadith/2/2/20/1 । একই অর্থে হাদিস ১০ (সাফওয়ান আল-জাম্মাল): «كل دعاء يدعى الله عز وجل به محجوب عن السماء حتى يصلى على محمد وآل محمد», https://thaqalayn.net/hadith/2/2/20/10 ।"
B1-C00103,1664,,SHIA,SHIA_NARRATION,al-Kafi,al-Kafi:2|al-Kafi:16|al-Kafi:2|al-Kafi:16,EDITION-LOCK,PENDING,ط. الإسلامية / علي أكبر الغفاري family — LOCK ONE print; PAGE-CHECK until sealed,NO,thaqalayn blocked,AUTHOR DECISION REQUIRED — lock one edition/page before any CONFIRMED/print upgrade; no invented pages,,NO,"•  «إن الله عز وجل أكرم من أن يقبل الطرفين ويدع الوسط» (অংশ ১৭ঠ): আল-কাফি, খণ্ড ২, একই বাব, হাদিস ১৬, ইমাম সাদিক (আলাইহিস্ সালাম) থেকে (সনদ মুরসাল: «عن رجاله»)। https://thaqalayn.net/hadith/2/2/20/16"
B1-C00105,1666,,SHIA,SHIA_NARRATION,al-Kafi,al-Kafi:2|al-Kafi:5|al-Kafi:2|al-Kafi:5,EDITION-LOCK,PENDING,ط. الإسلامية / علي أكبر الغفاري family — LOCK ONE print; PAGE-CHECK until sealed,NO,thaqalayn blocked,AUTHOR DECISION REQUIRED — lock one edition/page before any CONFIRMED/print upgrade; no invented pages,,NO,"•  বেলায়াত ছাড়া ইবাদত (অংশ ১৭ঢ): অংশ ৯৮-এর সূত্র দেখুন (আল-কাফি ২, বাবু দাআইমিল ইসলাম, হাদিস ৫, সহিহ)। «ইবাদতের একটা শরীর আছে… প্রাণও আছে» বাক্যটি গ্রন্থ ১, দ্বিতীয় অংশ, অধ্যায় ১ থেকে নেওয়া।"
B1-C00106,1667,REF-047,SUNNI,SUNNI_NARRATION,Ibn_Saad_Tabaqat,Ibn_Saad_Tabaqat:3|Ibn_Saad_Tabaqat:24|Ibn_Saad_Tabaqat:3|Ibn_Saad_Tabaqat:24,EDITION-LOCK,PENDING,Dar Sader 8-vol vs Khanji/Umar 10+ vol — LOCK ONE (O-10),NO,dorar/external blocked,AUTHOR DECISION REQUIRED — lock one edition/page before any CONFIRMED/print upgrade; no invented pages,,NO,"•  ইবনে মুলজিম (অংশ ১৭ণ): ৪০ হিজরির ১৯ রমজান ভোরে কুফার মসজিদে আমিরুল মুমিনীন আলী (আলাইহিস্ সালাম)-কে আঘাত, সুপরিচিত ইতিহাস (যেমন শেখ মুফিদ, আল-ইরশাদ)। বাইয়াত, দুই-তিনবার ফিরিয়ে দেওয়া ও «أريد حياته ويريد قتلي»: আবুল ফারাজ ইসফাহানি, মাকাতিলুত তালিবিয়্যিন, পৃ. ৪৫ (শামেলা); ইবনে সাদ, আত-তাবাকাতুল কুবরা ৩/২৪ (দারুল কুতুবিল ইলমিয়্যা)। চল্লিশ দিন তলোয়ার শান দেওয়া («شحذته أربعين صباحا») তার নিজের "
B1-C00109,1732,,SHIA,SHIA_NARRATION,Ilal_al-Sharai,,EDITION-LOCK,PENDING,Printed edition not locked — PAGE-CHECK,NO,thaqalayn blocked,AUTHOR DECISION REQUIRED — lock one edition/page before any CONFIRMED/print upgrade; no invented pages,,NO,রাহাত নোটবুকে লিখল: ইলাল লাইল। রাত পর্যন্ত।
B1-C00117,1810,,SHIA,SHIA_NARRATION,Ilal_al-Sharai,,EDITION-LOCK,PENDING,Printed edition not locked — PAGE-CHECK,NO,thaqalayn blocked,AUTHOR DECISION REQUIRED — lock one edition/page before any CONFIRMED/print upgrade; no invented pages,,NO,"পবিত্র কুরআনও বলে, “আতিম্মুছ ছিয়ামা ইলাল লাইল।” অর্থাৎ, “রাত্রি না আসা পর্যন্ত সিয়াম পূর্ণ করো।” এখান থেকে সুস্পষ্ট, কুরআন ও সুন্নাহতে ইফতারের প্রকৃত সময় হলো রাতের অন্ধকার, কেবল সূর্যাস্তের লাল আভা নয়।"
B1-C00118,1814,,SHIA,SHIA_NARRATION,al-Kafi,,EDITION-LOCK,PENDING,ط. الإسلامية / علي أكبر الغفاري family — LOCK ONE print; PAGE-CHECK until sealed,NO,thaqalayn blocked,AUTHOR DECISION REQUIRED — lock one edition/page before any CONFIRMED/print upgrade; no invented pages,,NO,"সে ভেতর থেকে একটি মোটা বই আনল। মলাটের কোনা ছেঁড়া, পাতার ফাঁকে ফাঁকে কাগজের টুকরো গোঁজা। আল-কাফি, রোযার অধ্যায়। একটি টুকরো ধরে পাতাটা খুলল। “পরে পেলাম এইটা। ইমাম জাফর আস-সাদিক (আলাইহিস্ সালাম)-এর কথা।”"
B1-C00120,1832,,SHIA,SHIA_NARRATION,al-Kafi,,EDITION-LOCK,PENDING,ط. الإسلامية / علي أكبر الغفاري family — LOCK ONE print; PAGE-CHECK until sealed,NO,thaqalayn blocked,AUTHOR DECISION REQUIRED — lock one edition/page before any CONFIRMED/print upgrade; no invented pages,,NO,"বুরুল্লাহ রাহাতের খাতার পাতাটা আবার খুলল, আর আল-কাফির খোলা পাতাটা রাখল ঠিক তার পাশে। একদিকে আকাশের ঘড়ি, আরেকদিকে ইমামের কথা। দ্বিতীয় লাইনে আঙুল রাখল, সাতটা সাত। “পুবের লালিমা মাথার ওপর দিয়ে পার হয়ে যাওয়া। ফিকহের ন্যূনতম সীমা এটাই। এর আগে নয়।” তারপর আঙুলটা নামিয়ে আনল শেষ লাইনে, আটটা সতেরো। “আর কেউ কেউ এখান পর্যন্ত অপেক্ষা করেন, রাত একেবারে স্পষ্ট হওয়া পর্যন্ত। এটা তাকওয়ার একটা পথ, যে চায় "
B1-C00128,1906,,SHIA,SHIA_NARRATION,al-Kafi,al-Kafi:4|al-Kafi:4,EDITION-LOCK,PENDING,ط. الإسلامية / علي أكبر الغفاري family — LOCK ONE print; PAGE-CHECK until sealed,NO,thaqalayn blocked,AUTHOR DECISION REQUIRED — lock one edition/page before any CONFIRMED/print upgrade; no invented pages,,NO,"•  ইফতারের সময় নিয়ে ইমামগণের (আলাইহিমুস সালাম) হাদিস: আল-কাফি (শেখ কুলাইনি), কিতাবুস সিয়াম, «ইফতারের সময়» অধ্যায় (باب وقت الإفطار), হাদিস ১, ইমাম জাফর আস-সাদিক (আলাইহিস্ সালাম): কিবলামুখী দাঁড়িয়ে পূর্ব থেকে ওঠা লালিমা লক্ষ করা, তা মাথার চূড়া পেরিয়ে পশ্চিমের দিকে গেলে ইফতার ওয়াজিব; হাদিস ২, ইমাম মুহাম্মদ আল-বাকির (আলাইহিস্ সালাম), বুরাইদের বর্ণনায়: পূর্ব দিকের লালিমা মিলিয়ে গেলে পৃথিবীর"
B1-C00147,2193,REF-055,SHIA,FADAK,al-Kafi,al-Kafi:8|al-Kafi:8,EDITION-LOCK,PENDING,ط. الإسلامية / علي أكبر الغفاري family — LOCK ONE print; PAGE-CHECK until sealed,NO,thaqalayn blocked,AUTHOR DECISION REQUIRED — lock one edition/page before any CONFIRMED/print upgrade; no invented pages,,NO,"•  ইমাম আলী (আলাইহিস্ সালাম): «আমি যদি ফাদাক ফিরিয়ে দিই… তারাবির বিদআত মুছে দিই…» — জনির খাতা ¶২৩২৭৮–২৩২৮৭ (JONY-VERBATIM); মূল: আল-কাফি, রাওদা (খ.৮, খুতবা «لو استوت قدماي») — PAGE-CHECK; ছাপার আগে খণ্ড-পৃষ্ঠা মেলাতে হবে।"
B1-C00149,2195,,SHIA,SHIA_NARRATION,al-Kafi,al-Kafi:1|al-Kafi:1,EDITION-LOCK,PENDING,ط. الإسلامية / علي أكبر الغفاري family — LOCK ONE print; PAGE-CHECK until sealed,NO,thaqalayn blocked,AUTHOR DECISION REQUIRED — lock one edition/page before any CONFIRMED/print upgrade; no invented pages,,NO,"•  খুমসের হাদিস «لا يحل لأحد أن يشتري من الخمس شيئا حتى يصل إلينا حقنا» (অংশ ৬৬–৬৭): আল-কাফি, খণ্ড ১, কিতাবুল হুজ্জাহ, বাব «الفيء والأنفال وتفسير الخمس», হাদিস ১৪, আবু বাসির, ইমাম বাকির (আলাইহিস্ সালাম) থেকে। https://thaqalayn.net/chapter/1/4/130"
B1-C00154,2200,,SHIA,SHIA_NARRATION,al-Kafi,al-Kafi:1|al-Kafi:1|al-Kafi:1|al-Kafi:1,EDITION-LOCK,PENDING,ط. الإسلامية / علي أكبر الغفاري family — LOCK ONE print; PAGE-CHECK until sealed,NO,thaqalayn blocked,AUTHOR DECISION REQUIRED — lock one edition/page before any CONFIRMED/print upgrade; no invented pages,,NO,"•  «মানুষের হাতের ময়লা» (অংশ ১১৬): আমিরুল মুমিনীন আলী (আলাইহিস্ সালাম)-এর কথা, সুলাইম ইবনে কায়েসের সূত্রে, আল-কাফি, খণ্ড ১, একই বাব, হাদিস ১: «…وَلَمْ يَجْعَلْ لَنَا سَهْماً فِي الصَّدَقَةِ أَكْرَمَ الله نَبِيَّهُ وَأَكْرَمَنَا أَنْ يُطْعِمَنَا أَوْسَاخَ مَا فِي أَيْدِي النَّاسِ»। https://thaqalayn.net/chapter/1/4/130"
B1-C00155,2201,,SHIA,SHIA_NARRATION,al-Kafi,al-Kafi:2|al-Kafi:2,EDITION-LOCK,PENDING,ط. الإسلامية / علي أكبر الغفاري family — LOCK ONE print; PAGE-CHECK until sealed,NO,thaqalayn blocked,AUTHOR DECISION REQUIRED — lock one edition/page before any CONFIRMED/print upgrade; no invented pages,,NO,"•  বেলায়াত ছাড়া আমলের হাদিস (অংশ ১৩৫–১৩৬): আল-কাফি, খণ্ড ২, কিতাবুল ঈমান ওয়াল কুফর, বাবু দাআইমিল ইসলাম, হাদিস ৫, যুরারা, ইমাম বাকির (আলাইহিস্ সালাম) থেকে। https://thaqalayn.net/chapter/2/1/13"
B1-C00194,2684,,SHIA,SHIA_NARRATION,Nahj_al-Balagha,,EDITION-LOCK,PENDING,Sharh Ibn Abi al-Hadid Dar Ihya (Abu al-Fadl Ibrahim) candidate — PAGE-CHECK,NO,thaqalayn blocked,AUTHOR DECISION REQUIRED — lock one edition/page before any CONFIRMED/print upgrade; no invented pages,,NO,"আমি বসেছি টেবিলের বাম পাশে, হাতে নাহজুল বালাগার অনুবাদ বই। বুরুল্লাহ পাশেই, এক হাতে চায়ের কাপ, অন্য হাতে তাসবিহ ঘুরাচ্ছে। শামস মোবাইল ফোনে কুরআনের তাফসির অ্যাপ খুলে রেখেছে। রাকিকা জানালার পাশে হেলান দিয়ে বসে, কানে হিজাবের ভেতরে হালকা সাদা ইয়ারফোন, তবু মনোযোগ আমাদের কথোপকথনে। ফয়সাল টেবিলের ডানদিকে, বইয়ের পাতায় আঙুল রেখে কিছু নোট লিখছে। আর রাহাত একটু আগেই এসে বসেছে, চোখে উজ্জ্বল কৌতূহল। তার সঙ"
B1-C00195,2695,,SHIA,SHIA_NARRATION,Nahj_al-Balagha,,EDITION-LOCK,PENDING,Sharh Ibn Abi al-Hadid Dar Ihya (Abu al-Fadl Ibrahim) candidate — PAGE-CHECK,NO,thaqalayn blocked,AUTHOR DECISION REQUIRED — lock one edition/page before any CONFIRMED/print upgrade; no invented pages,,NO,আমি নাহজুল বালাগা নামিয়ে খাতা খুললাম। এ বিষয়ে আগে কিছু টুকে রেখেছিলাম।
B1-C00263,3147,,SHIA|SUNNI,MIXED_CITATION,Sahih_Muslim|al-Kafi,,EDITION-LOCK,PENDING,Sahih_Muslim — edition not locked; PAGE-CHECK | ط. الإسلامية / علي أكبر الغفاري family — LOCK ONE print; PAGE-CHECK until sealed,NO,thaqalayn blocked,AUTHOR DECISION REQUIRED — lock one edition/page before any CONFIRMED/print upgrade; no invented pages,,NO,"খাতাটা পুরো বন্ধ হয়নি। মাঝখানের একটি পাতা বাইরে বেরিয়ে আছে। তাতে ওপর থেকে নিচে সাতটি শব্দ লেখা, একটির নিচে আরেকটি। কাফির। মুশরিক। মুমিন। মুসলিম। প্রকৃত মুমিন। তারপর একটি শব্দ, যার নিচে লাল কালিতে দুটো দাগ। তার পরেরটা মুত্তাকী।"
B1-C00268,3162,,SHIA,SHIA_NARRATION,al-Kafi,,EDITION-LOCK,PENDING,ط. الإسلامية / علي أكبر الغفاري family — LOCK ONE print; PAGE-CHECK until sealed,NO,thaqalayn blocked,AUTHOR DECISION REQUIRED — lock one edition/page before any CONFIRMED/print upgrade; no invented pages,,NO,০২  কাফির থেকে মুত্তাকী পর্যন্ত ধাপগুলো
B1-C00269,3179,,SHIA,SHIA_NARRATION,al-Kafi,,EDITION-LOCK,PENDING,ط. الإسلامية / علي أكبر الغفاري family — LOCK ONE print; PAGE-CHECK until sealed,NO,thaqalayn blocked,AUTHOR DECISION REQUIRED — lock one edition/page before any CONFIRMED/print upgrade; no invented pages,,NO,রাহাত প্রথম শব্দে আঙুল রাখল। “কাফির।”
B1-C00272,3250,,SHIA,SHIA_NARRATION,al-Kafi,,EDITION-LOCK,PENDING,ط. الإسلامية / علي أكبر الغفاري family — LOCK ONE print; PAGE-CHECK until sealed,NO,thaqalayn blocked,AUTHOR DECISION REQUIRED — lock one edition/page before any CONFIRMED/print upgrade; no invented pages,,NO,"না—তাহলে তুমি কি অবিশ্বাসীদের (কাফির) দলে থাকতে চাও, যারা চিরঅন্ধকারের কারাগারে আবদ্ধ?"
B1-C00276,3297,,SHIA|SUNNI,MIXED_CITATION,Sahih_Muslim|al-Kafi,,EDITION-LOCK,PENDING,Sahih_Muslim — edition not locked; PAGE-CHECK | ط. الإسلامية / علي أكبر الغفاري family — LOCK ONE print; PAGE-CHECK until sealed,NO,thaqalayn blocked,AUTHOR DECISION REQUIRED — lock one edition/page before any CONFIRMED/print upgrade; no invented pages,,NO,"«আমাদের ঈমান কোথায় দাঁড়িয়ে? তুমি যদি শিকড়ে থাকো—(কাফির/মুশরিক), তবে প্রশ্ন: তুমি কি সেই অন্ধকার থেকে উঠে আসতে চাও, যেখানে আলো ছুঁতে পারো না আলোতে বিলিন হওয়ার যন্ত্রণা ভেতরে কুরে কুরে খায়? তুমি যদি কাণ্ডে থাকো—(শুধু নামে মাত্র মুসলিম), তবে কি তুমি সেই আস্থার শক্তি খুঁজে বের করতে চাও, যা তোমাকে আসল ঈমানদারের দিকে টেনে নেয়? তুমি যদি শাখায় থাকো—(প্রকৃত মুমিন), তবে কি তুমি সেই উচ্চতায় পৌঁছাতে "
B1-C00278,3336,,SHIA|SUNNI,MIXED_CITATION,Sahih_Muslim|al-Kafi,,EDITION-LOCK,PENDING,Sahih_Muslim — edition not locked; PAGE-CHECK | ط. الإسلامية / علي أكبر الغفاري family — LOCK ONE print; PAGE-CHECK until sealed,NO,thaqalayn blocked,AUTHOR DECISION REQUIRED — lock one edition/page before any CONFIRMED/print upgrade; no invented pages,,NO,"“বুরুল্লাহ ভাই, তুমি কি আমাদের একটু বিস্তারিত বুঝিয়ে বলতে পারো— কাফির, মুশরিক, মুসলিম, সাধারণ মুমিন, প্রকৃত মুমিন, মুমিন-মুনাফিক এবং মুত্তাকী—প্রত্যেকের অবস্থান ও বৈশিষ্ট্য কীভাবে আলাদা?”"
B1-C00279,3339,,SHIA,SHIA_NARRATION,al-Kafi,,EDITION-LOCK,PENDING,ط. الإسلامية / علي أكبر الغفاري family — LOCK ONE print; PAGE-CHECK until sealed,NO,thaqalayn blocked,AUTHOR DECISION REQUIRED — lock one edition/page before any CONFIRMED/print upgrade; no invented pages,,NO,“কাফির অর্থ হলো যিনি সত্য গোপন করেন এবং আল্লাহ ও তাঁর প্রেরিত বিধানসমূহকে প্রত্যাখ্যান করেন। তারা কুরআনের বাণী এবং নাবুয়্যাতের অস্বীকার করে এবং শত্রুতায় লিপ্ত হতে দ্বিধা করে না। তারা কিয়ামত ও আখিরাতের প্রতি বিশ্বাস রাখে না। অনেক কাফির ঈমান গ্রহণের সুযোগ পেয়েও তা প্রত্যাখ্যান করে।”
B1-C00297,3545,,SHIA,SHIA_NARRATION,al-Kafi,,EDITION-LOCK,PENDING,ط. الإسلامية / علي أكبر الغفاري family — LOCK ONE print; PAGE-CHECK until sealed,NO,thaqalayn blocked,AUTHOR DECISION REQUIRED — lock one edition/page before any CONFIRMED/print upgrade; no invented pages,,NO,"“চার নম্বর, সাধারণ মুমিন। সাধারণ মুমিন হলো সেই ব্যক্তি, যে ইসলামকে সত্য ধর্ম হিসেবে মেনে নিয়েছে, তবে তার ঈমান ও আমল দৃঢ় নয়। সে কখনো কখনো গুনাহ করে, কিন্তু তা বুঝতে পারলে অনুতপ্ত হয়। তার ঈমানের দুর্বলতা থাকতে পারে, তবে সে কাফির বা মুনাফিক নয়।”"
B1-C00300,3635,REF-088,SHIA,SHIA_NARRATION,al-Kafi,,EDITION-LOCK,PENDING,ط. الإسلامية / علي أكبر الغفاري family — LOCK ONE print; PAGE-CHECK until sealed,NO,thaqalayn blocked,AUTHOR DECISION REQUIRED — lock one edition/page before any CONFIRMED/print upgrade; no invented pages,,NO,"•  ইমাম জাফর আস-সাদিক (আলাইহিস্ সালাম)-এর «মুমিনের বৈশিষ্ট্য» (দীর্ঘ তালিকা) — আল-কাফি, কিতাবুল ঈমান ওয়াল কুফর (সিফাতুল মুমিন) অধ্যায়ের সাথে মিল; শব্দে মেলানো হয়নি — PAGE-CHECK।"
B1-C00334,4266,,SUNNI,SUNNI_NARRATION,al-Durr_al-Manthur,,EDITION-LOCK,PENDING,Egypt ed. candidate — PAGE-CHECK,NO,dorar/external blocked,AUTHOR DECISION REQUIRED — lock one edition/page before any CONFIRMED/print upgrade; no invented pages,,NO,"“তাফসিরে জালালাইন, বায়দ্বাভী, দুররুল মানসুর।” চাচা হাসলেন। “আপনার মাদ্রাসার হুজুররা যেগুলো পড়েন।”"
B1-C00357,4799,REF-113,SHIA,SHIA_NARRATION,Bihar_al-Anwar|Tafsir_al-Qummi,Bihar_al-Anwar:22|Bihar_al-Anwar:22,EDITION-LOCK,PENDING,Dar Ihya al-Turath vs other — Bihar 29 p.128 vs p.176 OPEN (O-10) | Printed edition not locked — PAGE-CHECK,NO,thaqalayn blocked,AUTHOR DECISION REQUIRED — lock one edition/page before any CONFIRMED/print upgrade; no invented pages,,NO,•  রাসূলুল্লাহ ﷺ-কে বিষ দেওয়ার রেওয়ায়েত (ইমাম জাফর সাদিক (আলাইহিস্ সালাম) থেকে) — খাতায়: তাফসীরে কুম্মী (সূরা তাহরীম প্রসঙ্গে); বিহারুল আনওয়ার খণ্ড ২২ — PAGE-CHECK (খণ্ড-পৃষ্ঠা ও শব্দ মেলানো বাকি)।
B1-C00358,4800,REF-114,SHIA,SHIA_NARRATION,al-Kafi,al-Kafi:1|al-Kafi:1,EDITION-LOCK,PENDING,ط. الإسلامية / علي أكبر الغفاري family — LOCK ONE print; PAGE-CHECK until sealed,NO,thaqalayn blocked,AUTHOR DECISION REQUIRED — lock one edition/page before any CONFIRMED/print upgrade; no invented pages,,NO,"•  দশজন দশজন করে জানাজার নামাজ, দাফনের স্থান (ইমাম বাকির (আলাইহিস্ সালাম)) — বর্ণিত আছে; আল-কাফি খণ্ড ১ (রাসূলুল্লাহ ﷺ-এর জন্ম-অধ্যায়) — PAGE-CHECK।"
B1-C00379,4958,,SHIA,SHIA_NARRATION,al-Ihtijaj,,EDITION-LOCK,PENDING,pp.90–92 vs Muhammad Baqir al-Khurasan pp.119–127 / ~129 — LOCK ONE (O-10),NO,thaqalayn blocked,AUTHOR DECISION REQUIRED — lock one edition/page before any CONFIRMED/print upgrade; no invented pages,,NO,"“আল-ইহতিজাজ,” বুরুল্লাহ বলল। “খুতবাটা এর ভেতরে। বাংলাটা এক বুজুর্গের হাতের অনুবাদ, আব্বু বহু বছর আগে কপি করিয়ে রেখেছিলেন।” সে বইটা রাকিকার দিকে বাড়িয়ে দিল। “তুমি পড়বে বলেছিলে।”"
B1-C00381,5034,,SHIA,SHIA_NARRATION,al-Ihtijaj,,EDITION-LOCK,PENDING,pp.90–92 vs Muhammad Baqir al-Khurasan pp.119–127 / ~129 — LOCK ONE (O-10),NO,thaqalayn blocked,AUTHOR DECISION REQUIRED — lock one edition/page before any CONFIRMED/print upgrade; no invented pages,,NO,"বুরুল্লাহ এ কথা বলল সেই গলায়, যে গলায় মানুষ বলে, বৃষ্টি হচ্ছে, ছাতা নিয়ে যাস। ভুরু একটুও ওঠেনি। কবজি-ধরা হাতটাও কাঁপেনি। সে আল-ইহতিজাজটা আলতো করে বন্ধ করল, সাদা সুতো আবার জড়াল, তারপর বইটা রাকিকার ডান হাতের ঠিক পাশে চৌকির ওপর রাখল, হাত বাড়ালেই যেখানে আঙুল লাগবে।"
B1-C00393,5194,,SHIA,SHIA_NARRATION,al-Ihtijaj,,EDITION-LOCK,PENDING,pp.90–92 vs Muhammad Baqir al-Khurasan pp.119–127 / ~129 — LOCK ONE (O-10),NO,thaqalayn blocked,AUTHOR DECISION REQUIRED — lock one edition/page before any CONFIRMED/print upgrade; no invented pages,,NO,"রাকিকা চৌকি থেকে নামল। চাচির হাত ধরল কিছুক্ষণ। তারপর আল-ইহতিজাজটা বুকের কাছে তুলে নিল, সাদা সুতোর গিঁটের ওপর আঙুল রাখল। এবার আঙুল কাঁপল না।"
B1-C00399,5215,REF-119,SHIA,SHIA_NARRATION,Bihar_al-Anwar,Bihar_al-Anwar:43|Bihar_al-Anwar:43,EDITION-LOCK,PENDING,Dar Ihya al-Turath vs other — Bihar 29 p.128 vs p.176 OPEN (O-10),NO,thaqalayn blocked,AUTHOR DECISION REQUIRED — lock one edition/page before any CONFIRMED/print upgrade; no invented pages,,NO,•  ক্রন্দনের ঘর (বাইতুল আহযান) — বিহারুল আনওয়ার খণ্ড ৪৩ (শোক-অধ্যায়) — PAGE-CHECK।
B1-C00418,5281,,SHIA,SHIA_NARRATION,al-Kafi,,EDITION-LOCK,PENDING,ط. الإسلامية / علي أكبر الغفاري family — LOCK ONE print; PAGE-CHECK until sealed,NO,thaqalayn blocked,AUTHOR DECISION REQUIRED — lock one edition/page before any CONFIRMED/print upgrade; no invented pages,,NO,"“যে ব্যক্তি আল্লাহ এবং তাঁর রাসূল সম্পর্কে সন্দেহ পোষণ করে, সে কাফির।”"
B1-C00419,5284,,SHIA,SHIA_NARRATION,al-Kafi,,EDITION-LOCK,PENDING,ط. الإسلامية / علي أكبر الغفاري family — LOCK ONE print; PAGE-CHECK until sealed,NO,thaqalayn blocked,AUTHOR DECISION REQUIRED — lock one edition/page before any CONFIRMED/print upgrade; no invented pages,,NO,"তিনি (আলাইহিস্ সালাম) বললেন, “সে কাফির।”"
B1-C00421,5289,,SHIA,SHIA_NARRATION,al-Kafi,,EDITION-LOCK,PENDING,ط. الإسلامية / علي أكبر الغفاري family — LOCK ONE print; PAGE-CHECK until sealed,NO,thaqalayn blocked,AUTHOR DECISION REQUIRED — lock one edition/page before any CONFIRMED/print upgrade; no invented pages,,NO,"তিনি (আলাইহিস্ সালাম) বললেন, “সে কাফির, হে আবু মুহাম্মাদ!”"
B1-C00422,5291,,SHIA,SHIA_NARRATION,al-Kafi,,EDITION-LOCK,PENDING,ط. الإسلامية / علي أكبر الغفاري family — LOCK ONE print; PAGE-CHECK until sealed,NO,thaqalayn blocked,AUTHOR DECISION REQUIRED — lock one edition/page before any CONFIRMED/print upgrade; no invented pages,,NO,"তিনি (আলাইহিস্ সালাম) বললেন, “সে-ও কাফির!”"
B1-C00423,5292,,SHIA,SHIA_NARRATION,al-Kafi,,EDITION-LOCK,PENDING,ط. الإسلامية / علي أكبر الغفاري family — LOCK ONE print; PAGE-CHECK until sealed,NO,thaqalayn blocked,AUTHOR DECISION REQUIRED — lock one edition/page before any CONFIRMED/print upgrade; no invented pages,,NO,"তারপর তিনি (আলাইহিস্ সালাম) যুরারার দিকে ফিরে বললেন, “কিন্তু সে তখনই কাফির হয়, যখন সে সত্যকে প্রত্যাখ্যান করে।”"
B1-C00425,5294,,SHIA,SHIA_NARRATION,al-Kafi,,EDITION-LOCK,PENDING,ط. الإسلامية / علي أكبر الغفاري family — LOCK ONE print; PAGE-CHECK until sealed,NO,thaqalayn blocked,AUTHOR DECISION REQUIRED — lock one edition/page before any CONFIRMED/print upgrade; no invented pages,,NO,"রাকিকা এখানে চোখ তুলল। রাহাতের মুখ শক্ত হয়ে গেছে। “কাফির?” সে বলল, প্রায় ফিসফিস করে। “এত বড় কথা?”"
B1-C00426,5296,,SHIA,SHIA_NARRATION,al-Kafi,,EDITION-LOCK,PENDING,ط. الإسلامية / علي أكبر الغفاري family — LOCK ONE print; PAGE-CHECK until sealed,NO,thaqalayn blocked,AUTHOR DECISION REQUIRED — lock one edition/page before any CONFIRMED/print upgrade; no invented pages,,NO,"রাকিকা আঙুল দিয়ে খুঁজল। পড়ল ধীরে: “কিন্তু সে তখনই কাফির হয়, যখন সে সত্যকে প্রত্যাখ্যান করে।”"
B1-C00437,5346,REF-124,SHIA|SUNNI,MIXED_CITATION,Sahih_Muslim|al-Kafi,Sahih_Muslim:2|Sahih_Muslim:2|al-Kafi:2|al-Kafi:2,EDITION-LOCK,PENDING,Sahih_Muslim — edition not locked; PAGE-CHECK | ط. الإسلامية / علي أكبر الغفاري family — LOCK ONE print; PAGE-CHECK until sealed,NO,thaqalayn blocked,AUTHOR DECISION REQUIRED — lock one edition/page before any CONFIRMED/print upgrade; no invented pages,,NO,"•  সন্দেহ ও কুফরের হাদীস (মানসুর ইবনে হাযিম; মুহাম্মাদ ইবনে মুসলিম, যুরারা, আবু বাসির) — আল-কাফি খণ্ড ২, বাবুশ শাক্ক — PAGE-CHECK।"
B1-C00468,5545,,SUNNI,FADAK,Mustadrak_al-Hakim,,EDITION-LOCK,PENDING,Sunni outside six — dorar blocked; EDITION-LOCK PENDING,NO,dorar/external blocked,AUTHOR DECISION REQUIRED — lock one edition/page before any CONFIRMED/print upgrade; no invented pages,,NO,রাকিকা: এত বড় ঘটনাটি প্রথম জন আর দ্বিতীয় জন ঘটাল কেন? কেন ফাদাক এত গুরুত্বপূর্ণ হয়ে উঠল? ফাদাককে পাওয়ার জন্য মা সাইয়্যিদা ফাতিমাতুয্ যাহরা (আলাইহাস্ সালাম)-এর বিরুদ্ধে হাকিমরা কেন এতবড় ষড়যন্ত্র করল?
B1-C00476,5596,,SHIA,SHIA_NARRATION,al-Kafi,,EDITION-LOCK,PENDING,ط. الإسلامية / علي أكبر الغفاري family — LOCK ONE print; PAGE-CHECK until sealed,NO,thaqalayn blocked,AUTHOR DECISION REQUIRED — lock one edition/page before any CONFIRMED/print upgrade; no invented pages,,NO,"হে রাসূল! তোমার প্রতিপালকের পক্ষ থেকে যা তোমার প্রতি অবতীর্ণ হয়েছে, তা প্রচার করো। যদি তুমি তা না করো, তবে তুমি তাঁর বার্তা পৌঁছালে না। আল্লাহ তোমাকে মানুষদের (ষড়যন্ত্র) থেকে রক্ষা করবেন। নিশ্চয়ই আল্লাহ কাফিরদের সুপথে পরিচালিত করেন না।"
B1-C00555,6455,REF-156,SUNNI,SUNNI_NARRATION,Mustadrak_al-Hakim,Mustadrak_al-Hakim:318|Mustadrak_al-Hakim:319|Mustadrak_al-Hakim:318|Mustadrak_al-Hakim:319,EDITION-LOCK,PENDING,Sunni outside six — dorar blocked; EDITION-LOCK PENDING,NO,dorar/external blocked,AUTHOR DECISION REQUIRED — lock one edition/page before any CONFIRMED/print upgrade; no invented pages,,NO,"•  «কিতাবুল্লাহ ও সুন্নাতি» — মুয়াত্তা মালিক (বালাগ), হাকিম, মুস্তাদরাক ৩১৮/৩১৯ — PAGE-CHECK (STYLE §৪ ফাঁদ-তালিকা)।"
B1-C00564,6559,REF-160,SUNNI,SUNNI_NARRATION,Mustadrak_al-Hakim,,EDITION-LOCK,PENDING,Sunni outside six — dorar blocked; EDITION-LOCK PENDING,NO,dorar/external blocked,AUTHOR DECISION REQUIRED — lock one edition/page before any CONFIRMED/print upgrade; no invented pages,,NO,•  মিসওয়ারের বর্ণনা («ফাতেমা আমার ফলবান বৃক্ষের শাখা…») — PAGE-CHECK (মুস্তাদরাক হাকিম/মুসনাদে আহমাদে মেলানো বাকি)।
B1-C00577,6649,REF-166,SHIA,SHIA_NARRATION,Bihar_al-Anwar,Bihar_al-Anwar:2|Bihar_al-Anwar:2,EDITION-LOCK,PENDING,Dar Ihya al-Turath vs other — Bihar 29 p.128 vs p.176 OPEN (O-10),NO,thaqalayn blocked,AUTHOR DECISION REQUIRED — lock one edition/page before any CONFIRMED/print upgrade; no invented pages,,NO,•  এক মহিলার প্রশ্ন ও মুক্তার প্রতিদান — ইমাম হাসান আসকারি (আলাইহিস্ সালাম)-এর তাফসির (বিহারুল আনওয়ার ২-এ উদ্ধৃত) — PAGE-CHECK।
B1-C00578,6695,,SHIA,SHIA_NARRATION,al-Kafi,,EDITION-LOCK,PENDING,ط. الإسلامية / علي أكبر الغفاري family — LOCK ONE print; PAGE-CHECK until sealed,NO,thaqalayn blocked,AUTHOR DECISION REQUIRED — lock one edition/page before any CONFIRMED/print upgrade; no invented pages,,NO,"“এই প্রশ্নটা ইমাম জাফর সাদিক (আলাইহিস্ সালাম)-কেও লোকে করেছিল,” চাচা বললেন। কিতাবের আরেক জায়গা খুললেন, উসূলে কাফির একটি খণ্ড, পাতায় পাতায় কাগজের চিরকুট গোঁজা। পড়লেন:"
B1-C00607,7047,REF-183,SHIA,SHIA_NARRATION,Nahj_al-Balagha,Nahj_al-Balagha:455|Nahj_al-Balagha:4|Nahj_al-Balagha:455|Nahj_al-Balagha:4,EDITION-LOCK,PENDING,Sharh Ibn Abi al-Hadid Dar Ihya (Abu al-Fadl Ibrahim) candidate — PAGE-CHECK,NO,thaqalayn blocked,AUTHOR DECISION REQUIRED — lock one edition/page before any CONFIRMED/print upgrade; no invented pages,,NO,"•  «ঈমান হলো লাভের মিথ্যার ওপর ক্ষতির সত্যকে প্রাধান্য দেওয়া» — নাহজুল বালাগা, হিকমত ৪৫৫ (খাতার উল্লেখ; সংস্করণভেদে ৪৫৮) — PAGE-CHECK।"
B1-C00630,7424,REF-194,SHIA,SHIA_NARRATION,Nahj_al-Balagha,Nahj_al-Balagha:179|Nahj_al-Balagha:179,EDITION-LOCK,PENDING,Sharh Ibn Abi al-Hadid Dar Ihya (Abu al-Fadl Ibrahim) candidate — PAGE-CHECK,NO,thaqalayn blocked,AUTHOR DECISION REQUIRED — lock one edition/page before any CONFIRMED/print upgrade; no invented pages,,NO,"•  «আমি এমন আল্লাহর ইবাদত করি না যাঁকে দেখি না» — নাহজুল বালাগা, খুতবা ১৭৯ (জি'লিব আল-ইয়ামানির প্রশ্ন) — PAGE-CHECK (অধ্যায় ৯-এ বিস্তারিত)।"
B1-C00632,7433,,SHIA,SHIA_NARRATION,Nahj_al-Balagha,,EDITION-LOCK,PENDING,Sharh Ibn Abi al-Hadid Dar Ihya (Abu al-Fadl Ibrahim) candidate — PAGE-CHECK,NO,thaqalayn blocked,AUTHOR DECISION REQUIRED — lock one edition/page before any CONFIRMED/print upgrade; no invented pages,,NO,"তিনি জায়নামাজটা তাকে রাখলেন, আর তাক থেকে নামালেন একটি পুরোনো বাংলা নাহজুল বালাগা, মলাটে সোনালি অক্ষর মুছে গেছে। রাহাতের পাশে বসে খুললেন। অধ্যায়ের শুরুতে অনুবাদকের কয়েকটি লাইন; চাচা সেখান থেকেই পড়তে শুরু করলেন, আঙুল লাইনের নিচে রেখে:"
B1-C00633,7496,REF-195,SHIA,SHIA_NARRATION,Nahj_al-Balagha,Nahj_al-Balagha:179|Nahj_al-Balagha:179,EDITION-LOCK,PENDING,Sharh Ibn Abi al-Hadid Dar Ihya (Abu al-Fadl Ibrahim) candidate — PAGE-CHECK,NO,thaqalayn blocked,AUTHOR DECISION REQUIRED — lock one edition/page before any CONFIRMED/print upgrade; no invented pages,,NO,"•  «যাঁকে দেখিনি, তাঁর ইবাদত করি না… চোখ নয়, অন্তর ঈমানের বাস্তবতায় তাঁকে দেখে» — নাহজুল বালাগা, খুতবা ১৭৯ (যি’লিব আল-ইয়ামানির প্রশ্ন) — PAGE-CHECK (সংস্করণভেদে নম্বর)।"
B1-C00635,7498,REF-197,SHIA,SHIA_NARRATION,al-Kafi,,EDITION-LOCK,PENDING,ط. الإسلامية / علي أكبر الغفاري family — LOCK ONE print; PAGE-CHECK until sealed,NO,thaqalayn blocked,AUTHOR DECISION REQUIRED — lock one edition/page before any CONFIRMED/print upgrade; no invented pages,,NO,"•  ইহুদি আলেমের প্রশ্ন «আল্লাহ কখন থেকে আছেন?» — বর্ণিত আছে (আল-কাফি, কিতাবুত তাওহিদ?) — PAGE-CHECK।"
B1-C00638,7555,REF-199,SHIA,SHIA_NARRATION,Bihar_al-Anwar,Bihar_al-Anwar:5,EDITION-LOCK,PENDING,Dar Ihya al-Turath vs other — Bihar 29 p.128 vs p.176 OPEN (O-10),NO,thaqalayn blocked,AUTHOR DECISION REQUIRED — lock one edition/page before any CONFIRMED/print upgrade; no invented pages,,NO,"•  কুরাইশদের ভুলের কারণ «একই নূর» — বিহারুল আনওয়ার, ৫ম খণ্ড (খাতার উল্লেখ) — PAGE-CHECK।"
B1-C00645,7660,REF-204,SHIA,SHIA_NARRATION,Tafsir_al-Qummi,,EDITION-LOCK,PENDING,Printed edition not locked — PAGE-CHECK,NO,thaqalayn blocked,AUTHOR DECISION REQUIRED — lock one edition/page before any CONFIRMED/print upgrade; no invented pages,,NO,"•  ইউনুস ইবনে যিবইয়ানের রেওয়ায়েত (আল্লাহর ‘চেহারা’ ও ‘হাত’; বারো ইমাম; «প্রতিটি সময়ের জন্য একটি হাদিস») — শাইখ সাদুক, কামালুদ্দীন ওয়া তামামুন নি'মা; খাযযায কুম্মী, কিফায়াতুল আসার (খাতার উল্লেখ) — PAGE-CHECK (নকশার নির্দেশ: যাচাই)।"
B1-C00660,7884,,SHIA,SHIA_NARRATION,Nahj_al-Balagha,,EDITION-LOCK,PENDING,Sharh Ibn Abi al-Hadid Dar Ihya (Abu al-Fadl Ibrahim) candidate — PAGE-CHECK,NO,thaqalayn blocked,AUTHOR DECISION REQUIRED — lock one edition/page before any CONFIRMED/print upgrade; no invented pages,,NO,"বুরুল্লাহর ঠোঁটের কোণ উঠে গেল। “নিচে আব্বুর তাকে নাহজুল বালাগা আছে। সবুজ মলাট, তিন নম্বর তাকে। নিয়ে এসো। খুতবা খুঁজে বের করো, আমি দেখিয়ে দেব।”"
B1-C00661,7940,,SHIA,SHIA_NARRATION,Nahj_al-Balagha,,EDITION-LOCK,PENDING,Sharh Ibn Abi al-Hadid Dar Ihya (Abu al-Fadl Ibrahim) candidate — PAGE-CHECK,NO,thaqalayn blocked,AUTHOR DECISION REQUIRED — lock one edition/page before any CONFIRMED/print upgrade; no invented pages,,NO,তাকাভি নাহজুল বালাগাটা বন্ধ করে বুকে চেপে রাখল। “সেই আলো আমাদের হৃদয়ে প্রবেশ করুক। আজ রাত যেন তার শুরু হোক।”
B1-C00665,7960,REF-213,SHIA,SHIA_NARRATION,Nahj_al-Balagha,Nahj_al-Balagha:50|Nahj_al-Balagha:50,EDITION-LOCK,PENDING,Sharh Ibn Abi al-Hadid Dar Ihya (Abu al-Fadl Ibrahim) candidate — PAGE-CHECK,NO,thaqalayn blocked,AUTHOR DECISION REQUIRED — lock one edition/page before any CONFIRMED/print upgrade; no invented pages,,NO,"•  «ফিতনা শুরু হয় খেয়াল-খুশির অনুসরণ ও নতুন বিধান উদ্ভাবনে… মিশ্রিত সত্য-মিথ্যায় শয়তান বেঁধে ফেলে» — আমিরুল মুমিনিন (আলাইহিস্ সালাম)-এর বাণী, নাহজুল বালাগা খুতবা ৫০-এর ভাব; PAGE-CHECK।"
B1-C00666,7961,REF-214,SHIA,SHIA_NARRATION,Nahj_al-Balagha,Nahj_al-Balagha:93|Nahj_al-Balagha:93,EDITION-LOCK,PENDING,Sharh Ibn Abi al-Hadid Dar Ihya (Abu al-Fadl Ibrahim) candidate — PAGE-CHECK,NO,thaqalayn blocked,AUTHOR DECISION REQUIRED — lock one edition/page before any CONFIRMED/print upgrade; no invented pages,,NO,"•  নাহরাওয়ানের পর «আমি ফিতনার চোখ অন্ধ করেছি… আহলুল বাইতের দিকে তাকিয়ে থাকো… তাদের আগে এগিয়ো না» — নাহজুল বালাগা খুতবা ৯৩-এর অংশবিশেষের ভাব; খাতার বর্ণনা নাটকীয় পুনর্কথন, PAGE-CHECK (খুতবা নম্বর সংস্করণভেদে ভিন্ন)।"
B1-C00670,8039,,SHIA,SHIA_NARRATION,al-Kafi,,EDITION-LOCK,PENDING,ط. الإسلامية / علي أكبر الغفاري family — LOCK ONE print; PAGE-CHECK until sealed,NO,thaqalayn blocked,AUTHOR DECISION REQUIRED — lock one edition/page before any CONFIRMED/print upgrade; no invented pages,,NO,"“আল-কাফিতে একটা হাদীস আছে, আমার খুব প্রিয়।” সে পর্দা থেকে পড়ল, “ইমাম জাফর আস-সাদিক (আলাইহিস্ সালাম) বর্ণনা করেছেন, রাসূলুল্লাহ ﷺ বলেছেন: আমার পরে ঈমানকে নষ্ট করার জন্য যত বিদআত আসবে, প্রত্যেকটার সামনে আমার আহলুল বাইত থেকে একজন অভিভাবক থাকবেন, যিনি ঈমানকে রক্ষা করবেন।”"
B1-C00671,8081,,SHIA,SHIA_NARRATION,al-Kafi,,EDITION-LOCK,PENDING,ط. الإسلامية / علي أكبر الغفاري family — LOCK ONE print; PAGE-CHECK until sealed,NO,thaqalayn blocked,AUTHOR DECISION REQUIRED — lock one edition/page before any CONFIRMED/print upgrade; no invented pages,,NO,"“সাদিক ভাই, এই হাদীসগুলোর কিতাব খুঁজে দেবেন? উসুলে কাফির বাংলা কোথাও পাওয়া যায়?”"
B1-C00674,8092,REF-218,SHIA,SHIA_NARRATION,al-Kafi,al-Kafi:2|al-Kafi:2,EDITION-LOCK,PENDING,ط. الإسلامية / علي أكبر الغفاري family — LOCK ONE print; PAGE-CHECK until sealed,NO,thaqalayn blocked,AUTHOR DECISION REQUIRED — lock one edition/page before any CONFIRMED/print upgrade; no invented pages,,NO,•  «বান্দার কাফের হওয়ার ন্যূনতম কারণ» — বর্ণিত আছে; PAGE-CHECK (আল-কাফি খণ্ড ২-এ খুঁজতে হবে)।
B1-C00675,8093,REF-219,SHIA,SHIA_NARRATION,al-Kafi,,EDITION-LOCK,PENDING,ط. الإسلامية / علي أكبر الغفاري family — LOCK ONE print; PAGE-CHECK until sealed,NO,thaqalayn blocked,AUTHOR DECISION REQUIRED — lock one edition/page before any CONFIRMED/print upgrade; no invented pages,,NO,"•  শিকল-পরা লোকের ঘটনা — বর্ণিত আছে; আল-কাফিতে পাওয়া যায়নি (লগ B3), উৎস PAGE-CHECK।"
B1-C00679,8113,,SHIA,SHIA_NARRATION,al-Kafi,,EDITION-LOCK,PENDING,ط. الإسلامية / علي أكبر الغفاري family — LOCK ONE print; PAGE-CHECK until sealed,NO,thaqalayn blocked,AUTHOR DECISION REQUIRED — lock one edition/page before any CONFIRMED/print upgrade; no invented pages,,NO,“উসুলে কাফির বাংলা আছে?” আমি জানতে চাইলাম।
B1-C00680,8131,,SHIA,SHIA_NARRATION,al-Kafi,,EDITION-LOCK,PENDING,ط. الإسلامية / علي أكبر الغفاري family — LOCK ONE print; PAGE-CHECK until sealed,NO,thaqalayn blocked,AUTHOR DECISION REQUIRED — lock one edition/page before any CONFIRMED/print upgrade; no invented pages,,NO,"“কাফির বাংলা পেলেন?” সে জানতে চাইল, জামার হাতায় কপাল মুছতে মুছতে।"
B1-C00691,8237,,SUNNI,SUNNI_NARRATION,Mustadrak_al-Hakim,,EDITION-LOCK,PENDING,Sunni outside six — dorar blocked; EDITION-LOCK PENDING,NO,dorar/external blocked,AUTHOR DECISION REQUIRED — lock one edition/page before any CONFIRMED/print upgrade; no invented pages,,NO,হাকিম
B1-C00692,8238,,SUNNI,SUNNI_NARRATION,Mustadrak_al-Hakim,,EDITION-LOCK,PENDING,Sunni outside six — dorar blocked; EDITION-LOCK PENDING,NO,dorar/external blocked,AUTHOR DECISION REQUIRED — lock one edition/page before any CONFIRMED/print upgrade; no invented pages,,NO,"তার নাম হাকিম। তার কণ্ঠ ঝরতো সুরের মত, তরুণ হৃদয়ের খঞ্জনে ডাকের মতো— কুরআনের তিলাওয়াতে মোহিত করত সকলকে। সে তাফসীর করত এমন ভঙ্গিতে, যেন কুরআনের রহস্য শুধু তার কাছেই উন্মোচিত, আর গোটা উম্মাহ বুঝেই না কুরআনের ভাষা। তার চোখে জ্বলত আত্মবিশ্বাসের শিখা, কিন্তু সেই আলো ছায়া ফেলে রাখত হৃদয়ের গভীরে— সেখানে ছিল আত্মগর্ভের অন্ধকার। সে বলত: “ইজতিহাদ? সেটাও আমার হক! তাফসীর? আমি নিজেই করব! উসুল? আমার অন্তর্জ"
B1-C00693,8240,,SUNNI,SUNNI_NARRATION,Mustadrak_al-Hakim,,EDITION-LOCK,PENDING,Sunni outside six — dorar blocked; EDITION-LOCK PENDING,NO,dorar/external blocked,AUTHOR DECISION REQUIRED — lock one edition/page before any CONFIRMED/print upgrade; no invented pages,,NO,"“না,” বুরুল্লাহ বলল। “বুড়ো শুধু উপদেশ দেন। হাকিম নিজে নিয়ম বানাত। শোন।”"
B1-C00694,8243,,SUNNI,SUNNI_NARRATION,Mustadrak_al-Hakim,,EDITION-LOCK,PENDING,Sunni outside six — dorar blocked; EDITION-LOCK PENDING,NO,dorar/external blocked,AUTHOR DECISION REQUIRED — lock one edition/page before any CONFIRMED/print upgrade; no invented pages,,NO,"তার বক্তব্যে ছিল আবেগ, তালমিল আর দর্শকের উল্লাস— তবে তার হৃদয়ে ছিল না নাবুয়্যাতের উত্তরাধিকারীদের দৃষ্টি, ছিল না ওহির ধ্বনি। অথচ-- সে সেজদাহ করেনি আহলুল বাইতের দরজায়, সে অশ্রু ফেলেনি মা সাইয়্যিদা ফাতিমাতুয্ যাহরা (আলাইহাস্ সালাম)'র নিভে যাওয়া প্রদীপের জন্য। সে শোনেনি হাসানের বিষ বা হুসাইনের (আলাইহিস্ সালাম) রক্তের কাহিনী হৃদয়ের ভাষায়। তার জ্ঞান ছিল—তথ্যের বিশাল ভাণ্ডার, কিন্তু হিকমা ছিল না—"
B1-C00695,8252,,SUNNI,SUNNI_NARRATION,Mustadrak_al-Hakim,,EDITION-LOCK,PENDING,Sunni outside six — dorar blocked; EDITION-LOCK PENDING,NO,dorar/external blocked,AUTHOR DECISION REQUIRED — lock one edition/page before any CONFIRMED/print upgrade; no invented pages,,NO,"রাত গভীর, কিন্তু মসজিদের মিম্বারে হাকিমের কণ্ঠ যেন অন্ধকারকে আরও কালো করে তোলে। ""আজ সকালে, এক নারী বাসে নেকাব ছাড়া আমার পাশে বসেছে! এটাই উম্মাহর ধ্বংসের আলামত। আমি ঘোষণা করছি— এই পরিবার সমাজচ্যুত, একঘরে হোক। এটাই ‘আমর বিল মারুফ ও নহি আনিল মুনকার’!”"
B1-C00696,8253,,SUNNI,SUNNI_NARRATION,Mustadrak_al-Hakim,,EDITION-LOCK,PENDING,Sunni outside six — dorar blocked; EDITION-LOCK PENDING,NO,dorar/external blocked,AUTHOR DECISION REQUIRED — lock one edition/page before any CONFIRMED/print upgrade; no invented pages,,NO,"জনতা উত্তপ্ত— ধর্মের নামে জ্বলছে অন্ধ উন্মাদনা। সেই রাতেই ঘটে সর্বনাশ। উগ্র হাকিমের অনুসারীরা ঢুকে পড়ে সেই নারীর ঘরে, শিশু সন্তানকে ছুঁড়ে ফেলে দেয় মেঝেতে, সিঁড়ি থেকে ধাক্কা দেয় মাকে— কোমর ভেঙে যায়, চলার শক্তি হারান তিনি— চিরতরে।"
B1-C00697,8259,,SHIA,SHIA_NARRATION,al-Kafi,,EDITION-LOCK,PENDING,ط. الإسلامية / علي أكبر الغفاري family — LOCK ONE print; PAGE-CHECK until sealed,NO,thaqalayn blocked,AUTHOR DECISION REQUIRED — lock one edition/page before any CONFIRMED/print upgrade; no invented pages,,NO,"হারুন তাকে নিয়ে গেলেন এক জিকিরভরা সন্ধ্যায়— হযরত যায়নাব (আলাইহাস্ সালাম)-এর মাহফিলে, যেখানে বাতাসেও ছিল কান্না, তসবিহ, আর মিম্বারে দাঁড়িয়ে এক তরুণ পাঠ করছিল জ্ঞানের দীপ্তি। সে বলছিল— ""আমিরুল মু’মিনিন (আলাইহিস্ সালাম) এর সেই বাণী শুনুন, যা আল-কাফি-র হাদিসে যেন বজ্রের মতো প্রতিধ্বনিত হয়— আল্লাহর কাছে সবচেয়ে ঘৃণিত দুই ধরণের মানুষ রয়েছে। প্রথমজন— যে নিজের মতামতের উপর ভর করে পথভ্রষ্ট হয়, নামাজ"
B1-C00698,8261,,SUNNI,SUNNI_NARRATION,Mustadrak_al-Hakim,,EDITION-LOCK,PENDING,Sunni outside six — dorar blocked; EDITION-LOCK PENDING,NO,dorar/external blocked,AUTHOR DECISION REQUIRED — lock one edition/page before any CONFIRMED/print upgrade; no invented pages,,NO,"হারুন নিঃশব্দে বললেন— “এই হাকিম, আজ মিম্বারে দাঁড়িয়ে নিজের মতামতের খঞ্জর দিয়ে মানুষকে পঙ্গু করেছে— সে যেন এই হাদিসেরই জীবন্ত প্রতিচ্ছবি।”"
B1-C00699,8264,,SHIA|SUNNI,MIXED_CITATION,Mustadrak_al-Hakim|al-Kafi,,EDITION-LOCK,PENDING,Sunni outside six — dorar blocked; EDITION-LOCK PENDING | ط. الإسلامية / علي أكبر الغفاري family — LOCK ONE print; PAGE-CHECK until sealed,NO,thaqalayn blocked,AUTHOR DECISION REQUIRED — lock one edition/page before any CONFIRMED/print upgrade; no invented pages,,NO,"হাকিমের ঘটনাটি যেন আগুনে ঘি ঢেলে দিল— সারা সমাজে আলোড়ন, তর্ক, কান্না আর জাগরণ। এবার হারুন চুপ থাকেন না। তিনি উঠে দাঁড়ান মসজিদের মিম্বারে, যেখানে একসময় দাঁড়িয়েছিল সেই জাহেল ফতোয়াবাজ। হারুন বলেন— ""যখন জাহেল ব্যক্তি আলেমের আসনে বসে, আর প্রকৃত আলেমেরা নীরব থাকে— তখন উম্মাহর ধ্বংস শুধু সময়ের অপেক্ষা হয়ে যায়।” তার কণ্ঠে ছিল কান্না, শব্দে ছিল বিদ্যুৎ। তিনি পেশ করেন আল-কাফি ও আহলুল বাইতের নির্দেশ"
B1-C00700,8286,,SUNNI,SUNNI_NARRATION,Mustadrak_al-Hakim,,EDITION-LOCK,PENDING,Sunni outside six — dorar blocked; EDITION-LOCK PENDING,NO,dorar/external blocked,AUTHOR DECISION REQUIRED — lock one edition/page before any CONFIRMED/print upgrade; no invented pages,,NO,"«সাদিক ভাই, আমার ফজরের ভিডিওটাতে আজ পর্যন্ত সাতাশটা লাইক। আজ রাতে গুনলাম। হাকিমের দলীলের কথা শোনার পর থেকে গুনতে ইচ্ছা করছিল না, তবু গুনলাম।»"
B1-C00712,8402,,SHIA,SHIA_NARRATION,al-Kafi,,EDITION-LOCK,PENDING,ط. الإسلامية / علي أكبر الغفاري family — LOCK ONE print; PAGE-CHECK until sealed,NO,thaqalayn blocked,AUTHOR DECISION REQUIRED — lock one edition/page before any CONFIRMED/print upgrade; no invented pages,,NO,"মুসা (আলাইহিস্ সালাম) যেমন ফিরআউনের বিরুদ্ধে বিজয় লাভ করেন, রাসূলও তেমনি কুরাইশ কাফির ও অন্য শত্রুদের বিরুদ্ধে বিজয় লাভ করেন; মুসা (আলাইহিস্ সালাম)’র স্ত্রী সাফুরা তাঁর প্রতিনিধি ইউশা বিন নূন’র বিরুদ্ধে লড়াই করেছিল, তেমনি রাসূলুল্লাহ ﷺ’র স্ত্রী হযরত আয়িশা বিনতে আবু বকর হযরত আলীর বিরুদ্ধে যুদ্ধ করেছিলেন। তাঁর যেমন বারোজন অসি বা নাকীব ছিলেন যাঁরা তাওরাত অনুসারে হেদায়াত করতেন, তেমনি রাসূলুল্লাহ "
B1-C00718,8437,REF-238,SHIA,SHIA_NARRATION,al-Kafi,al-Kafi:1|al-Kafi:1,EDITION-LOCK,PENDING,ط. الإسلامية / علي أكبر الغفاري family — LOCK ONE print; PAGE-CHECK until sealed,NO,thaqalayn blocked,AUTHOR DECISION REQUIRED — lock one edition/page before any CONFIRMED/print upgrade; no invented pages,,NO,"•  আদম (আলাইহিস্ সালাম)-এর খিলাফত = ইলম ও হেদায়াতের প্রতিনিধিত্ব — তাফসিরে কুম্মি ও নূরুস সাকালাইন (খাতামতো); হারুনের স্থলাভিষিক্তি আধ্যাত্মিক — আল-কাফি খণ্ড ১, কিতাবুল হুজ্জাহ (খাতামতো); দুটোই PAGE-CHECK।"
B1-C00724,8574,,SHIA,SHIA_NARRATION,Ilal_al-Sharai,,EDITION-LOCK,PENDING,Printed edition not locked — PAGE-CHECK,NO,thaqalayn blocked,AUTHOR DECISION REQUIRED — lock one edition/page before any CONFIRMED/print upgrade; no invented pages,,NO,"সেখানে কিবলা কেবল কোন দিকে মুখ করলাম তা মুখ্য নয়— বরং হৃদয়ের অভিমুখ, যেখানে নিয়ত স্থির হয় একমাত্র আল্লাহর দিকে, কোরবাতুনিন ইলাল্লাহ। রুকু হয় না শুধু পিঠ বাঁকানোর অনুশীলন, বরং নফসের অহংকার ভাঙার জন্য, যেখানে মানুষ নিজের শ্রেষ্ঠত্ব বিসর্জন দিয়ে স্বীকার করে— সে কেবল একজন বান্দা। সেজদা হয় না কেবল কপাল মাটিতে ঠেকানোর রেওয়াজ, বরং নিজেকে ধূলায় মিশিয়ে শূন্য করে ফেলার অভ্যাস, একটি আধ্যাত্মিক কৌশল"
B1-C00726,8602,,SHIA,SHIA_NARRATION,al-Kafi,,EDITION-LOCK,PENDING,ط. الإسلامية / علي أكبر الغفاري family — LOCK ONE print; PAGE-CHECK until sealed,NO,thaqalayn blocked,AUTHOR DECISION REQUIRED — lock one edition/page before any CONFIRMED/print upgrade; no invented pages,,NO,"আমি খাতার পেছনের দিকের একটি পাতা খুললাম। আল-কাফির লম্বা ঘটনাটা বহুদিন আগে সেখানে নিজের হাতে সংক্ষেপে টুকে রেখেছিলাম। বাল্বের দিকে পাতা কাত করে পড়লাম, “সিরিয়ার দিক থেকে এক বৃদ্ধ খ্রিস্টান আলেম মদিনায় এলেন ইমাম মুসা আল-কাযিম (আলাইহিস্ সালাম)-এর কাছে। বসার অনুমতি চাইলেন। তারপর জিজ্ঞেস করলেন, মুহাম্মাদের ওপর নাযিল হওয়া এই আয়াতগুলোর ভেতরের অর্থ কী? হা-মীম, সুস্পষ্ট কিতাব, বরকতময় রাত। ইমাম বললেন: "
B1-C00731,8647,REF-243,SHIA,SHIA_NARRATION,al-Kafi,al-Kafi:1|al-Kafi:1|HADITH:4,EDITION-LOCK,PENDING,ط. الإسلامية / علي أكبر الغفاري family — LOCK ONE print; PAGE-CHECK until sealed,NO,thaqalayn blocked,AUTHOR DECISION REQUIRED — lock one edition/page before any CONFIRMED/print upgrade; no invented pages,,NO,"•  «হা-মীম = মুহাম্মাদ ﷺ, সুস্পষ্ট কিতাব = আলী, বরকতময় রাত = ফাতিমা (আলাইহাস্ সালাম)» — খ্রিস্টান আলেমের ঘটনা, আল-কাফি খণ্ড ১, কিতাবুল হুজ্জাহ, বাব: আবুল হাসান মুসা ইবনে জাফর (আলাইহিস্ সালাম)-এর জন্ম, হাদীস ৪ (আগের পাসের পাঠ); PAGE-CHECK।"
B1-C00738,8766,REF-247,SHIA,SHIA_NARRATION,Bihar_al-Anwar|Ilal_al-Sharai,Bihar_al-Anwar:15|Bihar_al-Anwar:15|Ilal_al-Sharai:15|Ilal_al-Sharai:15,EDITION-LOCK,PENDING,Dar Ihya al-Turath vs other — Bihar 29 p.128 vs p.176 OPEN (O-10) | Printed edition not locked — PAGE-CHECK,NO,thaqalayn blocked,AUTHOR DECISION REQUIRED — lock one edition/page before any CONFIRMED/print upgrade; no invented pages,,NO,"•  «আরশের ছাউনিতে তসবিহ… সিজদার উদ্দেশ্য আমাদের সম্মান» — শায়খ সাদুক, ইলালুশ শারায়ি; বিহারুল আনওয়ার খণ্ড ১৫ (খাতামতো); PAGE-CHECK।"
B1-C00742,8861,,SUNNI,SUNNI_NARRATION,Mustadrak_al-Hakim,,EDITION-LOCK,PENDING,Sunni outside six — dorar blocked; EDITION-LOCK PENDING,NO,dorar/external blocked,AUTHOR DECISION REQUIRED — lock one edition/page before any CONFIRMED/print upgrade; no invented pages,,NO,"হাকিম নিশাবুরীসহ সুন্নি মাযহাবের উল্লেখযোগ্য সংখ্যক আলেম নিজস্ব সনদে রাসূলুল্লাহ ﷺ হতে গুরুত্বপূর্ণ ও আশ্চর্যজনক বিভিন্ন রেওয়ায়েত বর্ণনা করেছেন যে, তিনি বলেন:"
B1-C00794,9422,REF-280,SUNNI,SUNNI_NARRATION,Mustadrak_al-Hakim,,EDITION-LOCK,PENDING,Sunni outside six — dorar blocked; EDITION-LOCK PENDING,NO,dorar/external blocked,AUTHOR DECISION REQUIRED — lock one edition/page before any CONFIRMED/print upgrade; no invented pages,,NO,"•  «আলী হকের সাথে, হক আলীর সাথে» — আল-হাকিম, আল-মুসতাদরাক (হাকিমের মতে সহীহ, যাহাবীর আপত্তি); PAGE-CHECK।"
B1-C00830,9797,REF-301,SHIA,SHIA_NARRATION,Bihar_al-Anwar,Bihar_al-Anwar:41|Bihar_al-Anwar:14|Bihar_al-Anwar:41|Bihar_al-Anwar:14,EDITION-LOCK,PENDING,Dar Ihya al-Turath vs other — Bihar 29 p.128 vs p.176 OPEN (O-10),NO,thaqalayn blocked,AUTHOR DECISION REQUIRED — lock one edition/page before any CONFIRMED/print upgrade; no invented pages,,NO,"•  আলী (আলাইহিস্ সালাম)-এর মুনাজাত «ইলাহি মা আবাদতুকা খাওফান…» — প্রচলিত বর্ণনা (ইবনে আবিল হাদীদ, শারহু নাহজিল বালাগা; আল্লামা মাজলিসী, বিহারুল আনওয়ার ৪১/১৪ হিসেবে উদ্ধৃত হয়); PAGE-CHECK।"
B1-C00882,10854,REF-327,SUNNI,SUNNI_NARRATION,al-Tabarani,al-Tabarani:1851|al-Tabarani:1851,EDITION-LOCK,PENDING,al-Muʿjam al-Kabir — edition/number PAGE-CHECK; dorar blocked,NO,dorar/external blocked,AUTHOR DECISION REQUIRED — lock one edition/page before any CONFIRMED/print upgrade; no invented pages,,NO,"•  মোহর ও ঋণের নিয়ত — মুসনাদে আহমাদ; তাবারানী, আল-মু‘জামুল আওসাত ১৮৫১ (খাতামতো); PAGE-CHECK।"
