Claim_ID,Para_Index,Ledger_Row_IDs,Tradition,Books_Named,Outside_Six_Books,Also_Six_Books,Harvest_Status,Live_Verify,Required_Action,Author_Decision,Text_Excerpt
B1-C00028,587,REF-011,SUNNI,Jami_al-Tirmidhi|Musnad_Ahmad|Mustadrak_al-Hakim,Musnad_Ahmad|Mustadrak_al-Hakim,Jami_al-Tirmidhi,CONFLICT,NO — dorar/sunnah external blocked for outside-six,PAGE-CHECK / EDITION-LOCK — do not fake VERIFIED; AUTHOR DECISION on edition,,"•  «আমার আহলুল বাইত হচ্ছে নূহ (আলাইহিস্ সালাম)-এর নৌকার মতো। যারা এতে চড়ে, তারা নাজাত পায়; যারা বিমুখ হয়, তারা ডুবে যায়।» — খাতায় «মুসনাদে আহমদ ৩৭৮৬»; এই নম্বর সন্দেহজনক (তিরমিযি ৩৭৮৬ সাকালাইনের হাদীস)। PRINT BLOCKED নম্বরটি; ছাপায় «বর্ণিত আছে» যতক্ষণ সঠিক উৎস (হাকিম/তাবারানি) মেলানো না হয়।"
B1-C00077,1638,,SUNNI,Kanz_al-Ummal,Kanz_al-Ummal,,EDITION-LOCK,NO — dorar/sunnah external blocked for outside-six,PAGE-CHECK / EDITION-LOCK — do not fake VERIFIED; AUTHOR DECISION on edition,,"•  বাংলা ছাপা (অংশ ২৭): কানযুল ঈমান ও নূরুল ইরফান, বঙ্গানুবাদ মাওলানা মুহাম্মদ আবদুল মান্নান (ইমাম আহমদ রেযা রিসার্চ একাডেমি, চট্টগ্রাম), পারা ১, পৃ. ৪–৫: বিসমিল্লাহ নম্বরহীন শিরোনাম, ১ = «সমস্ত প্রশংসা আল্লাহর», শেষ আয়াত ৬ ও ৭-এ ভাগ। তুলনায় মারেফুল কোরআন (মুহিউদ্দীন খান) ও হাফেজ মুনির উদ্দীন আহমদ"
B1-C00080,1641,REF-031,SUNNI,Mustadrak_al-Hakim|Sahih_Muslim,Mustadrak_al-Hakim,Sahih_Muslim,PAGE-CHECK,NO — dorar/sunnah external blocked for outside-six,PAGE-CHECK / EDITION-LOCK — do not fake VERIFIED; AUTHOR DECISION on edition,,"•  «أسرقتَ الصلاة أم نسيت؟» (অংশ ৪৩–৪৫): আল-হাকিম, আল-মুস্তাদরাক আলাস সহিহাইন, কিতাবুল ইমামা ওয়া সালাতিল জামাআ, খণ্ড ১ (হাকিম: মুসলিমের শর্তে সহিহ), আনাস ইবনে মালিক থেকে। পাঠ অনুযায়ী মুয়াবিয়া ফাতিহার আগে বিসমিল্লাহ পড়েছিলেন, পরের সূরার আগে পড়েননি। https://www.islamweb.net/ar/library/content/74"
B1-C00087,1648,REF-037,SHIA|SUNNI,Sahih_Muslim|al-Kafi,al-Kafi,Sahih_Muslim,CONFLICT,NO — dorar/sunnah external blocked for outside-six,PAGE-CHECK / EDITION-LOCK — do not fake VERIFIED; AUTHOR DECISION on edition,,"•  «من أصبح من هذه الأمة لا إمام له…» (অংশ ১১৫): আল-কাফি, খণ্ড ১, কিতাবুল হুজ্জাহ, বাবু মারিফাতিল ইমাম ওয়ার রাদ্দি ইলাইহি, হাদিস ৮, মুহাম্মাদ ইবনে মুসলিম, ইমাম বাকির (আলাইহিস্ সালাম) থেকে; পৃ. ১৮৩–১৮৪ (PAGE-CHECK)। পাঠ দেখা হয়েছে: https://forums.alkafeel.net/node/16377"
B1-C00106,1667,REF-047,SUNNI,Ibn_Saad_Tabaqat,Ibn_Saad_Tabaqat,,EDITION-LOCK,NO — dorar/sunnah external blocked for outside-six,PAGE-CHECK / EDITION-LOCK — do not fake VERIFIED; AUTHOR DECISION on edition,,"•  ইবনে মুলজিম (অংশ ১৭ণ): ৪০ হিজরির ১৯ রমজান ভোরে কুফার মসজিদে আমিরুল মুমিনীন আলী (আলাইহিস্ সালাম)-কে আঘাত, সুপরিচিত ইতিহাস (যেমন শেখ মুফিদ, আল-ইরশাদ)। বাইয়াত, দুই-তিনবার ফিরিয়ে দেওয়া ও «أريد حياته ويريد قتلي»: আবুল ফারাজ ইসফাহানি, মাকাতিলুত তালিবিয়্যিন, পৃ. ৪৫ (শামেলা); ইবনে সাদ, আত-তাবাকাতুল ক"
B1-C00125,1903,,SUNNI,Kanz_al-Ummal|Sahih_Muslim,Kanz_al-Ummal,Sahih_Muslim,PAGE-CHECK,NO — dorar/sunnah external blocked for outside-six,PAGE-CHECK / EDITION-LOCK — do not fake VERIFIED; AUTHOR DECISION on edition,,"•  গিরিশচন্দ্র সেনের অনুবাদ: ৩য় (সংশোধিত) সংস্করণের পুনর্মুদ্রণ, ঝিনুক পুস্তিকা, ঢাকা, «অতঃপর সন্ধ্যা পর্য্যন্ত রোজা পূর্ণ কর» (archive.org: in.ernet.dli.2015.356313); ৪র্থ সংস্করণ, ১৯৩৬, নববিধান পাবলিকেশন কমিটি, কলিকাতা, «অতঃপর সায়ংকাল পর্য্যন্ত রোজা পূর্ণ কর» (archive.org: Koran-Sharif-Bhai-Giri"
B1-C00156,2202,REF-056,SHIA|SUNNI,Mustadrak_al-Hakim|al-Kafi,Mustadrak_al-Hakim|al-Kafi,,CONFLICT,NO — dorar/sunnah external blocked for outside-six,PAGE-CHECK / EDITION-LOCK — do not fake VERIFIED; AUTHOR DECISION on edition,,"•  রুকুতে দান (অংশ ১৫৪–১৫৭): আংটির বর্ণনা তাবারি, জামিউল বায়ান, ৫:৫৫ (আস-সুদ্দি, উতবা ইবনে আবি হাকিম, মুজাহিদ থেকে)। https://quran.ksu.edu.sa/tafseer/tabary/sura5-aya55.html । চাদরের (হুল্লা) বর্ণনা এবং «প্রত্যেক ইমাম এই গুণের» কথা আল-কাফি, খণ্ড ১, কিতাবুল হুজ্জাহ, বাব «ما نص الله عز وجل ورسوله على"
B1-C00181,2595,REF-067,SHIA|SUNNI,Sahih_al-Bukhari|al-Kafi,al-Kafi,Sahih_al-Bukhari,CONFLICT,NO — dorar/sunnah external blocked for outside-six,PAGE-CHECK / EDITION-LOCK — do not fake VERIFIED; AUTHOR DECISION on edition,,"•  তাসবিহে যাহরা (৩৪ আল্লাহু আকবার, ৩৩ আলহামদুলিল্লাহ, ৩৩ সুবহানাল্লাহ) — আল-কাফি, খণ্ড ৩, কিতাবুস সালাত, «বাবুত তা'কীব» — PAGE-CHECK। জাঁতা ও সাহায্যকারী চাওয়ার ঘটনা: সহীহ বুখারি, কিতাবু ফাদাইলি আসহাবিন নাবী, হাদীস ৩৭০৫ (আলী আলাইহিস্ সালাম-এর বর্ণনা) — PAGE-CHECK।"
B1-C00190,2674,REF-071,SUNNI,Mustadrak_al-Hakim|Sunan_Abu_Dawud,Mustadrak_al-Hakim,Sunan_Abu_Dawud,CONFLICT,NO — dorar/sunnah external blocked for outside-six,PAGE-CHECK / EDITION-LOCK — do not fake VERIFIED; AUTHOR DECISION on edition,,"•  «فداك أبي وأمي» ও সফরের শুরু-শেষ ফাতিমার কাছে (ইবনে উমর; সাওবান) — সাওবানের বর্ণনা: সুনানে আবু দাউদ, কিতাবুত তারাজ্জুল, হাদীস ৪২১৩ — PAGE-CHECK; ইবনে উমরের বর্ণনা ও «ফাদাকি আবি ওয়া উম্মি» — হাকিম, আল-মুস্তাদরাক — PAGE-CHECK। ইবনে আব্বাসের চুমুর বর্ণনা — বর্ণিত আছে।"
B1-C00201,2735,,SUNNI,Sunan_al-Nasai|al-Isabah,al-Isabah,Sunan_al-Nasai,PAGE-CHECK,NO — dorar/sunnah external blocked for outside-six,PAGE-CHECK / EDITION-LOCK — do not fake VERIFIED; AUTHOR DECISION on edition,,"""এই দেশেও লেখা হয়েছে, এই দেশেও পড়া হয়েছে,"" বুরুল্লাহ বলল। ""পুরোনোরাও লিখেছেন। ইমাম নাসায়ী তাঁর আস-সুনান আল-কুবরায় ইমাম হাসান ও হুসাইনের নামের সঙ্গে, ইবনে হাজার আসকালানি তাঁর আল-ইসাবায় আহলুল বাইতের জন্য। সেগুলো এখানে নেই। চাচার লাইব্রেরিতে আছে, চাইলে দেখাব।"""
B1-C00209,2759,REF-077,SUNNI,Sahih_al-Bukhari|al-Isabah,al-Isabah,Sahih_al-Bukhari,PAGE-CHECK,NO — dorar/sunnah external blocked for outside-six,PAGE-CHECK / EDITION-LOCK — do not fake VERIFIED; AUTHOR DECISION on edition,,"•  আহলুস সুন্নাহর লেখকদের তালিকা (বুখারি আদাবুল মুফরাদ, নাসায়ি সুনানুল কুবরা, ইবনে হাজার আল-ইসাবা, তাহেরুল কাদরি, ওয়াহিদুজ্জামান, দেহলভি, তাফসীরে নূরুল কুরআন) — খাতা ও শ্রোতা ০৪ L667; প্রতিটির পৃষ্ঠা PAGE-CHECK।"
B1-C00230,2845,REF-082,SUNNI,Ibn_Saad_Tabaqat,Ibn_Saad_Tabaqat,,CONFLICT,NO — dorar/sunnah external blocked for outside-six,PAGE-CHECK / EDITION-LOCK — do not fake VERIFIED; AUTHOR DECISION on edition,,"•  «উম্মে আইমান জান্নাতি» — ইবনে সা'দ, আত-তাবাকাত — PAGE-CHECK।"
B1-C00233,2908,REF-083,SHIA|SUNNI,Sahih_Muslim|al-Kafi,al-Kafi,Sahih_Muslim,CONFLICT,NO — dorar/sunnah external blocked for outside-six,PAGE-CHECK / EDITION-LOCK — do not fake VERIFIED; AUTHOR DECISION on edition,,"•  «যে ইমামকে না চিনে মারা যায়, তার মৃত্যু জাহিলিয়াতের মৃত্যু»: খাতায় সূত্র «সহীহ মুসলিম, খণ্ড ৩, পৃ. ১৪৭৮»। মুসলিমের কিতাবুল ইমারাহ (হাদীস ১৮৫১)-এ শব্দ «مَنْ مَاتَ وَلَيْسَ فِي عُنُقِهِ بَيْعَةٌ مَاتَ مِيتَةً جَاهِلِيَّةً» (গলায় বাইয়াত না থাকা) — PAGE-CHECK। «ইমামকে না চিনে» শব্দে: আল-কাফি, খণ"
B1-C00263,3147,,SHIA|SUNNI,Sahih_Muslim|al-Kafi,al-Kafi,Sahih_Muslim,EDITION-LOCK,NO — dorar/sunnah external blocked for outside-six,PAGE-CHECK / EDITION-LOCK — do not fake VERIFIED; AUTHOR DECISION on edition,,"খাতাটা পুরো বন্ধ হয়নি। মাঝখানের একটি পাতা বাইরে বেরিয়ে আছে। তাতে ওপর থেকে নিচে সাতটি শব্দ লেখা, একটির নিচে আরেকটি। কাফির। মুশরিক। মুমিন। মুসলিম। প্রকৃত মুমিন। তারপর একটি শব্দ, যার নিচে লাল কালিতে দুটো দাগ। তার পরেরটা মুত্তাকী।"
B1-C00276,3297,,SHIA|SUNNI,Sahih_Muslim|al-Kafi,al-Kafi,Sahih_Muslim,EDITION-LOCK,NO — dorar/sunnah external blocked for outside-six,PAGE-CHECK / EDITION-LOCK — do not fake VERIFIED; AUTHOR DECISION on edition,,"«আমাদের ঈমান কোথায় দাঁড়িয়ে? তুমি যদি শিকড়ে থাকো—(কাফির/মুশরিক), তবে প্রশ্ন: তুমি কি সেই অন্ধকার থেকে উঠে আসতে চাও, যেখানে আলো ছুঁতে পারো না আলোতে বিলিন হওয়ার যন্ত্রণা ভেতরে কুরে কুরে খায়? তুমি যদি কাণ্ডে থাকো—(শুধু নামে মাত্র মুসলিম), তবে কি তুমি সেই আস্থার শক্তি খুঁজে বের করতে চাও, যা তোমাকে "
B1-C00278,3336,,SHIA|SUNNI,Sahih_Muslim|al-Kafi,al-Kafi,Sahih_Muslim,EDITION-LOCK,NO — dorar/sunnah external blocked for outside-six,PAGE-CHECK / EDITION-LOCK — do not fake VERIFIED; AUTHOR DECISION on edition,,"“বুরুল্লাহ ভাই, তুমি কি আমাদের একটু বিস্তারিত বুঝিয়ে বলতে পারো— কাফির, মুশরিক, মুসলিম, সাধারণ মুমিন, প্রকৃত মুমিন, মুমিন-মুনাফিক এবং মুত্তাকী—প্রত্যেকের অবস্থান ও বৈশিষ্ট্য কীভাবে আলাদা?”"
B1-C00295,3531,REF-086,SUNNI,Kanz_al-Ummal,Kanz_al-Ummal,,CONFLICT,NO — dorar/sunnah external blocked for outside-six,PAGE-CHECK / EDITION-LOCK — do not fake VERIFIED; AUTHOR DECISION on edition,,"•  «إن الله فطم ابنتي فاطمة…» — খাতায় কানযুল উম্মাল, খণ্ড ৬, পৃ. ২১৯; খণ্ড/পৃষ্ঠা মেলানো হয়নি — PAGE-CHECK।"
B1-C00310,3868,REF-094,SUNNI,al-Bayhaqi,al-Bayhaqi,,CONFLICT,NO — dorar/sunnah external blocked for outside-six,PAGE-CHECK / EDITION-LOCK — do not fake VERIFIED; AUTHOR DECISION on edition,,"•  «নিজের নফসের বিরুদ্ধে জিহাদই সর্বশ্রেষ্ঠ জিহাদ» — খাতায়: আল-বায়হাকী, আল-যুহদ আল-কাবীর, হাদীস ৩৭৩ (জাবির থেকে); মেলানো হয়নি — PAGE-CHECK।"
B1-C00331,4224,REF-103,SUNNI,al-Tabarani,al-Tabarani,,CONFLICT,NO — dorar/sunnah external blocked for outside-six,PAGE-CHECK / EDITION-LOCK — do not fake VERIFIED; AUTHOR DECISION on edition,,•  «আল্লাহ সকল নবির বংশ তাঁদের ঔরসে… আমার বংশ আলীর ঔরসে» — আহলুস সুন্নাহর কিতাবে (তাবারানী ধাঁচের) বর্ণিত বলে খাতায়; নির্দিষ্ট সূত্র নেই — «বর্ণিত আছে»।
B1-C00334,4266,,SUNNI,al-Durr_al-Manthur,al-Durr_al-Manthur,,EDITION-LOCK,NO — dorar/sunnah external blocked for outside-six,PAGE-CHECK / EDITION-LOCK — do not fake VERIFIED; AUTHOR DECISION on edition,,"“তাফসিরে জালালাইন, বায়দ্বাভী, দুররুল মানসুর।” চাচা হাসলেন। “আপনার মাদ্রাসার হুজুররা যেগুলো পড়েন।”"
B1-C00339,4316,REF-106,SUNNI,al-Durr_al-Manthur,al-Durr_al-Manthur,,CONFLICT,NO — dorar/sunnah external blocked for outside-six,PAGE-CHECK / EDITION-LOCK — do not fake VERIFIED; AUTHOR DECISION on edition,,"•  মুবাহালার ঘটনা (হুসাইন কোলে, হাসান হাত ধরে, পেছনে ফাতিমা ও আলী (আলাইহিমুস্ সালাম), খ্রিস্টান যাজকের উক্তি, «বানর-শূকর») — জনির নোটে: তাফসিরে জালালাইন ১/৬০, বায়দ্বাভী ১/১১৮, দুররুল মানসুর ২/৩৯ (মিশর মুদ্রণ) — PAGE-CHECK।"
B1-C00434,5343,REF-121,SUNNI,al-Tabarani,al-Tabarani,,CONFLICT,NO — dorar/sunnah external blocked for outside-six,PAGE-CHECK / EDITION-LOCK — do not fake VERIFIED; AUTHOR DECISION on edition,,"•  খাইবারের পরে ফাদাক দান (১৭:২৬ প্রসঙ্গে) — খাতায়: তাবারানী, আল-মু‘জামুল কাবীর; সুয়ূতী, আদ-দুররুল মানসূর — PAGE-CHECK।"
B1-C00435,5344,REF-122,SUNNI,al-Baladhuri,al-Baladhuri,,CONFLICT,NO — dorar/sunnah external blocked for outside-six,PAGE-CHECK / EDITION-LOCK — do not fake VERIFIED; AUTHOR DECISION on edition,,"•  আবু বকরের রাষ্ট্রীয় সম্পত্তি ঘোষণা — খাতায়: বালাযুরী, ফুতুহুল বুলদান; তাবারী — PAGE-CHECK। দলিল ছিঁড়ে ফেলা — খাতায়: সুয়ূতী, তারিখুল খুলাফা; ইবনে আবিল হাদীদ, শারহু নাহজিল বালাগা খণ্ড ১৬ — PAGE-CHECK।"
B1-C00437,5346,REF-124,SHIA|SUNNI,Sahih_Muslim|al-Kafi,al-Kafi,Sahih_Muslim,EDITION-LOCK,NO — dorar/sunnah external blocked for outside-six,PAGE-CHECK / EDITION-LOCK — do not fake VERIFIED; AUTHOR DECISION on edition,,"•  সন্দেহ ও কুফরের হাদীস (মানসুর ইবনে হাযিম; মুহাম্মাদ ইবনে মুসলিম, যুরারা, আবু বাসির) — আল-কাফি খণ্ড ২, বাবুশ শাক্ক — PAGE-CHECK।"
B1-C00457,5503,REF-128,SUNNI,Mustadrak_al-Hakim,Mustadrak_al-Hakim,,CONFLICT,NO — dorar/sunnah external blocked for outside-six,PAGE-CHECK / EDITION-LOCK — do not fake VERIFIED; AUTHOR DECISION on edition,,"•  ৩০:৩৮ নাযিলে ফাদাক দান (ইবনে আব্বাস) — হাকিম হাসকানী, শাওয়াহিদুত তানযীল — PAGE-CHECK।"
B1-C00468,5545,,SUNNI,Mustadrak_al-Hakim,Mustadrak_al-Hakim,,EDITION-LOCK,NO — dorar/sunnah external blocked for outside-six,PAGE-CHECK / EDITION-LOCK — do not fake VERIFIED; AUTHOR DECISION on edition,,রাকিকা: এত বড় ঘটনাটি প্রথম জন আর দ্বিতীয় জন ঘটাল কেন? কেন ফাদাক এত গুরুত্বপূর্ণ হয়ে উঠল? ফাদাককে পাওয়ার জন্য মা সাইয়্যিদা ফাতিমাতুয্ যাহরা (আলাইহাস্ সালাম)-এর বিরুদ্ধে হাকিমরা কেন এতবড় ষড়যন্ত্র করল?
B1-C00555,6455,REF-156,SUNNI,Mustadrak_al-Hakim,Mustadrak_al-Hakim,,EDITION-LOCK,NO — dorar/sunnah external blocked for outside-six,PAGE-CHECK / EDITION-LOCK — do not fake VERIFIED; AUTHOR DECISION on edition,,"•  «কিতাবুল্লাহ ও সুন্নাতি» — মুয়াত্তা মালিক (বালাগ), হাকিম, মুস্তাদরাক ৩১৮/৩১৯ — PAGE-CHECK (STYLE §৪ ফাঁদ-তালিকা)।"
B1-C00558,6458,REF-158,SHIA|SUNNI,Bihar_al-Anwar|Sahih_Muslim|Sahih_al-Bukhari,Bihar_al-Anwar,Sahih_Muslim|Sahih_al-Bukhari,CONFLICT,NO — dorar/sunnah external blocked for outside-six,PAGE-CHECK / EDITION-LOCK — do not fake VERIFIED; AUTHOR DECISION on edition,,"•  কাগজ-কলমের ঘটনা — সহীহ বুখারি (কিতাবুল ইলম, মাগাযি, মারাদুন নবী), মুসলিম; মুসনাদে আহমাদ ৩/৩৬৪; বিহারুল আনওয়ার ২২/৪৬৯; শেখ মুফিদ, আল-ইরশাদ — শ্রোতা ০৪-এর তালিকা, PAGE-CHECK।"
B1-C00564,6559,REF-160,SUNNI,Mustadrak_al-Hakim,Mustadrak_al-Hakim,,EDITION-LOCK,NO — dorar/sunnah external blocked for outside-six,PAGE-CHECK / EDITION-LOCK — do not fake VERIFIED; AUTHOR DECISION on edition,,•  মিসওয়ারের বর্ণনা («ফাতেমা আমার ফলবান বৃক্ষের শাখা…») — PAGE-CHECK (মুস্তাদরাক হাকিম/মুসনাদে আহমাদে মেলানো বাকি)।
B1-C00575,6647,REF-164,SUNNI,Jami_al-Tirmidhi|Mustadrak_al-Hakim,Mustadrak_al-Hakim,Jami_al-Tirmidhi,CONFLICT,NO — dorar/sunnah external blocked for outside-six,PAGE-CHECK / EDITION-LOCK — do not fake VERIFIED; AUTHOR DECISION on edition,,"•  «আমি জ্ঞানের শহর, আলী তার দরজা» — PAGE-CHECK (তিরমিযি/হাকিম; নম্বর মেলানো বাকি)।"
B1-C00618,7181,REF-188,SUNNI,Jami_al-Tirmidhi|Sahih_Muslim|al-Bayhaqi,al-Bayhaqi,Jami_al-Tirmidhi|Sahih_Muslim,CONFLICT,NO — dorar/sunnah external blocked for outside-six,PAGE-CHECK / EDITION-LOCK — do not fake VERIFIED; AUTHOR DECISION on edition,,"•  কিসার সংক্ষিপ্ত রূপ (উম্মে সালামা ও আয়িশার সূত্রে) — সহীহ মুসলিম ২৪২৪ — CONFIRMED (SECOND_NOTEBOOK/CITATION_RISK; D-017); তিরমিযি, মুস্তাদরাক, বায়হাকী, দুররে মানসুর, শাওয়াহিদুত তানযীল, মুসনাদে আহমাদ (খাতার তালিকা) — PAGE-CHECK।"
B1-C00621,7184,REF-191,SUNNI,Mustadrak_al-Hakim,Mustadrak_al-Hakim,,CONFLICT,NO — dorar/sunnah external blocked for outside-six,PAGE-CHECK / EDITION-LOCK — do not fake VERIFIED; AUTHOR DECISION on edition,,"•  আবু যারের কাবার দরজায় বাণী: «আমার আহলুল বাইত নূহের কিস্তির মতো» — বর্ণিত আছে, PAGE-CHECK (মুস্তাদরাক হাকিম)।"
B1-C00691,8237,,SUNNI,Mustadrak_al-Hakim,Mustadrak_al-Hakim,,EDITION-LOCK,NO — dorar/sunnah external blocked for outside-six,PAGE-CHECK / EDITION-LOCK — do not fake VERIFIED; AUTHOR DECISION on edition,,হাকিম
B1-C00692,8238,,SUNNI,Mustadrak_al-Hakim,Mustadrak_al-Hakim,,EDITION-LOCK,NO — dorar/sunnah external blocked for outside-six,PAGE-CHECK / EDITION-LOCK — do not fake VERIFIED; AUTHOR DECISION on edition,,"তার নাম হাকিম। তার কণ্ঠ ঝরতো সুরের মত, তরুণ হৃদয়ের খঞ্জনে ডাকের মতো— কুরআনের তিলাওয়াতে মোহিত করত সকলকে। সে তাফসীর করত এমন ভঙ্গিতে, যেন কুরআনের রহস্য শুধু তার কাছেই উন্মোচিত, আর গোটা উম্মাহ বুঝেই না কুরআনের ভাষা। তার চোখে জ্বলত আত্মবিশ্বাসের শিখা, কিন্তু সেই আলো ছায়া ফেলে রাখত হৃদয়ের গভীরে— সেখান"
B1-C00693,8240,,SUNNI,Mustadrak_al-Hakim,Mustadrak_al-Hakim,,EDITION-LOCK,NO — dorar/sunnah external blocked for outside-six,PAGE-CHECK / EDITION-LOCK — do not fake VERIFIED; AUTHOR DECISION on edition,,"“না,” বুরুল্লাহ বলল। “বুড়ো শুধু উপদেশ দেন। হাকিম নিজে নিয়ম বানাত। শোন।”"
B1-C00694,8243,,SUNNI,Mustadrak_al-Hakim,Mustadrak_al-Hakim,,EDITION-LOCK,NO — dorar/sunnah external blocked for outside-six,PAGE-CHECK / EDITION-LOCK — do not fake VERIFIED; AUTHOR DECISION on edition,,"তার বক্তব্যে ছিল আবেগ, তালমিল আর দর্শকের উল্লাস— তবে তার হৃদয়ে ছিল না নাবুয়্যাতের উত্তরাধিকারীদের দৃষ্টি, ছিল না ওহির ধ্বনি। অথচ-- সে সেজদাহ করেনি আহলুল বাইতের দরজায়, সে অশ্রু ফেলেনি মা সাইয়্যিদা ফাতিমাতুয্ যাহরা (আলাইহাস্ সালাম)'র নিভে যাওয়া প্রদীপের জন্য। সে শোনেনি হাসানের বিষ বা হুসাইনের (আল"
B1-C00695,8252,,SUNNI,Mustadrak_al-Hakim,Mustadrak_al-Hakim,,EDITION-LOCK,NO — dorar/sunnah external blocked for outside-six,PAGE-CHECK / EDITION-LOCK — do not fake VERIFIED; AUTHOR DECISION on edition,,"রাত গভীর, কিন্তু মসজিদের মিম্বারে হাকিমের কণ্ঠ যেন অন্ধকারকে আরও কালো করে তোলে। ""আজ সকালে, এক নারী বাসে নেকাব ছাড়া আমার পাশে বসেছে! এটাই উম্মাহর ধ্বংসের আলামত। আমি ঘোষণা করছি— এই পরিবার সমাজচ্যুত, একঘরে হোক। এটাই ‘আমর বিল মারুফ ও নহি আনিল মুনকার’!”"
B1-C00696,8253,,SUNNI,Mustadrak_al-Hakim,Mustadrak_al-Hakim,,EDITION-LOCK,NO — dorar/sunnah external blocked for outside-six,PAGE-CHECK / EDITION-LOCK — do not fake VERIFIED; AUTHOR DECISION on edition,,"জনতা উত্তপ্ত— ধর্মের নামে জ্বলছে অন্ধ উন্মাদনা। সেই রাতেই ঘটে সর্বনাশ। উগ্র হাকিমের অনুসারীরা ঢুকে পড়ে সেই নারীর ঘরে, শিশু সন্তানকে ছুঁড়ে ফেলে দেয় মেঝেতে, সিঁড়ি থেকে ধাক্কা দেয় মাকে— কোমর ভেঙে যায়, চলার শক্তি হারান তিনি— চিরতরে।"
B1-C00698,8261,,SUNNI,Mustadrak_al-Hakim,Mustadrak_al-Hakim,,EDITION-LOCK,NO — dorar/sunnah external blocked for outside-six,PAGE-CHECK / EDITION-LOCK — do not fake VERIFIED; AUTHOR DECISION on edition,,"হারুন নিঃশব্দে বললেন— “এই হাকিম, আজ মিম্বারে দাঁড়িয়ে নিজের মতামতের খঞ্জর দিয়ে মানুষকে পঙ্গু করেছে— সে যেন এই হাদিসেরই জীবন্ত প্রতিচ্ছবি।”"
B1-C00699,8264,,SHIA|SUNNI,Mustadrak_al-Hakim|al-Kafi,Mustadrak_al-Hakim|al-Kafi,,EDITION-LOCK,NO — dorar/sunnah external blocked for outside-six,PAGE-CHECK / EDITION-LOCK — do not fake VERIFIED; AUTHOR DECISION on edition,,"হাকিমের ঘটনাটি যেন আগুনে ঘি ঢেলে দিল— সারা সমাজে আলোড়ন, তর্ক, কান্না আর জাগরণ। এবার হারুন চুপ থাকেন না। তিনি উঠে দাঁড়ান মসজিদের মিম্বারে, যেখানে একসময় দাঁড়িয়েছিল সেই জাহেল ফতোয়াবাজ। হারুন বলেন— ""যখন জাহেল ব্যক্তি আলেমের আসনে বসে, আর প্রকৃত আলেমেরা নীরব থাকে— তখন উম্মাহর ধ্বংস শুধু সময়ের অপেক্"
B1-C00700,8286,,SUNNI,Mustadrak_al-Hakim,Mustadrak_al-Hakim,,EDITION-LOCK,NO — dorar/sunnah external blocked for outside-six,PAGE-CHECK / EDITION-LOCK — do not fake VERIFIED; AUTHOR DECISION on edition,,"«সাদিক ভাই, আমার ফজরের ভিডিওটাতে আজ পর্যন্ত সাতাশটা লাইক। আজ রাতে গুনলাম। হাকিমের দলীলের কথা শোনার পর থেকে গুনতে ইচ্ছা করছিল না, তবু গুনলাম।»"
B1-C00742,8861,,SUNNI,Mustadrak_al-Hakim,Mustadrak_al-Hakim,,EDITION-LOCK,NO — dorar/sunnah external blocked for outside-six,PAGE-CHECK / EDITION-LOCK — do not fake VERIFIED; AUTHOR DECISION on edition,,"হাকিম নিশাবুরীসহ সুন্নি মাযহাবের উল্লেখযোগ্য সংখ্যক আলেম নিজস্ব সনদে রাসূলুল্লাহ ﷺ হতে গুরুত্বপূর্ণ ও আশ্চর্যজনক বিভিন্ন রেওয়ায়েত বর্ণনা করেছেন যে, তিনি বলেন:"
B1-C00746,8906,REF-251,SUNNI,Mustadrak_al-Hakim|Sahih_Muslim|Sahih_al-Bukhari,Mustadrak_al-Hakim,Sahih_Muslim|Sahih_al-Bukhari,PAGE-CHECK,NO — dorar/sunnah external blocked for outside-six,PAGE-CHECK / EDITION-LOCK — do not fake VERIFIED; AUTHOR DECISION on edition,,"•  «আল্লাহ তোমার ক্রোধে ক্রোধান্বিত হন» — আল-মুস্তাদরাক, হাকিম ৪৭৩০ (বুখারি/মুসলিমে নয়; CL-HAD-008); PAGE-CHECK।"
B1-C00761,9062,REF-260,SUNNI,al-Tabarani,al-Tabarani,,CONFLICT,NO — dorar/sunnah external blocked for outside-six,PAGE-CHECK / EDITION-LOCK — do not fake VERIFIED; AUTHOR DECISION on edition,,"•  «আহলুল বাইত আমার, আর তাঁদের ভালোবাসা মানেই নাজাত» (REV1-এ ফেরানো, ¶13894) — খাতায় আত-তাবারানী, আল-মু'জামুল কাবীর, ইবনে আব্বাস সূত্র, «সনদ দুর্বল» লেখা; গল্পে «বর্ণিত আছে»; PAGE-CHECK।"
B1-C00794,9422,REF-280,SUNNI,Mustadrak_al-Hakim,Mustadrak_al-Hakim,,EDITION-LOCK,NO — dorar/sunnah external blocked for outside-six,PAGE-CHECK / EDITION-LOCK — do not fake VERIFIED; AUTHOR DECISION on edition,,"•  «আলী হকের সাথে, হক আলীর সাথে» — আল-হাকিম, আল-মুসতাদরাক (হাকিমের মতে সহীহ, যাহাবীর আপত্তি); PAGE-CHECK।"
B1-C00856,10398,REF-309,SUNNI,Mustadrak_al-Hakim,Mustadrak_al-Hakim,,CONFLICT,NO — dorar/sunnah external blocked for outside-six,PAGE-CHECK / EDITION-LOCK — do not fake VERIFIED; AUTHOR DECISION on edition,,"•  «আমি জ্ঞানের নগরী, আলী তার দরজা» — আল-হাকিম, আল-মুসতাদরাক (কিতাবু মারিফাতিস সাহাবা); জামে তিরমিযী (মানাকিব, «আমি হিকমতের ঘর»); নম্বর PAGE-CHECK।"
B1-C00882,10854,REF-327,SUNNI,al-Tabarani,al-Tabarani,,EDITION-LOCK,NO — dorar/sunnah external blocked for outside-six,PAGE-CHECK / EDITION-LOCK — do not fake VERIFIED; AUTHOR DECISION on edition,,"•  মোহর ও ঋণের নিয়ত — মুসনাদে আহমাদ; তাবারানী, আল-মু‘জামুল আওসাত ১৮৫১ (খাতামতো); PAGE-CHECK।"
