Claim_ID,Para_Index,Ledger_Row_IDs,Reason,Harvest_Status,Recommended_Action,Decision_Options,Author_Decision,Print_Safe,Text_Excerpt
B1-C00004,199,REF-001,ATTRIBUTION_FORMULA,PAGE-CHECK,KEEP-ATTRIBUTION-ONLY or author decision — no silent deletion,KEEP_ATTRIBUTION_ONLY | SUPPLY_LOCKED_SOURCE | DROP_UNTIL_SOURCE | OTHER — no silent deletion,,NO,"“শোন রাহাত।” গলাটা এবার নিচু, যেন কাউকে পড়ে শোনাচ্ছে। “ইমাম সাদিক (আলাইহিস্ সালাম) থেকে বর্ণিত আছে: ‘কিয়ামতের দিন হযরত মা সাইয়্যিদা ফাতিমাতুয্ যাহরা (আলাইহাস্ সালাম) ও আলী (আলাইহিস্ সালাম) এবং তাঁর অনুসারীদের আহ্বান করা হবে। তাঁরা কোনো হিসাব ছাড়াই সর্ব প্রথম জান্নাতে প্রবেশ করবে।’”"
B1-C00007,235,REF-002,NO_SOURCE_STATED,NOT_FOUND,KEEP-ATTRIBUTION-ONLY or author decision — no silent deletion,KEEP_ATTRIBUTION_ONLY | SUPPLY_LOCKED_SOURCE | DROP_UNTIL_SOURCE | OTHER — no silent deletion,,NO,"•  ইমাম সাদিক (আলাইহিস্ সালাম) থেকে «বিনা হিসাবে প্রথম জান্নাতে» — খাতায় সূত্র নেই; «বর্ণিত আছে», PAGE-CHECK (উৎস খোঁজা বাকি; ছাপার আগে বই-খণ্ড-পৃষ্ঠা লাগবে)।"
B1-C00018,503,REF-006,ATTRIBUTION_FORMULA,PAGE-CHECK,KEEP-ATTRIBUTION-ONLY or author decision — no silent deletion,KEEP_ATTRIBUTION_ONLY | SUPPLY_LOCKED_SOURCE | DROP_UNTIL_SOURCE | OTHER — no silent deletion,,NO,"•  চারবার বিয়ের ঘটনা — «বর্ণিত আছে»; উৎস খোঁজা বাকি, ছাপায় বইয়ের নাম ছাড়া।"
B1-C00019,504,REF-007,ATTRIBUTION_FORMULA,PAGE-CHECK,KEEP-ATTRIBUTION-ONLY or author decision — no silent deletion,KEEP_ATTRIBUTION_ONLY | SUPPLY_LOCKED_SOURCE | DROP_UNTIL_SOURCE | OTHER — no silent deletion,,NO,"•  ইমাম আলী (আলাইহিস্ সালাম)-এর «তিন মিসকিন» ও «সমালোচনায় আনন্দ» বাণী — «বর্ণিত আছে», PAGE-CHECK।"
B1-C00040,827,REF-014,ATTRIBUTION_FORMULA,PAGE-CHECK,KEEP-ATTRIBUTION-ONLY or author decision — no silent deletion,KEEP_ATTRIBUTION_ONLY | SUPPLY_LOCKED_SOURCE | DROP_UNTIL_SOURCE | OTHER — no silent deletion,,NO,"•  চিট লিস্টের বাণীগুলো (চিন্তাহীন ইবাদত, জ্ঞানার্জন-শিক্ষাদান, চার ব্যক্তির পুরস্কার) — শ্রোতা ০৪-এ সূত্র ছাড়া; «বর্ণিত আছে», PAGE-CHECK।"
B1-C00044,1030,REF-016,ATTRIBUTION_FORMULA,CONFLICT,KEEP-ATTRIBUTION-ONLY or author decision — no silent deletion,KEEP_ATTRIBUTION_ONLY | SUPPLY_LOCKED_SOURCE | DROP_UNTIL_SOURCE | OTHER — no silent deletion,,NO,•  «চিন্তাসহ দুই রাকাত সারা রাতের নফলের চেয়ে উত্তম» ও «দোয়া সর্বোচ্চ ইবাদত» — শ্রোতা ০৪-এ জনির নোট; মূল কিতাবের পৃষ্ঠা মেলানো হয়নি — «বর্ণিত আছে» / PAGE-CHECK।
B1-C00050,1109,REF-018,ATTRIBUTION_FORMULA,PAGE-CHECK,KEEP-ATTRIBUTION-ONLY or author decision — no silent deletion,KEEP_ATTRIBUTION_ONLY | SUPPLY_LOCKED_SOURCE | DROP_UNTIL_SOURCE | OTHER — no silent deletion,,NO,"“ইবাদতের সত্য পথে বাধা হয়ে দাঁড়ায় শয়তান, যে অহংকারের অন্ধকারে ডুবে গিয়ে সত্যকে অস্বীকার করেছে। বর্ণিত আছে, যখন আল্লাহ ইবলিসকে আদম (আলাইহিস্ সালাম)-কে সিজদা করতে আদেশ দিলেন, তখন সে অহংকারে ফেটে পড়ে বলল—"
B1-C00053,1173,REF-020,ATTRIBUTION_FORMULA,PAGE-CHECK,KEEP-ATTRIBUTION-ONLY or author decision — no silent deletion,KEEP_ATTRIBUTION_ONLY | SUPPLY_LOCKED_SOURCE | DROP_UNTIL_SOURCE | OTHER — no silent deletion,,NO,•  শো'বার কাহিনী — শ্রোতা ০৪-এ জনির নোট; মূল উৎস মেলানো হয়নি — «বর্ণিত আছে»।
B1-C00062,1442,REF-023,ATTRIBUTION_FORMULA,CONFLICT,KEEP-ATTRIBUTION-ONLY or author decision — no silent deletion,KEEP_ATTRIBUTION_ONLY | SUPPLY_LOCKED_SOURCE | DROP_UNTIL_SOURCE | OTHER — no silent deletion,,NO,"“নিজেরাই। তাঁরা জানতেন, বিসমিল্লাহ ছাড়লে নামাজের একটা অংশ চুরি হয়ে যায়।” বুরুল্লাহ একটু থামল। “ইমাম মুহাম্মাদ আল-বাকির (আলাইহিস্ সালাম)-এর একটি কথা তাফসীরের কিতাবে বর্ণিত আছে: ‘তারা আল্লাহর কিতাবের সবচেয়ে সম্মানিত আয়াত চুরি করেছে, বিসমিল্লাহির রাহমানির রাহিম।’”"
B1-C00064,1464,REF-025,ATTRIBUTION_FORMULA,CONFLICT,KEEP-ATTRIBUTION-ONLY or author decision — no silent deletion,KEEP_ATTRIBUTION_ONLY | SUPPLY_LOCKED_SOURCE | DROP_UNTIL_SOURCE | OTHER — no silent deletion,,NO,"“হাসার মতোই শব্দ,” বুরুল্লাহও হাসল। “কিন্তু কথাটা কাঁদার মতো। বর্ণিত আছে, রাসূলুল্লাহ ﷺ বলেছেন: হে আমার উম্মতীরা তোমরা আমার উপর লেজ কাটা দরূদ পড়বে না। তখন সাহাবীরা বলল লেজকাটা দরূদ কি? তখন রাসূলুল্লাহ ﷺ বললেন, ‘আল্লাহুম্মা সাল্লে আলা মুহাম্মাদ’ বলে থেমে যাবে না। ‘আল্লাহুম্মা সাল্লে আলা মুহাম্মাদ ওয়া আলে মুহাম্মাদ’ পুরাটা বলবে। আমার সাথে আমার ‘আ’ল’ আহলুল বাইতকে সবসময় সংযুক্ত রাখবে। সাহাবারা জিজ্"
B1-C00070,1570,REF-026,ATTRIBUTION_FORMULA,PAGE-CHECK,KEEP-ATTRIBUTION-ONLY or author decision — no silent deletion,KEEP_ATTRIBUTION_ONLY | SUPPLY_LOCKED_SOURCE | DROP_UNTIL_SOURCE | OTHER — no silent deletion,,NO,“চেনা থেকে। আমিরুল মুমিনীন আলী (আলাইহিস্ সালাম) থেকে বর্ণিত আছে—
B1-C00072,1589,REF-027,ATTRIBUTION_FORMULA,CONFLICT,KEEP-ATTRIBUTION-ONLY or author decision — no silent deletion,KEEP_ATTRIBUTION_ONLY | SUPPLY_LOCKED_SOURCE | DROP_UNTIL_SOURCE | OTHER — no silent deletion,,NO,"“বর্ণিত আছে, আল্লাহ সবার আগে সৃষ্টি করেছেন মুহাম্মাদ ও আলে মুহাম্মাদের নূর। বাকি সব সৃষ্টি তার পরে। যিনি আগে ছিলেন, তিনিই দেখেছেন পরে কী হলো। আল্লাহ সৃষ্টি করেছেন, তাঁরা সাক্ষী ছিলেন, আর তাঁরাই আমাদের শেখান।” বুরুল্লাহ বইটা বন্ধ করল। “তাই আল্লাহর পরিচয় আমাদের কাছে আনতে পারেন কেবল মুহাম্মাদ ও আলে মুহাম্মাদ। অন্য কেউ যা বলবে, সে শুনে বলবে। তাঁরা বলেন দেখে।”"
B1-C00090,1651,REF-038,ATTRIBUTION_FORMULA,PAGE-CHECK,KEEP-ATTRIBUTION-ONLY or author decision — no silent deletion,KEEP_ATTRIBUTION_ONLY | SUPPLY_LOCKED_SOURCE | DROP_UNTIL_SOURCE | OTHER — no silent deletion,,NO,"•  «من عرف نفسه فقد عرف ربه» (অংশ ১২০ঝ): আমিরুল মুমিনীন আলী (আলাইহিস্ সালাম)-এর বাণী হিসেবে আমিদির গুরারুল হিকাম ওয়া দুরারুল কালিম-এ, নং ৪৬৪১ (PAGE-CHECK; সূত্র-আলোচনা: https://ar.wikishia.net/view/حديث_من_عرف_نفسه)। সনদ নিয়ে মতভেদ আছে, তাই অধ্যায়ে «বর্ণিত আছে»।"
B1-C00094,1655,REF-041,ATTRIBUTION_FORMULA,CONFLICT,KEEP-ATTRIBUTION-ONLY or author decision — no silent deletion,KEEP_ATTRIBUTION_ONLY | SUPPLY_LOCKED_SOURCE | DROP_UNTIL_SOURCE | OTHER — no silent deletion,,NO,•  নূরের প্রথম সৃষ্টি (অংশ ১২৬): «বর্ণিত আছে»; সনদসহ উৎস এই অধ্যায়ে দেওয়া হয়নি।
B1-C00119,1827,REF-048,ATTRIBUTION_FORMULA,CONFLICT,KEEP-ATTRIBUTION-ONLY or author decision — no silent deletion,KEEP_ATTRIBUTION_ONLY | SUPPLY_LOCKED_SOURCE | DROP_UNTIL_SOURCE | OTHER — no silent deletion,,NO,"“না। বিসাল হলো রাতকেও রোযার নিয়তে টেনে নেওয়া। এখানে রাত এসেছে, রোযা শেষ হয়ে গেছে। শুধু খাওয়া হয়নি। দুটো এক জিনিস নয়।” সে একটু হাসল। “আর বর্ণিত আছে, রাসূলুল্লাহ ﷺ পানি কিংবা খেজুর দিয়ে রোযা খুলতে বলেছেন। এক চুমুক পানি। একটা খেজুর।”"
B1-C00126,1904,REF-049,ATTRIBUTION_FORMULA,CONFLICT,KEEP-ATTRIBUTION-ONLY or author decision — no silent deletion,KEEP_ATTRIBUTION_ONLY | SUPPLY_LOCKED_SOURCE | DROP_UNTIL_SOURCE | OTHER — no silent deletion,,NO,"•  উমর ও উসমানের ইফতার: মুয়াত্তা ইমাম মালিক, কিতাবুস সিয়াম (লেখকের ব্যবহৃত বাংলা সংস্করণে ১ম খণ্ড, পৃ. ২৩৯, হাদীস ৬৯৪)। «যখন পূর্ব দিক থেকে অন্ধকার আসে…»: সহীহ বুখারী, কিতাবুস সাওম, উমর ইবনুল খাত্তাবের সূত্রে (লেখকের ব্যবহৃত আধুনিক প্রকাশনী সংস্করণে হাদীস ১৮১৫)। আনাসের দুধের ঘটনা: মূল আরবি, মাকারিমুল আখলাক (তাবরিসি), রাসূলুল্লাহ ﷺ-এর পানীয় অধ্যায়, আনাসের নিজের ভাষায়; অধ্যায়ে ঘটনাটি শুধু এই আ"
B1-C00133,1966,REF-050,ATTRIBUTION_FORMULA,CONFLICT,KEEP-ATTRIBUTION-ONLY or author decision — no silent deletion,KEEP_ATTRIBUTION_ONLY | SUPPLY_LOCKED_SOURCE | DROP_UNTIL_SOURCE | OTHER — no silent deletion,,NO,"আমি উৎসাহিত হয়ে বললাম, “ঠিক বলেছ, ফয়সাল। বর্ণিত আছে, ইমাম রেজা (আলাইহিস্ সালাম) বলেছেন: ‘আল্লাহ মহিমান্বিত ও পরাক্রমশালী, সাইয়্যিদা ফাতিমাতুয্ যাহরা (আলাইহাস্ সালাম)-এর মোহরানা (মাহর) হিসেবে পৃথিবীর এক-পঞ্চমাংশ নির্ধারণ করেছেন।’”"
B1-C00139,2084,REF-051,ATTRIBUTION_FORMULA,CONFLICT,KEEP-ATTRIBUTION-ONLY or author decision — no silent deletion,KEEP_ATTRIBUTION_ONLY | SUPPLY_LOCKED_SOURCE | DROP_UNTIL_SOURCE | OTHER — no silent deletion,,NO,"তারপর তিনি ঘটনাটা বললেন। বর্ণিত আছে, রাসূলুল্লাহ ﷺ-এর একজন সাহাবি, হযরত আবু যার আল-গিফারী বলেন: “আমি একদিন রাসূলুল্লাহ ﷺ-এর সঙ্গে যোহরের সালাত আদায় করছিলাম। হঠাৎ একজন ভিক্ষুক মসজিদে প্রবেশ করল, কিন্তু কেউ তাকে সাহায্য করল না। সে দু’হাত তুলে আল্লাহর কাছে ফরিয়াদ করল— ‘ইয়া আল্লাহ, আমি সাহায্য চাইলাম, কিন্তু কেউ কিছু দিল না।’ সেই সময় হযরত আলী ইবনে আবু তালিব (আলাইহিস্ সালাম) রুকু অবস্থায় ছিলেন। তি"
B1-C00157,2203,REF-057,ATTRIBUTION_FORMULA,CONFLICT,KEEP-ATTRIBUTION-ONLY or author decision — no silent deletion,KEEP_ATTRIBUTION_ONLY | SUPPLY_LOCKED_SOURCE | DROP_UNTIL_SOURCE | OTHER — no silent deletion,,NO,"•  ফাতিমা (আলাইহাস্ সালাম)-এর মোহর হিসেবে পৃথিবীর এক-পঞ্চমাংশ (অংশ ৫১) ও দর্জির সূঁচের খুমস (অংশ ৫৯): লেখকের খাতায় ফিকহুর রেজা গ্রন্থের নামে আছে; মূল পাতা মেলানো হয়নি, তাই «বর্ণিত আছে» / «এক হাদিসে বর্ণিত হয়েছে»।"
B1-C00159,2261,REF-058,ATTRIBUTION_FORMULA,PAGE-CHECK,KEEP-ATTRIBUTION-ONLY or author decision — no silent deletion,KEEP_ATTRIBUTION_ONLY | SUPPLY_LOCKED_SOURCE | DROP_UNTIL_SOURCE | OTHER — no silent deletion,,NO,"বুরুল্লাহ মাথা নাড়ল, যেন এটাই প্রত্যাশিত। “বর্ণিত আছে, ইমাম আলী (আলাইহিস্ সালাম)-এর নামাজে তীর বের করা হয়েছিল, আর তিনি টেরও পাননি— এমন আত্মস্থতা, এমন ঈমানের গভীরতা কেবল ইমামিয় দৃষ্টিভঙ্গিতে সম্ভব।”"
B1-C00162,2295,REF-060,ATTRIBUTION_FORMULA,PAGE-CHECK,KEEP-ATTRIBUTION-ONLY or author decision — no silent deletion,KEEP_ATTRIBUTION_ONLY | SUPPLY_LOCKED_SOURCE | DROP_UNTIL_SOURCE | OTHER — no silent deletion,,NO,•  ইমাম আলী (আলাইহিস্ সালাম)-এর নামাজে তীর বের করা — প্রসিদ্ধ বর্ণনা; মূল কিতাবের পৃষ্ঠা মেলানো হয়নি — «বর্ণিত আছে»।
B1-C00165,2326,REF-062,ATTRIBUTION_FORMULA,PAGE-CHECK,KEEP-ATTRIBUTION-ONLY or author decision — no silent deletion,KEEP_ATTRIBUTION_ONLY | SUPPLY_LOCKED_SOURCE | DROP_UNTIL_SOURCE | OTHER — no silent deletion,,NO,"“বর্ণিত আছে, ইমাম হাসান (আলাইহিস্ সালাম) ছোটবেলায় এক জুমার রাতে দেখেছিলেন, তাঁর আম্মা মা সাইয়্যিদা ফাতিমাতুয্ যাহরা (আলাইহাস্ সালাম) সারা রাত মেহরাবে দাঁড়িয়ে আছেন। রুকু, সিজদা, তারপর দোয়া। ভোর পর্যন্ত। আর পুরো রাত তিনি দোয়া করলেন প্রতিবেশীদের জন্য, মুমিন নারী-পুরুষদের জন্য, নাম ধরে ধরে। নিজের জন্য একটি দোয়াও না। ইমাম হাসান (আলাইহিস্ সালাম) সকালে জিজ্ঞেস করলেন, আম্মা, আপনি নিজের জন্য দোয়া ক"
B1-C00179,2553,REF-066,ATTRIBUTION_FORMULA,CONFLICT,KEEP-ATTRIBUTION-ONLY or author decision — no silent deletion,KEEP_ATTRIBUTION_ONLY | SUPPLY_LOCKED_SOURCE | DROP_UNTIL_SOURCE | OTHER — no silent deletion,,NO,"""এই তসবিহ যার, সে আমার মা। বুরুল্লাহর দাদি। প্রতি নামাজের পর তিনি তিনটি বাক্য পড়তেন। চৌত্রিশবার আল্লাহু আকবার। তেত্রিশবার আলহামদুলিল্লাহ। তেত্রিশবার সুবহানাল্লাহ। একে বলে তাসবিহে যাহরা। বর্ণিত আছে, রাসূলুল্লাহ ﷺ নিজের মেয়েকে এটি শিখিয়েছিলেন, যখন ঘরের কাজে তাঁর হাতে ফোসকা পড়েছিল।"""
B1-C00183,2597,REF-069,ATTRIBUTION_FORMULA,CONFLICT,KEEP-ATTRIBUTION-ONLY or author decision — no silent deletion,KEEP_ATTRIBUTION_ONLY | SUPPLY_LOCKED_SOURCE | DROP_UNTIL_SOURCE | OTHER — no silent deletion,,NO,•  «উম্মে আবিহা» উপাধি — বর্ণিত আছে।
B1-C00217,2790,REF-078,ATTRIBUTION_FORMULA,CONFLICT,KEEP-ATTRIBUTION-ONLY or author decision — no silent deletion,KEEP_ATTRIBUTION_ONLY | SUPPLY_LOCKED_SOURCE | DROP_UNTIL_SOURCE | OTHER — no silent deletion,,NO,"ভাঙা কাপটা তিনি নিজের হাতে রাখলেন। এক চুমুক দিলেন। তারপর বললেন, ""এক নম্বর কথা। রাসূলুল্লাহ ﷺ নিজে মেয়েকে ফাদাক দিয়ে গেছেন। বর্ণিত আছে, লিখেও দিয়ে গেছেন। যাঁর কথা কুরআনের পরেই চূড়ান্ত, তাঁর দেওয়া জিনিসের জন্য আবার সাক্ষী লাগবে? এটা মেয়ের জন্য অপমান না?"""
B1-C00234,2909,REF-084,ATTRIBUTION_FORMULA,PAGE-CHECK,KEEP-ATTRIBUTION-ONLY or author decision — no silent deletion,KEEP_ATTRIBUTION_ONLY | SUPPLY_LOCKED_SOURCE | DROP_UNTIL_SOURCE | OTHER — no silent deletion,,NO,•  সালমানের প্রশ্ন ও «মুশরিক/জাহিল» ভাগ — বর্ণিত আছে (মূল কিতাব মেলানো বাকি)।
B1-C00296,3532,REF-087,ATTRIBUTION_FORMULA,CONFLICT,KEEP-ATTRIBUTION-ONLY or author decision — no silent deletion,KEEP_ATTRIBUTION_ONLY | SUPPLY_LOCKED_SOURCE | DROP_UNTIL_SOURCE | OTHER — no silent deletion,,NO,•  «অন্তরে সরিষা দানা পরিমাণ অহংকার» — এই শব্দে সূত্র খাতায় নেই — «বর্ণিত আছে»।
B1-C00302,3637,REF-090,ATTRIBUTION_FORMULA,PAGE-CHECK,KEEP-ATTRIBUTION-ONLY or author decision — no silent deletion,KEEP_ATTRIBUTION_ONLY | SUPPLY_LOCKED_SOURCE | DROP_UNTIL_SOURCE | OTHER — no silent deletion,,NO,"•  «তিনটি গুণ… ঈমান পূর্ণ হবে», «আমানতদার… প্রাচুর্যকে বিপদ», «সবকিছুই তাকে ভয় করে», «ফেরেশতারা মুমিনদের নূর দেখে» — খাতায় সূত্রহীন — «বর্ণিত আছে»।"
B1-C00303,3638,REF-091,ATTRIBUTION_FORMULA,PAGE-CHECK,KEEP-ATTRIBUTION-ONLY or author decision — no silent deletion,KEEP_ATTRIBUTION_ONLY | SUPPLY_LOCKED_SOURCE | DROP_UNTIL_SOURCE | OTHER — no silent deletion,,NO,•  «আল্লাহ মুমিনকে দুনিয়ার বিপদ থেকে মুক্ত রাখেননি…» — খাতায় সূত্রহীন — «বর্ণিত আছে»।
B1-C00311,3869,REF-095,ATTRIBUTION_FORMULA,CONFLICT,KEEP-ATTRIBUTION-ONLY or author decision — no silent deletion,KEEP_ATTRIBUTION_ONLY | SUPPLY_LOCKED_SOURCE | DROP_UNTIL_SOURCE | OTHER — no silent deletion,,NO,•  «তোমার সবচেয়ে বড় শত্রু… তোমার নফস» — ইমাম আলী (আলাইহিস্ সালাম)-এর নামে প্রচলিত; সূত্র খাতায় নেই — «বর্ণিত আছে»।
B1-C00320,4060,REF-097,ATTRIBUTION_FORMULA,PAGE-CHECK,KEEP-ATTRIBUTION-ONLY or author decision — no silent deletion,KEEP_ATTRIBUTION_ONLY | SUPPLY_LOCKED_SOURCE | DROP_UNTIL_SOURCE | OTHER — no silent deletion,,NO,"•  তাসনিম-সংক্রান্ত হাদীসগুলো (ক্ষুধার্তকে খাওয়ানো, মাদক পরিত্যাগ, «আমি প্রথম ব্যক্তি হব», আবু জাফর ও ইমাম সাদিক (আলাইহিমাস্ সালাম)-এর ব্যাখ্যা) — খাতায় সূত্রহীন — «বর্ণিত আছে»।"
B1-C00326,4136,REF-100,NO_SOURCE_STATED,NOT_FOUND,KEEP-ATTRIBUTION-ONLY or author decision — no silent deletion,KEEP_ATTRIBUTION_ONLY | SUPPLY_LOCKED_SOURCE | DROP_UNTIL_SOURCE | OTHER — no silent deletion,,NO,"•  «সর্বপ্রথম জান্নাতে… আশেকরা পশ্চাতে», «আশেকরা একই স্থানে… পানাহার একত্রে» — খাতায় আরবি পাঠ আছে, সূত্র নেই — «বর্ণিত আছে»।"
B1-C00332,4225,REF-104,ATTRIBUTION_FORMULA,PAGE-CHECK,KEEP-ATTRIBUTION-ONLY or author decision — no silent deletion,KEEP_ATTRIBUTION_ONLY | SUPPLY_LOCKED_SOURCE | DROP_UNTIL_SOURCE | OTHER — no silent deletion,,NO,•  আবু আবদুল্লাহ (আলাইহিস্ সালাম): নামাজে কাওসার পাঠের ফজিলত; «আত্মার সন্তান» — খাতায় সূত্রহীন — «বর্ণিত আছে»।
B1-C00333,4226,REF-105,ATTRIBUTION_FORMULA,CONFLICT,KEEP-ATTRIBUTION-ONLY or author decision — no silent deletion,KEEP_ATTRIBUTION_ONLY | SUPPLY_LOCKED_SOURCE | DROP_UNTIL_SOURCE | OTHER — no silent deletion,,NO,•  ইবনে আব্বাস: «আল কাওসার কী?» — খাতায় সূত্রহীন — «বর্ণিত আছে»।
B1-C00343,4397,REF-108,ATTRIBUTION_FORMULA,PAGE-CHECK,KEEP-ATTRIBUTION-ONLY or author decision — no silent deletion,KEEP_ATTRIBUTION_ONLY | SUPPLY_LOCKED_SOURCE | DROP_UNTIL_SOURCE | OTHER — no silent deletion,,NO,"•  «আমি ইলমের পাল্লা, আলী তার বাটখারা… ফাতেমা দস্তা…» — খাতা ১ ¶4809–4811 (ইবনে আব্বাস থেকে); কিতাবের নাম খাতায় নেই — «বর্ণিত আছে»।"
B1-C00345,4399,REF-110,ATTRIBUTION_FORMULA,PAGE-CHECK,KEEP-ATTRIBUTION-ONLY or author decision — no silent deletion,KEEP_ATTRIBUTION_ONLY | SUPPLY_LOCKED_SOURCE | DROP_UNTIL_SOURCE | OTHER — no silent deletion,,NO,•  «ক্ষুধার্তকে আহার করানো → জান্নাতের ফল» ও «আশেকদের পানাহার একত্রে» — অধ্যায় ২ ও ৩-এর সূত্র দেখো («বর্ণিত আছে»)।
B1-C00353,4669,REF-111,ATTRIBUTION_FORMULA,PAGE-CHECK,KEEP-ATTRIBUTION-ONLY or author decision — no silent deletion,KEEP_ATTRIBUTION_ONLY | SUPPLY_LOCKED_SOURCE | DROP_UNTIL_SOURCE | OTHER — no silent deletion,,NO,"•  মসজিদে নববীর গা-ঘেঁষা মা সাইয়্যিদা (আলাইহাস্ সালাম)-এর ঘরের দরজা ও বাকির কিনারের ছোট ঘর — বর্ণিত আছে; মানচিত্রটি গল্পের ভেতরে বোঝার জন্য আঁকা, মাপজোখ নয়।"
B1-C00354,4761,REF-112,ATTRIBUTION_FORMULA,PAGE-CHECK,KEEP-ATTRIBUTION-ONLY or author decision — no silent deletion,KEEP_ATTRIBUTION_ONLY | SUPPLY_LOCKED_SOURCE | DROP_UNTIL_SOURCE | OTHER — no silent deletion,,NO,"“আমিরুল মুমিনীন (আলাইহিস্ সালাম) প্রথম জনের হাত ধরে দেখালেন, এমন বর্ণিত আছে।” বুরুল্লাহ বোর্ডের দিকে পিঠ দিয়ে দাঁড়াল। “তুই হাফেজ, ফয়সাল। একশো উনসত্তর তো তোর মুখস্থ। আল্লাহর পথে যারা নিহত, তাদের মৃত বলো না, তারা জীবিত। শহীদ জীবিত, আর যিনি সব শহীদের নেতা, তিনি?”"
B1-C00359,4801,REF-115,NO_SOURCE_STATED,NOT_FOUND,KEEP-ATTRIBUTION-ONLY or author decision — no silent deletion,KEEP_ATTRIBUTION_ONLY | SUPPLY_LOCKED_SOURCE | DROP_UNTIL_SOURCE | OTHER — no silent deletion,,NO,•  আমিরুল মুমিনীন (আলাইহিস্ সালাম) আবু বকরের হাত ধরে দেখান — বর্ণিত আছে; PAGE-CHECK (খাতায় সূত্র নেই)।
B1-C00378,4951,REF-116,ATTRIBUTION_FORMULA,CONFLICT,KEEP-ATTRIBUTION-ONLY or author decision — no silent deletion,KEEP_ATTRIBUTION_ONLY | SUPPLY_LOCKED_SOURCE | DROP_UNTIL_SOURCE | OTHER — no silent deletion,,NO,"•  ফাদাকের খেজুরবাগান মুসা (আলাইহিস্ সালাম)-এর অনুসারীদের রোপণ, মদিনা থেকে «প্রায় ১৫৩ কিলোমিটার», নূহ (আলাইহিস্ সালাম)-এর পুত্র হামের উত্তরাধিকার — বর্ণিত আছে; PAGE-CHECK।"
B1-C00400,5216,REF-120,ATTRIBUTION_FORMULA,PAGE-CHECK,KEEP-ATTRIBUTION-ONLY or author decision — no silent deletion,KEEP_ATTRIBUTION_ONLY | SUPPLY_LOCKED_SOURCE | DROP_UNTIL_SOURCE | OTHER — no silent deletion,,NO,"•  মুসা (আলাইহিস্ সালাম)-কে «যে জবান কখনো অবাধ্য হয়নি» — বর্ণিত আছে (উদ্দাতুদ দাঈ, ইবনে ফাহদ হিল্লি) — PAGE-CHECK; শেখ আবদুল করিম হামেদ ও তলবে ইলমের স্বপ্ন — বুজুর্গদের মুখে শোনা, বর্ণিত আছে।"
B1-C00438,5347,REF-125,ATTRIBUTION_FORMULA,CONFLICT,KEEP-ATTRIBUTION-ONLY or author decision — no silent deletion,KEEP_ATTRIBUTION_ONLY | SUPPLY_LOCKED_SOURCE | DROP_UNTIL_SOURCE | OTHER — no silent deletion,,NO,•  ফাদাক সাইয়্যেদা খাদিজা (আলাইহাস্ সালাম)-এর মোহরানা — বর্ণিত আছে; সূত্র খোলা।
B1-C00458,5504,REF-129,ATTRIBUTION_FORMULA,PAGE-CHECK,KEEP-ATTRIBUTION-ONLY or author decision — no silent deletion,KEEP_ATTRIBUTION_ONLY | SUPPLY_LOCKED_SOURCE | DROP_UNTIL_SOURCE | OTHER — no silent deletion,,NO,•  «আমার উপর যে দুর্যোগ নেমে এসেছে…» — মা সাইয়্যিদা (আলাইহাস্ সালাম)-এর শোকগাথা হিসেবে বর্ণিত আছে; PAGE-CHECK।
B1-C00492,5676,REF-133,ATTRIBUTION_FORMULA,PAGE-CHECK,KEEP-ATTRIBUTION-ONLY or author decision — no silent deletion,KEEP_ATTRIBUTION_ONLY | SUPPLY_LOCKED_SOURCE | DROP_UNTIL_SOURCE | OTHER — no silent deletion,,NO,•  ইমাম মুসা কাজিম (আলাইহিস্ সালাম) ও হারুনের সামনে ফাদাকের সীমানা — বর্ণিত আছে; PAGE-CHECK।
B1-C00550,6307,REF-154,ATTRIBUTION_FORMULA,CONFLICT,KEEP-ATTRIBUTION-ONLY or author decision — no silent deletion,KEEP_ATTRIBUTION_ONLY | SUPPLY_LOCKED_SOURCE | DROP_UNTIL_SOURCE | OTHER — no silent deletion,,NO,•  «সর্বপ্রথম আল্লাহ নূরকে সৃষ্টি করেছেন… সকল বস্তু আমার নূর থেকে» — বর্ণিত আছে (জাবির থেকে); PAGE-CHECK।
B1-C00551,6308,REF-155,ATTRIBUTION_FORMULA,CONFLICT,KEEP-ATTRIBUTION-ONLY or author decision — no silent deletion,KEEP_ATTRIBUTION_ONLY | SUPPLY_LOCKED_SOURCE | DROP_UNTIL_SOURCE | OTHER — no silent deletion,,NO,•  উম্মে আবিহা — বর্ণিত আছে; PAGE-CHECK।
B1-C00559,6459,REF-159,ATTRIBUTION_FORMULA,PAGE-CHECK,KEEP-ATTRIBUTION-ONLY or author decision — no silent deletion,KEEP_ATTRIBUTION_ONLY | SUPPLY_LOCKED_SOURCE | DROP_UNTIL_SOURCE | OTHER — no silent deletion,,NO,"•  হুজরাত ১–১০ ও প্রথম দুই খলিফা — শ্রোতা ০৪ (আব্বুর মুখে), বর্ণিত আছে; PAGE-CHECK।"
B1-C00566,6576,REF-162,ATTRIBUTION_FORMULA,PAGE-CHECK,KEEP-ATTRIBUTION-ONLY or author decision — no silent deletion,KEEP_ATTRIBUTION_ONLY | SUPPLY_LOCKED_SOURCE | DROP_UNTIL_SOURCE | OTHER — no silent deletion,,NO,"“সা’লাবীর তাফসিরে বর্ণিত আছে, আবদুল্লাহ ইবনে আতা বলেন—আবদুল্লাহ বিন সালাম ঘোষণা দিতেন, ‘যার কাছে কিতাবের পূর্ণ জ্ঞান আছে’—এটি ইমাম আলী (আলাইহিস্ সালাম)। তাই তো তিনি বলতেন, ‘আমার মৃত্যুর পূর্বে যা চাও, জিজ্ঞেস করো।’ তাঁর জ্ঞানের গভীরতা ছিল এক সাগরের মতো, যেখানে প্রতিটি বিন্দুই মহাবিশ্বের একেকটি রহস্য।”"
B1-C00576,6648,REF-165,ATTRIBUTION_FORMULA,PAGE-CHECK,KEEP-ATTRIBUTION-ONLY or author decision — no silent deletion,KEEP_ATTRIBUTION_ONLY | SUPPLY_LOCKED_SOURCE | DROP_UNTIL_SOURCE | OTHER — no silent deletion,,NO,"•  ইবনে আব্বাস ও যাবের — আহলুয যিকর = আহলুল বাইত; ইমাম জাফর সাদিক ও ইমাম রেযা (আলাইহিমাস্ সালাম)-এর বাণী — বর্ণিত আছে, PAGE-CHECK।"
B1-C00579,6721,REF-167,ATTRIBUTION_FORMULA,CONFLICT,KEEP-ATTRIBUTION-ONLY or author decision — no silent deletion,KEEP_ATTRIBUTION_ONLY | SUPPLY_LOCKED_SOURCE | DROP_UNTIL_SOURCE | OTHER — no silent deletion,,NO,"হাদিসে বর্ণিত আছে—একজন ব্যক্তি তার মাকে কাঁধে করে কাবার চারপাশে তাওয়াফ করালেন। তিনি ভাবলেন, হয়তো এভাবে তিনি তার মায়ের ঋণ শোধ করতে পারলেন। কিন্তু রাসূলুল্লাহ ﷺ বললেন, “না, এমনকি মায়ের এক মুহূর্তের কষ্টের প্রতিদানও হয়নি।” এটি এক মহাসত্য—সন্তান চাইলেও মায়ের ঋণ পরিশোধ করতে পারবে না।"
B1-C00582,6740,REF-169,ATTRIBUTION_FORMULA,CONFLICT,KEEP-ATTRIBUTION-ONLY or author decision — no silent deletion,KEEP_ATTRIBUTION_ONLY | SUPPLY_LOCKED_SOURCE | DROP_UNTIL_SOURCE | OTHER — no silent deletion,,NO,"•  «এতিমের এক দিরহাম… আমরাই সেই এতিম» — ইমাম রেজা (আলাইহিস্ সালাম) — বর্ণিত আছে, PAGE-CHECK।"
B1-C00584,6742,REF-171,ATTRIBUTION_FORMULA,CONFLICT,KEEP-ATTRIBUTION-ONLY or author decision — no silent deletion,KEEP_ATTRIBUTION_ONLY | SUPPLY_LOCKED_SOURCE | DROP_UNTIL_SOURCE | OTHER — no silent deletion,,NO,"•  মাকে কাঁধে নিয়ে তাওয়াফ — বর্ণিত আছে, PAGE-CHECK।"
B1-C00588,6791,REF-172,ATTRIBUTION_FORMULA,CONFLICT,KEEP-ATTRIBUTION-ONLY or author decision — no silent deletion,KEEP_ATTRIBUTION_ONLY | SUPPLY_LOCKED_SOURCE | DROP_UNTIL_SOURCE | OTHER — no silent deletion,,NO,"বুরুল্লাহ আস্তে যোগ করল, “বর্ণিত আছে, কিয়ামতের দিন রাসূলুল্লাহ ﷺ এবং ইমাম আলী (আলাইহিস্ সালাম) সেই সেতুর উপর থাকবেন এবং কেবল তাঁদের ওয়ালিয়াতের উপর দৃঢ়পদে বহাল থাকা ব্যক্তিদেরই পার হতে দেবেন।"
B1-C00593,6806,REF-175,ATTRIBUTION_FORMULA,PAGE-CHECK,KEEP-ATTRIBUTION-ONLY or author decision — no silent deletion,KEEP_ATTRIBUTION_ONLY | SUPPLY_LOCKED_SOURCE | DROP_UNTIL_SOURCE | OTHER — no silent deletion,,NO,"•  «সূর্য, চাঁদ, শুক্রতারা, দুই তারকা» — বর্ণিত আছে, PAGE-CHECK।"
B1-C00594,6826,REF-176,ATTRIBUTION_FORMULA,CONFLICT,KEEP-ATTRIBUTION-ONLY or author decision — no silent deletion,KEEP_ATTRIBUTION_ONLY | SUPPLY_LOCKED_SOURCE | DROP_UNTIL_SOURCE | OTHER — no silent deletion,,NO,"বুরুল্লাহ বলল, “বর্ণিত আছে, আবু আবদুল্লাহ (আলাইহিস্ সালাম)-কে আয়াতের এই অংশটি, “এবং নিশ্চয়ই এটি আমার সরল পথ, সুতরাং এ পথ অনুসরণ করো, ” সম্পর্কে জিজ্ঞাসা করা হলে, তিনি বললেন: “আল্লাহর কসম, এটি আলী (আলাইহিস্ সালাম)-কে বোঝায়। আল্লাহর কসম, তিনিই সরল পথ এবং মিজান (মানদণ্ড)।”"
B1-C00629,7423,REF-193,ATTRIBUTION_FORMULA,PAGE-CHECK,KEEP-ATTRIBUTION-ONLY or author decision — no silent deletion,KEEP_ATTRIBUTION_ONLY | SUPPLY_LOCKED_SOURCE | DROP_UNTIL_SOURCE | OTHER — no silent deletion,,NO,"•  আমিরুল মুমিনীন (আ.): «لَا خَیْرَ فِی مَنْ لَا یَتَحَبَّبُ وَ لَا یَتَبَغَّضُ» — বর্ণিত আছে, PAGE-CHECK (গুরারুল হিকাম?)।"
B1-C00634,7497,REF-196,ATTRIBUTION_FORMULA,PAGE-CHECK,KEEP-ATTRIBUTION-ONLY or author decision — no silent deletion,KEEP_ATTRIBUTION_ONLY | SUPPLY_LOCKED_SOURCE | DROP_UNTIL_SOURCE | OTHER — no silent deletion,,NO,"•  «সাত আসমানের আড়ালে লুক্কায়িত» শপথকারীকে তিরস্কার — বর্ণিত আছে, PAGE-CHECK।"
B1-C00648,7768,REF-205,ATTRIBUTION_FORMULA,CONFLICT,KEEP-ATTRIBUTION-ONLY or author decision — no silent deletion,KEEP_ATTRIBUTION_ONLY | SUPPLY_LOCKED_SOURCE | DROP_UNTIL_SOURCE | OTHER — no silent deletion,,NO,"“বর্ণিত আছে, আল্লাহ বলেছেন— আমাকে ভালোবাসো, তার আগে আমার রাসূলকে ভালোবাসো, আর রাসূলকে ভালোবাসো, তার আগে আমার ওলিকে ভালোবাসো।”"
B1-C00653,7813,REF-207,ATTRIBUTION_FORMULA,CONFLICT,KEEP-ATTRIBUTION-ONLY or author decision — no silent deletion,KEEP_ATTRIBUTION_ONLY | SUPPLY_LOCKED_SOURCE | DROP_UNTIL_SOURCE | OTHER — no silent deletion,,NO,"•  «আমি জ্ঞানের শহর, আলী তার দরজা» — বর্ণিত আছে; PAGE-CHECK (কিতাব-খণ্ড-পৃষ্ঠা লাগবে)।"
B1-C00654,7814,REF-208,ATTRIBUTION_FORMULA,CONFLICT,KEEP-ATTRIBUTION-ONLY or author decision — no silent deletion,KEEP_ATTRIBUTION_ONLY | SUPPLY_LOCKED_SOURCE | DROP_UNTIL_SOURCE | OTHER — no silent deletion,,NO,"•  কিশতীর হাদীস («যে চড়বে, সে নাজাত পাবে») — বর্ণিত আছে; PAGE-CHECK।"
B1-C00656,7816,REF-209,ATTRIBUTION_FORMULA,CONFLICT,KEEP-ATTRIBUTION-ONLY or author decision — no silent deletion,KEEP_ATTRIBUTION_ONLY | SUPPLY_LOCKED_SOURCE | DROP_UNTIL_SOURCE | OTHER — no silent deletion,,NO,"•  «আমাকে ভালোবাসো, তার আগে আমার রাসূলকে… ওলিকে» — বর্ণিত আছে; উৎস পাওয়া যায়নি, PAGE-CHECK।"
B1-C00659,7871,REF-211,ATTRIBUTION_FORMULA,CONFLICT,KEEP-ATTRIBUTION-ONLY or author decision — no silent deletion,KEEP_ATTRIBUTION_ONLY | SUPPLY_LOCKED_SOURCE | DROP_UNTIL_SOURCE | OTHER — no silent deletion,,NO,"বুরুল্লাহ সোজা হয়ে বসল। হাত বাড়িয়ে আমার খাতাটা নিল; এই আয়াতের নিচে আমি একটি বর্ণনা টুকে রেখেছিলাম, সে জানত। মোবাইলের আলো পাতায় ফেলে পড়ল, “এই আয়াতের তাফসিরে ইমাম সাদিক (আলাইহিস্ সালাম) বলেছেন বলে বর্ণিত আছে— যেহেতু উল্লেখিত ‘গভীর অন্ধকার’ বলতে প্রথমজনকে এবং তার সঙ্গীদেরকে বোঝানো হয়েছে, ‘যাকে আচ্ছন্ন করে রেখেছে ঢেউয়ের উপরে ঢেউ’ বলতে তৃতীয়জনকে— ‘তার উপরে মেঘ, একের পর এক অন্ধকারের স্তর’ বলতে"
B1-C00668,8000,REF-215,ATTRIBUTION_FORMULA,PAGE-CHECK,KEEP-ATTRIBUTION-ONLY or author decision — no silent deletion,KEEP_ATTRIBUTION_ONLY | SUPPLY_LOCKED_SOURCE | DROP_UNTIL_SOURCE | OTHER — no silent deletion,,NO,"“বর্ণিত আছে, একবার অতীতের যুগে এক ব্যক্তি হালাল উপায়ে দুনিয়া অর্জনের চেষ্টা করল, কিন্তু তাতে সফল হতে পারল না। সে হারাম উপায়েও চেষ্টা করল, কিন্তু তাতেও সফল হলো না।"
B1-C00669,8019,REF-216,ATTRIBUTION_FORMULA,CONFLICT,KEEP-ATTRIBUTION-ONLY or author decision — no silent deletion,KEEP_ATTRIBUTION_ONLY | SUPPLY_LOCKED_SOURCE | DROP_UNTIL_SOURCE | OTHER — no silent deletion,,NO,"“বর্ণিত আছে, ইমাম আল-রেযা (আলাইহিস্ সালাম)-এর সেবা করতেন এমন একজন বর্ণনা করেছেন, ইমাম বলেছেন— ‘একজন মুমিন কখনোই পরিপূর্ণ মুমিন হতে পারে না, যতক্ষণ না তার মধ্যে তিনটি গুণাবলি থাকে— তার প্রতিপালকের (আল্লাহ) একটি সুন্নাহ, তার নবীর একটি সুন্নাহ, তার ইমামের (আলাইহিস্ সালাম) একটি সুন্নাহ।’”"
B1-C00676,8094,REF-220,ATTRIBUTION_FORMULA,CONFLICT,KEEP-ATTRIBUTION-ONLY or author decision — no silent deletion,KEEP_ATTRIBUTION_ONLY | SUPPLY_LOCKED_SOURCE | DROP_UNTIL_SOURCE | OTHER — no silent deletion,,NO,•  ইমাম আল-রেযা (আলাইহিস্ সালাম)-এর «তিন সুন্নাহ» — বর্ণিত আছে; PAGE-CHECK।
B1-C00677,8095,REF-221,ATTRIBUTION_FORMULA,PAGE-CHECK,KEEP-ATTRIBUTION-ONLY or author decision — no silent deletion,KEEP_ATTRIBUTION_ONLY | SUPPLY_LOCKED_SOURCE | DROP_UNTIL_SOURCE | OTHER — no silent deletion,,NO,•  «মুহাম্মাদের হালাল কিয়ামত পর্যন্ত হালাল…» — বর্ণিত আছে; PAGE-CHECK।
B1-C00681,8134,REF-222,ATTRIBUTION_FORMULA,CONFLICT,KEEP-ATTRIBUTION-ONLY or author decision — no silent deletion,KEEP_ATTRIBUTION_ONLY | SUPPLY_LOCKED_SOURCE | DROP_UNTIL_SOURCE | OTHER — no silent deletion,,NO,"ইবনু আব্বাস হতে বর্ণিত আছে, রাসূলুল্লাহ ﷺ বলেন: নিশ্চিতভাবে যা তোমাদের জানা আছে তা ব্যতীত আমার নিকট হতে হাদীস বর্ণনা করা থেকে তোমরা নিবৃত্ত থাকবে। কারণ যে ব্যক্তি ইচ্ছাকৃতভাবে আমার প্রতি মিথ্যা আরোপ করে সে যেন জাহান্নামকে নিজের আবাস বানিয়ে নিল। আর যে ব্যক্তি নিজের খেয়াল মর্জিমত কুরআন প্রসঙ্গে কথা বলে সেও যেন জাহান্নামকে নিজের গৃহ বানিয়ে নিল।"
B1-C00704,8292,REF-228,ATTRIBUTION_FORMULA,CONFLICT,KEEP-ATTRIBUTION-ONLY or author decision — no silent deletion,KEEP_ATTRIBUTION_ONLY | SUPPLY_LOCKED_SOURCE | DROP_UNTIL_SOURCE | OTHER — no silent deletion,,NO,"•  «রাসূলুল্লাহ ﷺ জাবিরকে বলেছিলেন… জ্ঞান-দ্বার» (REV1-এ ফেরানো, ¶12313–12315) — বর্ণিত আছে; PAGE-CHECK।"
B1-C00705,8293,REF-229,ATTRIBUTION_FORMULA,PAGE-CHECK,KEEP-ATTRIBUTION-ONLY or author decision — no silent deletion,KEEP_ATTRIBUTION_ONLY | SUPPLY_LOCKED_SOURCE | DROP_UNTIL_SOURCE | OTHER — no silent deletion,,NO,"•  «তুমি স্পষ্ট পথ, সরল পথ, মুমিনদের ইয়াকুব» — বর্ণিত আছে; PAGE-CHECK।"
B1-C00706,8294,REF-230,ATTRIBUTION_FORMULA,PAGE-CHECK,KEEP-ATTRIBUTION-ONLY or author decision — no silent deletion,KEEP_ATTRIBUTION_ONLY | SUPPLY_LOCKED_SOURCE | DROP_UNTIL_SOURCE | OTHER — no silent deletion,,NO,"•  «আমরাই আল্লাহর সরল পথ, আমরাই তাঁর রহমত» (ইমাম আল-বাকির (আলাইহিস্ সালাম)) — বর্ণিত আছে; PAGE-CHECK।"
B1-C00709,8348,REF-233,ATTRIBUTION_FORMULA,CONFLICT,KEEP-ATTRIBUTION-ONLY or author decision — no silent deletion,KEEP_ATTRIBUTION_ONLY | SUPPLY_LOCKED_SOURCE | DROP_UNTIL_SOURCE | OTHER — no silent deletion,,NO,"“আর তুমি গাদিরের কথা তো শুনেছ।” চাচা ডান হাতের তর্জনী বাঁ হাতের কড়ে আঙুলে রাখলেন। “যার মাওলা আমি, আলী তার মাওলা। রাসূলুল্লাহ ﷺ বিদায় হজ থেকে ফেরার পথে, রোদের মধ্যে থেমে, আলী (আলাইহিস্ সালাম)-এর হাত তুলে এই কথা বলেছিলেন। বর্ণিত আছে, এরপর সাহাবিরা ইমাম আলী (আলাইহিস্ সালাম)-কে অভিনন্দন জানিয়েছিলেন— অভিনন্দন হোক হে আবু তালিবের পুত্র! তুমি আমার এবং প্রতিটি মুমিন নরনারীর মাওলা হয়ে গেছো।”"
B1-C00710,8354,REF-234,ATTRIBUTION_FORMULA,PAGE-CHECK,KEEP-ATTRIBUTION-ONLY or author decision — no silent deletion,KEEP_ATTRIBUTION_ONLY | SUPPLY_LOCKED_SOURCE | DROP_UNTIL_SOURCE | OTHER — no silent deletion,,NO,"“একটা কথা আছে,” চাচা বললেন, স্লেটের দিকে পিঠ রেখে। “বর্ণিত আছে, কেউ কেউ বলত, যে আমাকে চতুর্থ খলিফা স্বীকার করবে না, তার ওপর আল্লাহর লানত। মানুষ ভাবে, চতুর্থ মানে কারও পরে তিন জন শাসক। কিন্তু…”"
B1-C00719,8438,REF-239,ATTRIBUTION_FORMULA,PAGE-CHECK,KEEP-ATTRIBUTION-ONLY or author decision — no silent deletion,KEEP_ATTRIBUTION_ONLY | SUPPLY_LOCKED_SOURCE | DROP_UNTIL_SOURCE | OTHER — no silent deletion,,NO,•  «চতুর্থ খলিফা» উক্তি — বর্ণিত আছে; উৎস পাওয়া যায়নি।
B1-C00732,8648,REF-244,ATTRIBUTION_FORMULA,CONFLICT,KEEP-ATTRIBUTION-ONLY or author decision — no silent deletion,KEEP_ATTRIBUTION_ONLY | SUPPLY_LOCKED_SOURCE | DROP_UNTIL_SOURCE | OTHER — no silent deletion,,NO,"•  «আমি, আলী, ফাতিমা, হাসান, হুসাইন আরশের কাছে ছিলাম… আদমের এক হাজার বছর আগে» — বর্ণিত আছে; PAGE-CHECK।"
B1-C00733,8649,REF-245,ATTRIBUTION_FORMULA,CONFLICT,KEEP-ATTRIBUTION-ONLY or author decision — no silent deletion,KEEP_ATTRIBUTION_ONLY | SUPPLY_LOCKED_SOURCE | DROP_UNTIL_SOURCE | OTHER — no silent deletion,,NO,"•  «আমি জ্ঞানের শহর, আলী তার দরজা» — বর্ণিত আছে; PAGE-CHECK।"
B1-C00735,8733,REF-246,ATTRIBUTION_FORMULA,CONFLICT,KEEP-ATTRIBUTION-ONLY or author decision — no silent deletion,KEEP_ATTRIBUTION_ONLY | SUPPLY_LOCKED_SOURCE | DROP_UNTIL_SOURCE | OTHER — no silent deletion,,NO,"“বর্ণিত আছে,” আমি বললাম, “তাঁকে যাহরা বলা হতো, কারণ তিনি যখন মেহরাবে ইবাদতে দাঁড়াতেন, তাঁর নূর আসমানের অধিবাসীদের কাছে ঝলমল করে উঠত, যেমন পৃথিবীর মানুষের কাছে আকাশের তারা ঝলমল করে।”"
B1-C00739,8767,REF-248,ATTRIBUTION_FORMULA,PAGE-CHECK,KEEP-ATTRIBUTION-ONLY or author decision — no silent deletion,KEEP_ATTRIBUTION_ONLY | SUPPLY_LOCKED_SOURCE | DROP_UNTIL_SOURCE | OTHER — no silent deletion,,NO,•  ফেরেশতাদের ইবলিসকে ঘিরে ফেলা ও সমুদ্রে নিক্ষেপ — বর্ণিত আছে; PAGE-CHECK।
B1-C00753,8966,REF-256,ATTRIBUTION_FORMULA,CONFLICT,KEEP-ATTRIBUTION-ONLY or author decision — no silent deletion,KEEP_ATTRIBUTION_ONLY | SUPPLY_LOCKED_SOURCE | DROP_UNTIL_SOURCE | OTHER — no silent deletion,,NO,"বর্ণিত আছে, রাসূলুল্লাহ ﷺ বলেছেন: “নিশ্চয়ই আল্লাহ তোমাকে (হে ফাতেমা) এবং তোমার সন্তানদের জাহান্নামের আগুনে শাস্তি দিবেন না।”"
B1-C00754,8995,REF-257,ATTRIBUTION_FORMULA,CONFLICT,KEEP-ATTRIBUTION-ONLY or author decision — no silent deletion,KEEP_ATTRIBUTION_ONLY | SUPPLY_LOCKED_SOURCE | DROP_UNTIL_SOURCE | OTHER — no silent deletion,,NO,"«আহলুল বাইতের প্রতি ভালোবাসা শুধু আবেগ নয়, এটাই ইমানের ভিত্তি। আর তাঁদের বিরোধিতা মানেই— শয়তানী ফাঁদে পা দেওয়া। রাসূলুল্লাহ ﷺ বলেছেন বলে বর্ণিত আছে— ""আহলুল বাইত আমার, আর তাঁদের ভালোবাসা মানেই নাজাত।”»"
B1-C00760,9061,REF-259,ATTRIBUTION_FORMULA,CONFLICT,KEEP-ATTRIBUTION-ONLY or author decision — no silent deletion,KEEP_ATTRIBUTION_ONLY | SUPPLY_LOCKED_SOURCE | DROP_UNTIL_SOURCE | OTHER — no silent deletion,,NO,"•  «আল্লাহ তোমাকে ও তোমার সন্তানদের আগুনে শাস্তি দেবেন না»; «ফাতিমা সতীত্ব রক্ষা করেছেন, তাই আল্লাহ তাঁর সন্তানদের আগুন থেকে রক্ষা করেছেন»; «فطمها الله وفطم محبيها عن النار» — সবগুলো বর্ণিত আছে; PAGE-CHECK।"
B1-C00766,9096,REF-263,ATTRIBUTION_FORMULA,CONFLICT,KEEP-ATTRIBUTION-ONLY or author decision — no silent deletion,KEEP_ATTRIBUTION_ONLY | SUPPLY_LOCKED_SOURCE | DROP_UNTIL_SOURCE | OTHER — no silent deletion,,NO,"যখন তুমি কুরআন তিলাওয়াত করো, তখন শুনছো আল্লাহর বাণী। দোয়া হলো তোমার বক্তব্য, আর কুরআন হলো তাঁর উত্তর। বর্ণিত আছে: ‘তুমি যদি চাও আল্লাহ তোমার সঙ্গে কথা বলুন, তবে কুরআন পড়ো। আর তুমি যদি আল্লাহর সঙ্গে কথা বলতে চাও, তবে তাঁর কাছে দোয়া করো।’”"
B1-C00771,9143,REF-265,ATTRIBUTION_FORMULA,CONFLICT,KEEP-ATTRIBUTION-ONLY or author decision — no silent deletion,KEEP_ATTRIBUTION_ONLY | SUPPLY_LOCKED_SOURCE | DROP_UNTIL_SOURCE | OTHER — no silent deletion,,NO,"•  «কুরআন পড়ো, আল্লাহ কথা বলবেন; দোয়া করো, তুমি কথা বলবে» — বর্ণিত আছে; PAGE-CHECK।"
B1-C00774,9191,REF-267,ATTRIBUTION_FORMULA,CONFLICT,KEEP-ATTRIBUTION-ONLY or author decision — no silent deletion,KEEP_ATTRIBUTION_ONLY | SUPPLY_LOCKED_SOURCE | DROP_UNTIL_SOURCE | OTHER — no silent deletion,,NO,"চাচা একটু ঝুঁকে বললেন— “আমাদের মাওলা আলী (আলাইহিস্ সালাম)-এর কথা বলে বর্ণিত আছে— ‘নামাজ যেদিকে, আমি সেদিকে। আর আমি যেদিকে, নামাজ সেদিকে।’ তাঁর রুকু যেদিকে, আমাদের রুকুও সেদিকে হওয়া উচিত। যদি আনুগত্য ও কায়েম ছাড়া কেবল খালি আদায় করি, তবে জান্নাতের চাবি হাতে থেকেও দরজা খোলা যাবে না।”"
B1-C00775,9199,REF-268,ATTRIBUTION_FORMULA,PAGE-CHECK,KEEP-ATTRIBUTION-ONLY or author decision — no silent deletion,KEEP_ATTRIBUTION_ONLY | SUPPLY_LOCKED_SOURCE | DROP_UNTIL_SOURCE | OTHER — no silent deletion,,NO,"বর্ণিত আছে, ঠিক তখনই সালমান ফারসী শুনলেন। তিনি তাকে ডেকে বললেন— ‘ভাই, নবীর ব্যাপারে এভাবে বলো না। তুমি বিষয়টা ভুল বুঝেছো। এসো, আমি তোমাকে দেখাই কিভাবে করতে হয়।’"
B1-C00776,9218,REF-269,ATTRIBUTION_FORMULA,CONFLICT,KEEP-ATTRIBUTION-ONLY or author decision — no silent deletion,KEEP_ATTRIBUTION_ONLY | SUPPLY_LOCKED_SOURCE | DROP_UNTIL_SOURCE | OTHER — no silent deletion,,NO,"“এই আয়াত নামার পর,” চাচা বললেন, খুব ধীরে, “বর্ণিত আছে, রাসূলুল্লাহ ﷺ প্রতিদিন ফজরের সময় মসজিদে যাওয়ার পথে মা সাইয়্যিদা ফাতিমাতুয্ যাহরা (আলাইহাস্ সালাম)-এর ঘরের দরজায় থামতেন। দরজায় দাঁড়িয়ে বলতেন, আস-সালাত, হে আহলুল বাইত। তারপর পড়তেন তাতহীরের আয়াত: আল্লাহ তো শুধু চান তোমাদের থেকে অপবিত্রতা দূর করতে, হে আহলুল বাইত, আর তোমাদের পূর্ণ পবিত্র করতে।”"
B1-C00781,9254,REF-272,ATTRIBUTION_FORMULA,PAGE-CHECK,KEEP-ATTRIBUTION-ONLY or author decision — no silent deletion,KEEP_ATTRIBUTION_ONLY | SUPPLY_LOCKED_SOURCE | DROP_UNTIL_SOURCE | OTHER — no silent deletion,,NO,"•  আলী (আলাইহিস্ সালাম)-এর বাজার-পরিদর্শন — বর্ণিত আছে; PAGE-CHECK। «নামাজ যেদিকে, আমি সেদিকে» — বর্ণিত আছে; উৎস পাওয়া যায়নি।"
B1-C00788,9384,REF-276,ATTRIBUTION_FORMULA,CONFLICT,KEEP-ATTRIBUTION-ONLY or author decision — no silent deletion,KEEP_ATTRIBUTION_ONLY | SUPPLY_LOCKED_SOURCE | DROP_UNTIL_SOURCE | OTHER — no silent deletion,,NO,"“এমনকি,” বুরুল্লাহ বলল, “বর্ণিত আছে, সাহাবারা কুফার মসজিদে আলাপ করতেন, ‘এতদিন পর আমরা আলীর ইমামতে রাসূলের নামাজের রূপ ফিরে পেলাম।’”"
B1-C00793,9421,REF-279,ATTRIBUTION_FORMULA,CONFLICT,KEEP-ATTRIBUTION-ONLY or author decision — no silent deletion,KEEP_ATTRIBUTION_ONLY | SUPPLY_LOCKED_SOURCE | DROP_UNTIL_SOURCE | OTHER — no silent deletion,,NO,"•  ইমরান ইবনে হুসাইন, আলী (আলাইহিস্ সালাম)-এর পেছনে নামাজ — সহীহ বুখারী (খাতামতো); নম্বর PAGE-CHECK। কুফার মসজিদের আলাপ — খাতায় «মেশকাতুল মাসাবিহ, তাজরীদুল বুখারী»; PAGE-CHECK, তাই দৃশ্যে «বর্ণিত আছে»।"
B1-C00796,9455,REF-281,ATTRIBUTION_FORMULA,CONFLICT,KEEP-ATTRIBUTION-ONLY or author decision — no silent deletion,KEEP_ATTRIBUTION_ONLY | SUPPLY_LOCKED_SOURCE | DROP_UNTIL_SOURCE | OTHER — no silent deletion,,NO,"“আবু যার আল-গিফারী বলেন,” চাচা বললেন, “বর্ণিত আছে, সেদিন নামাজ শেষে রাসূলুল্লাহ ﷺ দুহাত তুলে আল্লাহর কাছে প্রার্থনা করলেন: ‘ইয়া প্রভু! যেমন তুমি মূসা (আলাইহিস্ সালাম)-এর জন্য তাঁর ভাই হারুনকে শক্তি ও পরামর্শদাতা হিসেবে নিয়োগ করেছিলে, তেমনি আমার জন্যও আলীকে এই ভূমিকা দাও। তার মাধ্যমে আমার দায়িত্বকে শক্তিশালী করো এবং আমার কাজ সহজ করো।’ মূসা (আলাইহিস্ সালাম)-এর সেই দোয়াটা এখানে।”"
B1-C00798,9499,REF-282,ATTRIBUTION_FORMULA,CONFLICT,KEEP-ATTRIBUTION-ONLY or author decision — no silent deletion,KEEP_ATTRIBUTION_ONLY | SUPPLY_LOCKED_SOURCE | DROP_UNTIL_SOURCE | OTHER — no silent deletion,,NO,"•  আবু যার আল-গিফারীর বর্ণনা ও নবীর দোয়া — খাতামতো; সূত্র উল্লেখ নেই, তাই «বর্ণিত আছে»; PAGE-CHECK।"
B1-C00806,9608,REF-286,ATTRIBUTION_FORMULA,PAGE-CHECK,KEEP-ATTRIBUTION-ONLY or author decision — no silent deletion,KEEP_ATTRIBUTION_ONLY | SUPPLY_LOCKED_SOURCE | DROP_UNTIL_SOURCE | OTHER — no silent deletion,,NO,"“কারণ ওই পাঁচজনের ইবাদতে লেনদেন ছিল না,” বুরুল্লাহ বলল। “আলী (আলাইহিস্ সালাম) বলেছেন, বর্ণিত আছে, এক দল জান্নাতের লোভে ইবাদত করে, সেটা ব্যবসায়ীর ইবাদত। এক দল ভয়ে করে, সেটা দাসের ইবাদত। আর এক দল কৃতজ্ঞতায় করে, সেটা মুক্ত মানুষের ইবাদত।”"
B1-C00808,9617,REF-287,ATTRIBUTION_FORMULA,CONFLICT,KEEP-ATTRIBUTION-ONLY or author decision — no silent deletion,KEEP_ATTRIBUTION_ONLY | SUPPLY_LOCKED_SOURCE | DROP_UNTIL_SOURCE | OTHER — no silent deletion,,NO,"একটু থেমে সে বলল, “ইমাম হাসান (আলাইহিস্ সালাম) বলেছেন, বর্ণিত আছে, ‘আমি মায়ের মতো আর কোনো ইবাদতকারী দেখিনি।’ হাসান বসরী, যিনি নিজেও বিখ্যাত ইবাদতকারী, বলেছেন, ‘ফাতিমা এত বেশি নামাজে দাঁড়িয়ে থাকতেন যে, তাঁর পদযুগলে কড়া পড়ে যেত।’”"
B1-C00809,9619,REF-288,ATTRIBUTION_FORMULA,CONFLICT,KEEP-ATTRIBUTION-ONLY or author decision — no silent deletion,KEEP_ATTRIBUTION_ONLY | SUPPLY_LOCKED_SOURCE | DROP_UNTIL_SOURCE | OTHER — no silent deletion,,NO,"“তিনি শুধু নিয়মরক্ষার জন্য ইবাদত করতেন না; বরং ইবাদতের সময় তাঁর হৃদয় ছিল আল্লাহর ভয়ে কম্পমান। বর্ণিত আছে, ‘ফাতিমা (আলাইহাস্ সালাম) নামাজের সময় এতটাই গভীর ধ্যানে থাকতেন যে, আল্লাহ ফেরেশতাদের ডাক দিয়ে বলতেন—তাকিয়ে দেখো, আমার বান্দি ফাতিমা কিভাবে ভয়ে কাঁপছে আর আমার ইবাদতে আত্মনিবেদিত হচ্ছে।’” বুরুল্লাহ বলল। “মা সাইয়্যিদা ফাতিমাতুয্ যাহরা (আলাইহাস্ সালাম)-এর জন্য নামাজ ছিল এক অপার প্রেম ও বিন"
B1-C00811,9643,REF-290,ATTRIBUTION_FORMULA,PAGE-CHECK,KEEP-ATTRIBUTION-ONLY or author decision — no silent deletion,KEEP_ATTRIBUTION_ONLY | SUPPLY_LOCKED_SOURCE | DROP_UNTIL_SOURCE | OTHER — no silent deletion,,NO,•  নামাজে মা সাইয়্যিদার ভয়ে কাঁপা ও ফেরেশতাদের ডেকে দেখানো — বর্ণিত আছে; PAGE-CHECK (আমালি সাদুক সম্ভাব্য)।
B1-C00817,9649,REF-295,NO_SOURCE_STATED,NOT_FOUND,KEEP-ATTRIBUTION-ONLY or author decision — no silent deletion,KEEP_ATTRIBUTION_ONLY | SUPPLY_LOCKED_SOURCE | DROP_UNTIL_SOURCE | OTHER — no silent deletion,,NO,"•  রাসূলুল্লাহ ﷺ ও মা সাইয়্যিদার কথোপকথন (ইবাদতের তৌফিক) — খাতামতো; সূত্র নেই, «বর্ণিত আছে» ধাঁচে; PAGE-CHECK।"
B1-C00828,9766,REF-300,ATTRIBUTION_FORMULA,PAGE-CHECK,KEEP-ATTRIBUTION-ONLY or author decision — no silent deletion,KEEP_ATTRIBUTION_ONLY | SUPPLY_LOCKED_SOURCE | DROP_UNTIL_SOURCE | OTHER — no silent deletion,,NO,"“আলী (আলাইহিস্ সালাম)-এর মুনাজাত,” সে বলল। “বর্ণিত আছে। ‘হে আমার ইলাহ, আমি তোমার আগুনের ভয়ে তোমার ইবাদত করিনি, তোমার জান্নাতের লোভেও না। বরং আমি তোমাকে ইবাদতের যোগ্য পেয়েছি, তাই ইবাদত করেছি।’”"
B1-C00833,9928,REF-302,ATTRIBUTION_FORMULA,CONFLICT,KEEP-ATTRIBUTION-ONLY or author decision — no silent deletion,KEEP_ATTRIBUTION_ONLY | SUPPLY_LOCKED_SOURCE | DROP_UNTIL_SOURCE | OTHER — no silent deletion,,NO,"“উস্তাদ আরেকটা জিনিস ঠিক করে দিয়েছিলেন,” বুরুল্লাহ বলল। “আমাদের দেশে অনেকে দরুদের শেষে আলে মুহাম্মাদ বাদ দিয়ে দেন। শুধু ‘সাল্লাল্লাহু আলাইহি ওয়া সাল্লাম’। পরিবারের নাম নেই। উস্তাদ এটাকে বলতেন লেজকাটা দরুদ। বর্ণিত আছে, রাসূলুল্লাহ ﷺ নিজেই এমন দরুদ পড়তে নিষেধ করেছেন, যেখানে তাঁর পরিবারকে বাদ দেওয়া হয়।”"
B1-C00837,9959,REF-303,ATTRIBUTION_FORMULA,CONFLICT,KEEP-ATTRIBUTION-ONLY or author decision — no silent deletion,KEEP_ATTRIBUTION_ONLY | SUPPLY_LOCKED_SOURCE | DROP_UNTIL_SOURCE | OTHER — no silent deletion,,NO,•  «লেজকাটা দরুদ» নিষেধের বর্ণনা — খাতামতো «বর্ণিত আছে»; PAGE-CHECK।
B1-C00840,10008,REF-304,ATTRIBUTION_FORMULA,CONFLICT,KEEP-ATTRIBUTION-ONLY or author decision — no silent deletion,KEEP_ATTRIBUTION_ONLY | SUPPLY_LOCKED_SOURCE | DROP_UNTIL_SOURCE | OTHER — no silent deletion,,NO,"রাহাত পড়ল, আঙুল লাইনে রেখে: “বর্ণিত আছে, রাসূলুল্লাহ ﷺ বলেছেন, রাগ শয়তান থেকে, শয়তান আগুনের তৈরি, আর আগুন নেভে পানিতে। তাই রাগ উঠলে ওজু করো। দাঁড়িয়ে থাকলে বসে পড়ো, বসে থাকলে শুয়ে পড়ো।”"
B1-C00847,10175,REF-306,ATTRIBUTION_FORMULA,CONFLICT,KEEP-ATTRIBUTION-ONLY or author decision — no silent deletion,KEEP_ATTRIBUTION_ONLY | SUPPLY_LOCKED_SOURCE | DROP_UNTIL_SOURCE | OTHER — no silent deletion,,NO,"খাতা আমার হাত থেকে ফেরত নিয়ে বুরুল্লাহ পরের পাতা খুলল। “ঘটনাটা উস্তাদ যেভাবে বলেছিলেন, সেভাবেই লিখে রেখেছিলাম। বর্ণিত আছে,” সে বলল, তারপর পড়ল:"
B1-C00854,10375,REF-308,ATTRIBUTION_FORMULA,CONFLICT,KEEP-ATTRIBUTION-ONLY or author decision — no silent deletion,KEEP_ATTRIBUTION_ONLY | SUPPLY_LOCKED_SOURCE | DROP_UNTIL_SOURCE | OTHER — no silent deletion,,NO,"রাহাত পড়ল: “বর্ণিত আছে, রাসূলুল্লাহ ﷺ বলেছেন, ‘আমি জ্ঞানের নগরী, আর আলী তার দরজা।’ যে নগরে ঢুকতে চায়, তাকে দরজা দিয়েই আসতে হবে।”"
B1-C00858,10420,REF-310,ATTRIBUTION_FORMULA,PAGE-CHECK,KEEP-ATTRIBUTION-ONLY or author decision — no silent deletion,KEEP_ATTRIBUTION_ONLY | SUPPLY_LOCKED_SOURCE | DROP_UNTIL_SOURCE | OTHER — no silent deletion,,NO,"“বর্ণিত আছে, একবার রাসূলুল্লাহ ﷺ সাহাবাদের বললেন, ‘তোমরা কি জানো, প্রকৃত নিঃস্ব কে?’ সাহাবিরা বললেন, ‘আমাদের মধ্যে নিঃস্ব সেই ব্যক্তি, যার কাছে কোনো ধন-সম্পদ নেই, কোনো অর্থকড়ি নেই।’”"
B1-C00859,10440,REF-311,ATTRIBUTION_FORMULA,PAGE-CHECK,KEEP-ATTRIBUTION-ONLY or author decision — no silent deletion,KEEP_ATTRIBUTION_ONLY | SUPPLY_LOCKED_SOURCE | DROP_UNTIL_SOURCE | OTHER — no silent deletion,,NO,"“এর চেয়েও কঠিন কথা আছে,” চাচা বললেন। খাতার পাতা উল্টে পড়লেন: “বর্ণিত আছে, রাসূলুল্লাহ ﷺ বলেছেন, ‘যখন দু’জন মুসলমান তরবারি হাতে একে অপরের বিরুদ্ধে লড়াই করে, তখন হত্যাকারী ও নিহত—দু’জনই দোযখের অধিকারী।’ বর্ণনাকারী সাহাবি বলেন, ‘আমি বললাম, ‘হে আল্লাহর রাসূল! হত্যাকারীর দোযখে যাওয়া তো স্বাভাবিক, কিন্তু নিহত ব্যক্তির কী অপরাধ?’’ তিনি বললেন, ‘সে-ও তার সঙ্গীকে হত্যা করতে উদগ্রীব ছিল।’”"
B1-C00863,10503,REF-314,ATTRIBUTION_FORMULA,CONFLICT,KEEP-ATTRIBUTION-ONLY or author decision — no silent deletion,KEEP_ATTRIBUTION_ONLY | SUPPLY_LOCKED_SOURCE | DROP_UNTIL_SOURCE | OTHER — no silent deletion,,NO,"রাহাত পকেট থেকে নিজের টিক-খাতা বের করল। এক সপ্তাহ ধরে যা শুনেছে, টুকে রেখেছে। একটি পাতা খুলে পড়ল, প্রায় নিজেকে শুনিয়ে: “বর্ণিত আছে, রাসূলুল্লাহ ﷺ তো স্বপ্নে এমন কিছু লোককে দেখেছিলেন, যাদের মুখ আগুনের কাঁচি দিয়ে কাটা হচ্ছিল! কারণ? তারা অন্যকে সৎকাজের উপদেশ দিত, অথচ নিজেরা তা করত না!”"
B1-C00864,10511,REF-315,ATTRIBUTION_FORMULA,PAGE-CHECK,KEEP-ATTRIBUTION-ONLY or author decision — no silent deletion,KEEP_ATTRIBUTION_ONLY | SUPPLY_LOCKED_SOURCE | DROP_UNTIL_SOURCE | OTHER — no silent deletion,,NO,"“আর তিনজনের কথা,” বুরুল্লাহ বলল। “বর্ণিত আছে, রাসূলুল্লাহ ﷺ বলেছেন, ‘কিয়ামতের দিন তিন শ্রেণির মানুষকে বিচারকের কাঠগড়ায় দাঁড় করানো হবে এবং তাদের পরিণতি হবে ভয়াবহ। প্রথম জন—যে শহীদ হয়েছে, কিন্তু তার উদ্দেশ্য ছিল খ্যাতি। দ্বিতীয় জন—যে আলেম, কিন্তু তার ইলম শুধুই লোক দেখানোর জন্য ছিল।’”"
B1-C00871,10710,REF-319,ATTRIBUTION_FORMULA,PAGE-CHECK,KEEP-ATTRIBUTION-ONLY or author decision — no silent deletion,KEEP_ATTRIBUTION_ONLY | SUPPLY_LOCKED_SOURCE | DROP_UNTIL_SOURCE | OTHER — no silent deletion,,NO,"“গোপন শিরক,” বুরুল্লাহ বলল। “রাসূলুল্লাহ ﷺ বলেছেন, বর্ণিত আছে, আমার উম্মতের জন্য আমি সবচেয়ে বেশি ভয় পাই ছোট শিরককে। সাহাবিরা জানতে চাইলেন, ছোট শিরক কী? বললেন, রিয়া। লোক দেখানো।”"
B1-C00878,10820,REF-324,ATTRIBUTION_FORMULA,PAGE-CHECK,KEEP-ATTRIBUTION-ONLY or author decision — no silent deletion,KEEP_ATTRIBUTION_ONLY | SUPPLY_LOCKED_SOURCE | DROP_UNTIL_SOURCE | OTHER — no silent deletion,,NO,"“বর্ণিত আছে, রাসূলুল্লাহ ﷺ বলেছেন,” বুরুল্লাহ বলল, “‘ইন্নামাল আ‘মালু বিন্নিয়্যাত।’ আমলসমূহ নিয়তের ওপর নির্ভরশীল। প্রতিটি ব্যক্তি তার নিয়তের ফল পাবে। সুতরাং, নিয়ত শুদ্ধ না হলে কাজও আল্লাহর কাছে গ্রহণযোগ্য হবে না। নিয়তই কর্মকে সার্থক বা ব্যর্থ করে।”"
B1-C00879,10824,REF-325,ATTRIBUTION_FORMULA,PAGE-CHECK,KEEP-ATTRIBUTION-ONLY or author decision — no silent deletion,KEEP_ATTRIBUTION_ONLY | SUPPLY_LOCKED_SOURCE | DROP_UNTIL_SOURCE | OTHER — no silent deletion,,NO,"বুরুল্লাহ বুকপকেট থেকে সেই ছেঁড়া-মলাটের খাতা বের করল। শেষের দিকের একটি পাতা খুলে পড়ল: “এটাই আত্মসমালোচনার জায়গা। আর দেখো, বর্ণিত আছে, ইমাম মূসা কাযিম (আলাইহিস্ সালাম) এক হাদীসে ব্যাখ্যা করেছেন, ফেরেশতারাও মানুষের নিয়তের গন্ধ উপলব্ধি করেন। তিনি (আলাইহিস্ সালাম) বলেছেন, ‘যখন বান্দা নেক কাজের নিয়ত করে, তখন তার নিঃশ্বাস সুগন্ধিময় হয়। ডান দিকের ফেরেশতা বাম দিকের ফেরেশতাকে বলে: ‘থামো, সে নেক কাজের ইচ্"
,,REF-002,INHERITED_UNID_LEDGER,NOT_FOUND,"[HAD-SHIA-BIGHAYR-HISAB] Print attribution-only «ইমাম সাদিক (আ.) থেকে বর্ণিত আছে» with no kitab name and no volume, or drop the quotation until a source is found. SOURCE-MISSING. Keep «বর্ণিত আছে» or drop until a sanad is found.",KEEP_ATTRIBUTION_ONLY | SUPPLY_LOCKED_SOURCE | DROP_UNTIL_SOURCE | OTHER — no silent deletion,,NO,"•  ইমাম সাদিক (আলাইহিস্ সালাম) থেকে «বিনা হিসাবে প্রথম জান্নাতে» — খাতায় সূত্র নেই; «বর্ণিত আছে», PAGE-CHECK (উৎস খোঁজা বাকি; ছাপার আগে বই-খণ্ড-পৃষ্ঠা লাগবে)।"
,,REF-006,INHERITED_UNID_LEDGER,NOT_FOUND,Keep attribution-only or drop.,KEEP_ATTRIBUTION_ONLY | SUPPLY_LOCKED_SOURCE | DROP_UNTIL_SOURCE | OTHER — no silent deletion,,NO,"•  চারবার বিয়ের ঘটনা — «বর্ণিত আছে»; উৎস খোঁজা বাকি, ছাপায় বইয়ের নাম ছাড়া।"
,,REF-014,INHERITED_UNID_LEDGER,NOT_FOUND,Keep attribution-only.,KEEP_ATTRIBUTION_ONLY | SUPPLY_LOCKED_SOURCE | DROP_UNTIL_SOURCE | OTHER — no silent deletion,,NO,"•  চিট লিস্টের বাণীগুলো (চিন্তাহীন ইবাদত, জ্ঞানার্জন-শিক্ষাদান, চার ব্যক্তির পুরস্কার) — শ্রোতা ০৪-এ সূত্র ছাড়া; «বর্ণিত আছে», PAGE-CHECK।"
,,REF-020,INHERITED_UNID_LEDGER,NOT_FOUND,Attribution-only.,KEEP_ATTRIBUTION_ONLY | SUPPLY_LOCKED_SOURCE | DROP_UNTIL_SOURCE | OTHER — no silent deletion,,NO,•  শো'বার কাহিনী — শ্রোতা ০৪-এ জনির নোট; মূল উৎস মেলানো হয়নি — «বর্ণিত আছে»।
,,REF-041,INHERITED_UNID_LEDGER,NOT_FOUND,[HAD-NUR-AWWAL] Keep attribution-only wording «বর্ণিত আছে» everywhere and print no kitab name for it until a sanad is found; Bihar 15:24 may be named as a Shia compilation only after page-check. Normalise with REF-154.,KEEP_ATTRIBUTION_ONLY | SUPPLY_LOCKED_SOURCE | DROP_UNTIL_SOURCE | OTHER — no silent deletion,,NO,•  নূরের প্রথম সৃষ্টি (অংশ ১২৬): «বর্ণিত আছে»; সনদসহ উৎস এই অধ্যায়ে দেওয়া হয়নি।
,,REF-084,INHERITED_UNID_LEDGER,NOT_FOUND,Attribution-only.,KEEP_ATTRIBUTION_ONLY | SUPPLY_LOCKED_SOURCE | DROP_UNTIL_SOURCE | OTHER — no silent deletion,,NO,•  সালমানের প্রশ্ন ও «মুশরিক/জাহিল» ভাগ — বর্ণিত আছে (মূল কিতাব মেলানো বাকি)।
,,REF-090,INHERITED_UNID_LEDGER,NOT_FOUND,Attribution-only or drop.,KEEP_ATTRIBUTION_ONLY | SUPPLY_LOCKED_SOURCE | DROP_UNTIL_SOURCE | OTHER — no silent deletion,,NO,"•  «তিনটি গুণ… ঈমান পূর্ণ হবে», «আমানতদার… প্রাচুর্যকে বিপদ», «সবকিছুই তাকে ভয় করে», «ফেরেশতারা মুমিনদের নূর দেখে» — খাতায় সূত্রহীন — «বর্ণিত আছে»।"
,,REF-091,INHERITED_UNID_LEDGER,NOT_FOUND,Attribution-only.,KEEP_ATTRIBUTION_ONLY | SUPPLY_LOCKED_SOURCE | DROP_UNTIL_SOURCE | OTHER — no silent deletion,,NO,•  «আল্লাহ মুমিনকে দুনিয়ার বিপদ থেকে মুক্ত রাখেননি…» — খাতায় সূত্রহীন — «বর্ণিত আছে»।
,,REF-097,INHERITED_UNID_LEDGER,NOT_FOUND,Attribution-only.,KEEP_ATTRIBUTION_ONLY | SUPPLY_LOCKED_SOURCE | DROP_UNTIL_SOURCE | OTHER — no silent deletion,,NO,"•  তাসনিম-সংক্রান্ত হাদীসগুলো (ক্ষুধার্তকে খাওয়ানো, মাদক পরিত্যাগ, «আমি প্রথম ব্যক্তি হব», আবু জাফর ও ইমাম সাদিক (আলাইহিমাস্ সালাম)-এর ব্যাখ্যা) — খাতায় সূত্রহীন — «বর্ণিত আছে»।"
,,REF-100,INHERITED_UNID_LEDGER,NOT_FOUND,Attribution-only or drop.,KEEP_ATTRIBUTION_ONLY | SUPPLY_LOCKED_SOURCE | DROP_UNTIL_SOURCE | OTHER — no silent deletion,,NO,"•  «সর্বপ্রথম জান্নাতে… আশেকরা পশ্চাতে», «আশেকরা একই স্থানে… পানাহার একত্রে» — খাতায় আরবি পাঠ আছে, সূত্র নেই — «বর্ণিত আছে»।"
,,REF-115,INHERITED_UNID_LEDGER,NOT_FOUND,Attribution-only or drop.,KEEP_ATTRIBUTION_ONLY | SUPPLY_LOCKED_SOURCE | DROP_UNTIL_SOURCE | OTHER — no silent deletion,,NO,•  আমিরুল মুমিনীন (আলাইহিস্ সালাম) আবু বকরের হাত ধরে দেখান — বর্ণিত আছে; PAGE-CHECK (খাতায় সূত্র নেই)।
,,REF-125,INHERITED_UNID_LEDGER,NOT_FOUND,Recommend removal or «কেউ কেউ বলেন».,KEEP_ATTRIBUTION_ONLY | SUPPLY_LOCKED_SOURCE | DROP_UNTIL_SOURCE | OTHER — no silent deletion,,NO,•  ফাদাক সাইয়্যেদা খাদিজা (আলাইহাস্ সালাম)-এর মোহরানা — বর্ণিত আছে; সূত্র খোলা।
,,REF-140,INHERITED_UNID_LEDGER,NOT_FOUND,Needs text.,KEEP_ATTRIBUTION_ONLY | SUPPLY_LOCKED_SOURCE | DROP_UNTIL_SOURCE | OTHER — no silent deletion,,NO,•  আবান ইবনে তাগলিবের দুটি বর্ণনা — PAGE-CHECK (খাতায় কিতাবের নাম নেই)।
,,REF-159,INHERITED_UNID_LEDGER,NOT_FOUND,Attribution-only.,KEEP_ATTRIBUTION_ONLY | SUPPLY_LOCKED_SOURCE | DROP_UNTIL_SOURCE | OTHER — no silent deletion,,NO,"•  হুজরাত ১–১০ ও প্রথম দুই খলিফা — শ্রোতা ০৪ (আব্বুর মুখে), বর্ণিত আছে; PAGE-CHECK।"
,,REF-175,INHERITED_UNID_LEDGER,NOT_FOUND,Attribution-only.,KEEP_ATTRIBUTION_ONLY | SUPPLY_LOCKED_SOURCE | DROP_UNTIL_SOURCE | OTHER — no silent deletion,,NO,"•  «সূর্য, চাঁদ, শুক্রতারা, দুই তারকা» — বর্ণিত আছে, PAGE-CHECK।"
,,REF-196,INHERITED_UNID_LEDGER,NOT_FOUND,Attribution-only.,KEEP_ATTRIBUTION_ONLY | SUPPLY_LOCKED_SOURCE | DROP_UNTIL_SOURCE | OTHER — no silent deletion,,NO,"•  «সাত আসমানের আড়ালে লুক্কায়িত» শপথকারীকে তিরস্কার — বর্ণিত আছে, PAGE-CHECK।"
,,REF-199,INHERITED_UNID_LEDGER,NOT_FOUND,Needs text.,KEEP_ATTRIBUTION_ONLY | SUPPLY_LOCKED_SOURCE | DROP_UNTIL_SOURCE | OTHER — no silent deletion,,NO,"•  কুরাইশদের ভুলের কারণ «একই নূর» — বিহারুল আনওয়ার, ৫ম খণ্ড (খাতার উল্লেখ) — PAGE-CHECK।"
,,REF-209,INHERITED_UNID_LEDGER,NOT_FOUND,Attribution-only or drop.,KEEP_ATTRIBUTION_ONLY | SUPPLY_LOCKED_SOURCE | DROP_UNTIL_SOURCE | OTHER — no silent deletion,,NO,"•  «আমাকে ভালোবাসো, তার আগে আমার রাসূলকে… ওলিকে» — বর্ণিত আছে; উৎস পাওয়া যায়নি, PAGE-CHECK।"
,,REF-215,INHERITED_UNID_LEDGER,NOT_FOUND,Attribution-only.,KEEP_ATTRIBUTION_ONLY | SUPPLY_LOCKED_SOURCE | DROP_UNTIL_SOURCE | OTHER — no silent deletion,,NO,"“বর্ণিত আছে, একবার অতীতের যুগে এক ব্যক্তি হালাল উপায়ে দুনিয়া অর্জনের চেষ্টা করল, কিন্তু তাতে সফল হতে পারল না। সে হারাম উপায়েও চেষ্টা করল, কিন্তু তাতেও সফল হলো না।"
,,REF-219,INHERITED_UNID_LEDGER,NOT_FOUND,Attribution-only.,KEEP_ATTRIBUTION_ONLY | SUPPLY_LOCKED_SOURCE | DROP_UNTIL_SOURCE | OTHER — no silent deletion,,NO,"•  শিকল-পরা লোকের ঘটনা — বর্ণিত আছে; আল-কাফিতে পাওয়া যায়নি (লগ B3), উৎস PAGE-CHECK।"
,,REF-228,INHERITED_UNID_LEDGER,NOT_FOUND,Attribution-only.,KEEP_ATTRIBUTION_ONLY | SUPPLY_LOCKED_SOURCE | DROP_UNTIL_SOURCE | OTHER — no silent deletion,,NO,"•  «রাসূলুল্লাহ ﷺ জাবিরকে বলেছিলেন… জ্ঞান-দ্বার» (REV1-এ ফেরানো, ¶12313–12315) — বর্ণিত আছে; PAGE-CHECK।"
,,REF-239,INHERITED_UNID_LEDGER,NOT_FOUND,Attribution-only or drop.,KEEP_ATTRIBUTION_ONLY | SUPPLY_LOCKED_SOURCE | DROP_UNTIL_SOURCE | OTHER — no silent deletion,,NO,•  «চতুর্থ খলিফা» উক্তি — বর্ণিত আছে; উৎস পাওয়া যায়নি।
,,REF-244,INHERITED_UNID_LEDGER,NOT_FOUND,[HAD-NUR-AWWAL] Keep attribution-only wording «বর্ণিত আছে» everywhere and print no kitab name for it until a sanad is found; Bihar 15:24 may be named as a Shia compilation only after page-check. Attribution-only.,KEEP_ATTRIBUTION_ONLY | SUPPLY_LOCKED_SOURCE | DROP_UNTIL_SOURCE | OTHER — no silent deletion,,NO,"•  «আমি, আলী, ফাতিমা, হাসান, হুসাইন আরশের কাছে ছিলাম… আদমের এক হাজার বছর আগে» — বর্ণিত আছে; PAGE-CHECK।"
,,REF-248,INHERITED_UNID_LEDGER,NOT_FOUND,Attribution-only.,KEEP_ATTRIBUTION_ONLY | SUPPLY_LOCKED_SOURCE | DROP_UNTIL_SOURCE | OTHER — no silent deletion,,NO,•  ফেরেশতাদের ইবলিসকে ঘিরে ফেলা ও সমুদ্রে নিক্ষেপ — বর্ণিত আছে; PAGE-CHECK।
,,REF-265,INHERITED_UNID_LEDGER,NOT_FOUND,Attribution-only.,KEEP_ATTRIBUTION_ONLY | SUPPLY_LOCKED_SOURCE | DROP_UNTIL_SOURCE | OTHER — no silent deletion,,NO,"•  «কুরআন পড়ো, আল্লাহ কথা বলবেন; দোয়া করো, তুমি কথা বলবে» — বর্ণিত আছে; PAGE-CHECK।"
,,REF-266,INHERITED_UNID_LEDGER,NOT_FOUND,Keep «বলা হয়».,KEEP_ATTRIBUTION_ONLY | SUPPLY_LOCKED_SOURCE | DROP_UNTIL_SOURCE | OTHER — no silent deletion,,NO,"•  «নামাজ মুমিনের মেরাজ» — বহুল প্রচলিত উক্তি; হাদীস-গ্রন্থে সূত্র খোঁজা বাকি, তাই «বলা হয়»; PAGE-CHECK।"
,,REF-272,INHERITED_UNID_LEDGER,NOT_FOUND,Attribution-only.,KEEP_ATTRIBUTION_ONLY | SUPPLY_LOCKED_SOURCE | DROP_UNTIL_SOURCE | OTHER — no silent deletion,,NO,"•  আলী (আলাইহিস্ সালাম)-এর বাজার-পরিদর্শন — বর্ণিত আছে; PAGE-CHECK। «নামাজ যেদিকে, আমি সেদিকে» — বর্ণিত আছে; উৎস পাওয়া যায়নি।"
,,REF-292,INHERITED_UNID_LEDGER,NOT_FOUND,Attribution-only or drop.,KEEP_ATTRIBUTION_ONLY | SUPPLY_LOCKED_SOURCE | DROP_UNTIL_SOURCE | OTHER — no silent deletion,,NO,"•  মুবাহালা ও নাজরানের প্রতিনিধিদল — খাতামতো; পাদ্রির «নব্বই বছর» উক্তির সূত্র খাতায় নেই, PAGE-CHECK।"
,,REF-295,INHERITED_UNID_LEDGER,NOT_FOUND,Attribution-only.,KEEP_ATTRIBUTION_ONLY | SUPPLY_LOCKED_SOURCE | DROP_UNTIL_SOURCE | OTHER — no silent deletion,,NO,"•  রাসূলুল্লাহ ﷺ ও মা সাইয়্যিদার কথোপকথন (ইবাদতের তৌফিক) — খাতামতো; সূত্র নেই, «বর্ণিত আছে» ধাঁচে; PAGE-CHECK।"
,,REF-321,INHERITED_UNID_LEDGER,NOT_FOUND,"[HAD-NUQTA] Print «আল-কাফি ১:১১৪ হা. ১» for the «বাহা» hadith and label the nuqta saying «ইরফানি উক্তি, হাদীস নয়» with no kitab-page pretending to be hadith. Keep as irfani saying, never as hadith.",KEEP_ATTRIBUTION_ONLY | SUPPLY_LOCKED_SOURCE | DROP_UNTIL_SOURCE | OTHER — no silent deletion,,NO,"•  «আমি বিসমিল্লাহর বা-এর নিচের বিন্দু» — আলী (আলাইহিস্ সালাম)-এর নামে প্রচলিত; নির্ভরযোগ্য সূত্র পাওয়া যায়নি, PAGE-CHECK।"
