Unit_ID,Ledger_Rows,Bengali_Context,Arabic_Wording,Match_Status,Note
C01-S01,REF-079; REF-126,"Aisha narrates: Fatima sent to Abu Bakr asking for her inheritance from what Allah gave the Prophet as fay' in Medina, Fadak and the remainder of the Khaybar fifth.",أرسلت إلى أبي بكر تسأله ميراثها من رسول الله صلى الله عليه وسلم مما أفاء الله عليه بالمدينة وفدك، وما بقي من خمس خيبر,PAGE-CHECK,BN↔AR control from Fadak map; full manuscript translation audit still open (O-2)
C01-S02,REF-123,"Aisha: Fatima asked Abu Bakr after the Prophet's death to divide her inheritance from the fay'; she was asking for her share of Khaybar, Fadak and his sadaqa in Medina.",سألت أبا بكر الصديق بعد وفاة رسول الله صلى الله عليه وسلم أن يقسم لها ميراثها، ما ترك رسول الله صلى الله عليه وسلم مما أفاء الله عليه … وكانت فاطمة تسأل أبا بكر نصيبها مما ترك رسول الله صلى الله عليه وسلم من خيبر وفدك وصدقته بالمدينة,PAGE-CHECK,BN↔AR control from Fadak map; full manuscript translation audit still open (O-2)
C01-S03,REF-123,Aisha: Fatima AND al-Abbas came to Abu Bakr seeking their inheritance - their land at Fadak and their share of Khaybar.,أن فاطمة، والعباس عليهما السلام أتيا أبا بكر يلتمسان ميراثهما من رسول الله صلى الله عليه وسلم وهما حينئذ يطلبان أرضيهما من فدك، وسهمهما من خيبر,PAGE-CHECK,BN↔AR control from Fadak map; full manuscript translation audit still open (O-2)
C01-S04,REF-123,"Same Aisha/Urwa/al-Zuhri narration as Bukhari 4240: inheritance request for Medina fay', Fadak, rest of Khaybar fifth.",أرسلت إلى أبي بكر الصديق تسأله ميراثها من رسول الله صلى الله عليه وسلم مما أفاء الله عليه بالمدينة وفدك وما بقي من خمس خيبر,PAGE-CHECK,BN↔AR control from Fadak map; full manuscript translation audit still open (O-2)
C01-S05,REF-079,"Same Aisha narration: Fatima asks for her inheritance (Medina fay', Fadak, rest of Khaybar fifth); Abu Bakr refuses to hand over anything.",أرسلت إلى أبي بكر الصديق رضى الله عنه تسأله ميراثها من رسول الله صلى الله عليه وسلم مما أفاء الله عليه بالمدينة وفدك وما بقي من خمس خيبر,PAGE-CHECK,BN↔AR control from Fadak map; full manuscript translation audit still open (O-2)
C01-S06,REF-079,"al-Mughira: Umar b. Abd al-Aziz, on becoming caliph, said the Prophet used Fadak's income for Banu Hashim; Fatima asked the Prophet to make it hers and he declined; Abu Bakr and Umar kept the practice; Marwan was granted it; Umar b. Abd al-Aziz returned it to its status in the Prophet's time.",وإن فاطمة سألته أن يجعلها لها فأبى … وأنا أشهدكم أني قد رددتها على ما كانت,PAGE-CHECK,BN↔AR control from Fadak map; full manuscript translation audit still open (O-2)
C01-S07,REF-081; REF-122,Fatima's claim is followed by testimony (R1: Ali then Umm Ayman; R2: Umm Ayman and Rabah) - see C03/C04/C07.,(S-181 quotes no separate sentence for Fatima's own claim; R2: «فشهدا لها بذلك»),PAGE-CHECK,BN↔AR control from Fadak map; full manuscript translation audit still open (O-2)
C01-H01,REF-078; REF-081,"Fatima brings Umm Ayman (then Ali) as witnesses that the Prophet granted Fadak; Abu Bakr writes her a deed; Umar later takes/tears it (see C04-H01, C08-H01, C09-H01).",فجاءت بأم أيمن … فجاء علي عليه السلام فشهد بمثل ذلك,PAGE-CHECK,BN↔AR control from Fadak map; full manuscript translation audit still open (O-2)
C01-H02,REF-081; REF-122,Fatima states Umm Ayman will testify that the Prophet gave her Fadak (grant framing explicit).,إن أم أيمن تشهد لي بأن رسول الله أعطاني فدك,PAGE-CHECK,BN↔AR control from Fadak map; full manuscript translation audit still open (O-2)
C01-H03,REF-081,Fadak was in Fatima's hands yet Abu Bakr demanded proof (bayyina) from her.,وسألها البينة,PAGE-CHECK,BN↔AR control from Fadak map; full manuscript translation audit still open (O-2)
C02-S01,REF-079; REF-126,Abu Bakr cites the Prophet: no inheritance from us; what we leave is sadaqa; Muhammad's family eat from this wealth; he will keep the Prophet's practice.,لا نورث، ما تركنا صدقة، إنما يأكل آل محمد صلى الله عليه وسلم في هذا المال … فأبى أبو بكر أن يدفع إلى فاطمة منها شيئا,PAGE-CHECK,BN↔AR control from Fadak map; full manuscript translation audit still open (O-2)
C02-S02,REF-123,"Abu Bakr: «لا نورث…»; refuses, fearing to deviate if he abandons any of the Prophet's practice.",لا نورث ما تركنا صدقة … لست تاركا شيئا كان رسول الله صلى الله عليه وسلم يعمل به إلا عملت به، فإني أخشى إن تركت شيئا من أمره أن أزيغ,PAGE-CHECK,BN↔AR control from Fadak map; full manuscript translation audit still open (O-2)
C02-S03,REF-123,"Abu Bakr to Fatima and al-Abbas: ""I heard the Messenger of Allah say…"".",سمعت رسول الله صلى الله عليه وسلم يقول لا نورث، ما تركنا صدقة، إنما يأكل آل محمد من هذا المال,PAGE-CHECK,BN↔AR control from Fadak map; full manuscript translation audit still open (O-2)
C02-S04,REF-123,Same as Bukhari 4240.,إن رسول الله صلى الله عليه وسلم قال لا نورث ما تركنا صدقة إنما يأكل آل محمد - صلى الله عليه وسلم - في هذا المال,PAGE-CHECK,BN↔AR control from Fadak map; full manuscript translation audit still open (O-2)
C02-S05,REF-079,Same as Bukhari 4240 (shorter; ends at refusal).,لا نورث ما تركنا صدقة إنما يأكل آل محمد من هذا المال,PAGE-CHECK,BN↔AR control from Fadak map; full manuscript translation audit still open (O-2)
C02-H01,REF-081,"In this version Abu Bakr's stated position is that Fadak is fay' for the Muslims unless Fatima brings witnesses that the Prophet assigned it to her; «إنا معاشر الأنبياء لا نورث» appears in Umar's counter-argument, not as Abu Bakr's first answer.",إن هذا فيء للمسلمين، فإن أقامت شهودا أن رسول الله جعله لها، وإلا فلا حق لها فيه,PAGE-CHECK,BN↔AR control from Fadak map; full manuscript translation audit still open (O-2)
C02-H02,REF-081,"Aisha, Hafsa and Aus b. al-Hadathan testify before Abu Bakr that the Prophet said «لا أورث» (singular wording).",شهدوا عند أبي بكر بأن رسول الله صلى الله عليه وآله وسلم قال: لا أورث,PAGE-CHECK,BN↔AR control from Fadak map; full manuscript translation audit still open (O-2)
C03-S01,REF-081,Ali testifies; Abu Bakr asks for another witness; Umm Ayman testifies; rejected by the witness-count rule.,وشهد لها علي بن أبي طالب فسألها شاهدا آخر فشهدت لها أم أيمن,PAGE-CHECK,BN↔AR control from Fadak map; full manuscript translation audit still open (O-2)
C03-S02,REF-081,Witnesses are Umm Ayman and Rabah (mawla of the Prophet); Ali is NOT named as witness in this recension.,فجاءت بأم أيمن ورباح مولى النبي … فشهدا لها بذلك,PAGE-CHECK,BN↔AR control from Fadak map; full manuscript translation audit still open (O-2)
C03-S03,—,No Fadak testimony by Ali found. WARNING: «فتشهد علي» in Bukhari 4240/3711 is Ali reciting the tashahhud before speaking to Abu Bakr - NOT testimony about Fadak.,"فتشهد علي (Bukhari 4240: tashahhud formula, not shahada for Fadak)",PAGE-CHECK,BN↔AR control from Fadak map; full manuscript translation audit still open (O-2)
C03-H01,REF-081,"After Umm Ayman, Ali comes and testifies to the same; Abu Bakr then writes the deed.",فجاء علي عليه السلام فشهد بمثل ذلك,PAGE-CHECK,BN↔AR control from Fadak map; full manuscript translation audit still open (O-2)
C03-H02,REF-081; REF-082,"Inside the Fadak report, Umm Ayman and Ali testify.",(S-181 quotes only «إن أم أيمن امرأة من أهل الجنة» from this report; Ali's testimony wording not quoted),PAGE-CHECK,BN↔AR control from Fadak map; full manuscript translation audit still open (O-2)
C04-S01,REF-081,"Second witness after Ali, at Abu Bakr's request.",فسألها شاهدا آخر فشهدت لها أم أيمن,PAGE-CHECK,BN↔AR control from Fadak map; full manuscript translation audit still open (O-2)
C04-S02,REF-081,Fatima brings Umm Ayman and Rabah; both testify.,فجاءت بأم أيمن ورباح مولى النبي … فشهدا لها بذلك,PAGE-CHECK,BN↔AR control from Fadak map; full manuscript translation audit still open (O-2)
C04-H01,REF-078; REF-081,Fatima brings Umm Ayman; her standing as «a woman of Paradise» is invoked; Umar later dismisses a single female witness.,فجاءت بأم أيمن … أم أيمن امرأة من أهل الجنة … وأم أيمن فهي امرأة صالحة، لو كان معها غيرها لنظرنا فيه,PAGE-CHECK,BN↔AR control from Fadak map; full manuscript translation audit still open (O-2)
C04-H02,REF-081,Abu Bakr did not believe Fatima nor Umm Ayman.,ولم يصدقها، ولا صدق أم أيمن,PAGE-CHECK,BN↔AR control from Fadak map; full manuscript translation audit still open (O-2)
C04-H03,REF-081; REF-082,Within the Fadak report: Umm Ayman is a woman of Paradise; she and Ali then testify.,إن أم أيمن امرأة من أهل الجنة,PAGE-CHECK,BN↔AR control from Fadak map; full manuscript translation audit still open (O-2)
C04-H04,REF-081; REF-122,Fatima: Umm Ayman will testify that the Prophet gave me Fadak.,إن أم أيمن تشهد لي بأن رسول الله أعطاني فدك,PAGE-CHECK,BN↔AR control from Fadak map; full manuscript translation audit still open (O-2)
C05-H01,REF-081,"Aisha, Hafsa and an Arab man named Aus b. al-Hadathan of Banu Nadr testified against Fatima before Abu Bakr that the Prophet said «لا أورث».",شهدت عليها عائشة وحفصة، ورجل من العرب يقال له أوس بن الحدثان من بني نضر، شهدوا عند أبي بكر بأن رسول الله صلى الله عليه وآله وسلم قال: لا أورث,PAGE-CHECK,BN↔AR control from Fadak map; full manuscript translation audit still open (O-2)
C05-H03,REF-081,"Umar's counter-argument: Aus b. al-Hadathan, Aisha and Hafsa testify that the Prophet said prophets leave no inheritance.",أوس بن الحدثان وعائشة وحفصة يشهدون … إنا معاشر الأنبياء لا نورث,PAGE-CHECK,BN↔AR control from Fadak map; full manuscript translation audit still open (O-2)
C05-S01,— (no ledger row),"NAME-CONTROL ROW: MALIK b. Aws b. al-Hadathan al-Nasri narrates Umar's adjuration (Umar's caliphate, Ali–Abbas dispute): Uthman, Abd al-Rahman b. Awf, al-Zubayr, Sa'd, then Ali and Abbas affirm the Prophet said «لا نورث ما تركنا صدقة».",أنشدكم بالله الذي بإذنه تقوم السماء والأرض، هل تعلمون أن رسول الله صلى الله عليه وسلم قال لا نورث ما تركنا صدقة,PAGE-CHECK,BN↔AR control from Fadak map; full manuscript translation audit still open (O-2)
C06-H01,REF-081,Aisha and Hafsa (with Aus) testify against Fatima's claim before Abu Bakr.,شهدت عليها عائشة وحفصة,PAGE-CHECK,BN↔AR control from Fadak map; full manuscript translation audit still open (O-2)
C06-H02,REF-081,Named by Umar as witnesses for «إنا معاشر الأنبياء لا نورث».,أوس بن الحدثان وعائشة وحفصة يشهدون,PAGE-CHECK,BN↔AR control from Fadak map; full manuscript translation audit still open (O-2)
C06-S01,REF-079; REF-123; REF-126,"In every six-book Fadak narration Aisha is the NARRATOR («عن عائشة»), not a witness before Abu Bakr.",عن عائشة، أن فاطمة … أرسلت إلى أبي بكر,PAGE-CHECK,BN↔AR control from Fadak map; full manuscript translation audit still open (O-2)
C06-S02,— (no ledger row),"When the Prophet's wives wanted to send Uthman to Abu Bakr for their inheritance, Aisha reminded them the Prophet said «لا نورث…».",أليس قد قال رسول الله صلى الله عليه وسلم لا نورث ما تركنا فهو صدقة,PAGE-CHECK,BN↔AR control from Fadak map; full manuscript translation audit still open (O-2)
C07-S01,REF-081,"After Ali and Umm Ayman testify, Abu Bakr rejects: only two men or a man and two women.",لا تجوز إلا شهادة رجلين أو رجل وامرأتين,PAGE-CHECK,BN↔AR control from Fadak map; full manuscript translation audit still open (O-2)
C07-S02,REF-081,"After Umm Ayman and Rabah testify, Abu Bakr: only a man and two women are admissible in this matter.",إن هذا الأمر لا تجوز فيه إلا شهادة رجل وامرأتين,PAGE-CHECK,BN↔AR control from Fadak map; full manuscript translation audit still open (O-2)
C07-H01,REF-081,Burden of proof stated by Abu Bakr; Umar objects that Umm Ayman is a single woman.,فإن أقامت شهودا أن رسول الله جعله لها، وإلا فلا حق لها فيه … وأم أيمن فهي امرأة صالحة، لو كان معها غيرها لنظرنا فيه,PAGE-CHECK,BN↔AR control from Fadak map; full manuscript translation audit still open (O-2)
C08-H01,REF-078; REF-081,"After Umm Ayman and Ali testify, ABU BAKR writes Fatima a document and hands it to her.",فكتب لها كتابا ودفعه إليها,PAGE-CHECK,BN↔AR control from Fadak map; full manuscript translation audit still open (O-2)
C09-H01,REF-078; REF-081,"Umar comes, takes the deed and tears it; argues with counter-witnesses (Aus, Aisha, Hafsa) and that Umm Ayman is a lone woman.",أوس بن الحدثان وعائشة وحفصة يشهدون … إنا معاشر الأنبياء لا نورث,PAGE-CHECK,BN↔AR control from Fadak map; full manuscript translation audit still open (O-2)
C09-S02,REF-123,Later administration (Umar's caliphate): Medina sadaqa handed to Ali and Abbas; Khaybar and Fadak kept by Umar as the Prophet's sadaqa for whoever holds authority.,فأما صدقته بالمدينة فدفعها عمر إلى علي وعباس، فأما خيبر وفدك فأمسكها عمر وقال هما صدقة رسول الله صلى الله عليه وسلم كانتا لحقوقه التي تعروه ونوائبه، وأمرهما إلى من ولي الأمر,PAGE-CHECK,BN↔AR control from Fadak map; full manuscript translation audit still open (O-2)
C09-S03,— (no ledger row),"Umar's adjuration of the Companions, Ali and Abbas on «لا نورث» (narrator Malik b. Aws b. al-Hadathan) - see C05-S01.",أنشدكما بالله … هل تعلمان أن رسول الله صلى الله عليه وسلم قال لا نورث ما تركنا صدقة,PAGE-CHECK,BN↔AR control from Fadak map; full manuscript translation audit still open (O-2)
C09-S04,REF-079; REF-126,"After Fatima's death Ali invites Abu Bakr alone, disliking Umar's presence; Umar: ""you will not enter on them alone"".",فقال عمر لا والله لا تدخل عليهم وحدك,PAGE-CHECK,BN↔AR control from Fadak map; full manuscript translation audit still open (O-2)
C10-S01,REF-131; REF-079; REF-126,"When Fatima died her husband Ali buried her at night, did not inform Abu Bakr, and prayed over her himself. (She lived six months after the Prophet.)",فلما توفيت، دفنها زوجها علي ليلا، ولم يؤذن بها أبا بكر وصلى عليها,PAGE-CHECK,BN↔AR control from Fadak map; full manuscript translation audit still open (O-2)
C10-S02,— (REF-123 cites Muslim 1759 for «لا نورث» only),Same as 4240; names Ali b. Abi Talib and states Ali prayed over her.,فلما توفيت دفنها زوجها علي بن أبي طالب ليلا ولم يؤذن بها أبا بكر وصلى عليها علي,PAGE-CHECK,BN↔AR control from Fadak map; full manuscript translation audit still open (O-2)
C11-S01,REF-126; REF-079,"Fatima became angry with Abu Bakr over this, shunned him and did not speak to him until she died; she lived six months after the Prophet.",فوجدت فاطمة على أبي بكر في ذلك فهجرته، فلم تكلمه حتى توفيت، وعاشت بعد النبي صلى الله عليه وسلم ستة أشهر,PAGE-CHECK,BN↔AR control from Fadak map; full manuscript translation audit still open (O-2)
C11-S02,REF-123,"Fatima became angry and shunned Abu Bakr, remaining so until she died.",فغضبت فاطمة بنت رسول الله صلى الله عليه وسلم فهجرت أبا بكر، فلم تزل مهاجرته حتى توفيت,PAGE-CHECK,BN↔AR control from Fadak map; full manuscript translation audit still open (O-2)
C11-S03,REF-123,Fatima shunned him and did not speak to him until she died.,فهجرته فاطمة، فلم تكلمه حتى ماتت,PAGE-CHECK,BN↔AR control from Fadak map; full manuscript translation audit still open (O-2)
C11-S04,REF-123,Same report; the text carries an inserted «قال» before «فهجرته».,فوجدت فاطمة على أبي بكر في ذلك - قال - فهجرته فلم تكلمه حتى توفيت,PAGE-CHECK,BN↔AR control from Fadak map; full manuscript translation audit still open (O-2)
C11-S05,REF-079,Ends at Abu Bakr's refusal - no anger/separation clause.,فأبى أبو بكر رضى الله عنه أن يدفع إلى فاطمة عليها السلام منها شيئا,PAGE-CHECK,BN↔AR control from Fadak map; full manuscript translation audit still open (O-2)
HADI_AMBIGUITY,,হাদী,حاضنة,PAGE-CHECK,Bengali «হাদী» ambiguous → prefer লালনকারিণী/ধাত্রী (حاضنة) per S-181
MADINAT_ILM,,শহরের দ্বার / নগরী,مدينة العلم / دار الحكمة,CONFLICT,Tirmidhi 3723 is دار الحكمة not مدينة العلم
ALI_WITH_HAQQ,,আলী সত্যের সাথে,علي مع الحق / أدر الحق معه,CONFLICT,Hakim wording differs — do not flatten
