Claim_ID,Claim,Source_Tradition,Source_Work,Author,Narration_Summary,Witnesses_Named,Legal_Response,Exact_Arabic_Wording,Edition_Page_or_Number,Verification_Status,Ledger_Rows,Notes
C01-S01,1 · Fatima's claim to Fadak (as inheritance / as grant),Sunni,"Sahih al-Bukhari, Kitab al-Maghazi (Khaybar)",al-Bukhari,"Aisha narrates: Fatima sent to Abu Bakr asking for her inheritance from what Allah gave the Prophet as fay' in Medina, Fadak and the remainder of the Khaybar fifth.",none (no witnesses in this narration),Abu Bakr answers with «لا نورث» (see C02-S01),أرسلت إلى أبي بكر تسأله ميراثها من رسول الله صلى الله عليه وسلم مما أفاء الله عليه بالمدينة وفدك، وما بقي من خمس خيبر,Bukhari 4240–4241 (standard numbering),VERIFIED-LIVE,REF-079; REF-126,"Claim framed as MIRATH (inheritance), not hiba (grant). Do not import the grant framing into this citation. Text checked 2026-10-03 in tools/_hadith-api Arabic corpus (fawazahmed0/hadith-api). Corpus prints identical text under 4240 and 4241 (likewise 3092/3093, 6725/6726); exact sunnah.com split cannot be re-checked here (sunnah.com blocked) - cite as one consistent number per BUG-12."
C01-S02,1 · Fatima's claim to Fadak (as inheritance / as grant),Sunni,"Sahih al-Bukhari, Kitab Fard al-Khumus",al-Bukhari,"Aisha: Fatima asked Abu Bakr after the Prophet's death to divide her inheritance from the fay'; she was asking for her share of Khaybar, Fadak and his sadaqa in Medina.",none,«لا نورث ما تركنا صدقة»; «لست تاركا شيئا…»,سألت أبا بكر الصديق بعد وفاة رسول الله صلى الله عليه وسلم أن يقسم لها ميراثها، ما ترك رسول الله صلى الله عليه وسلم مما أفاء الله عليه … وكانت فاطمة تسأل أبا بكر نصيبها مما ترك رسول الله صلى الله عليه وسلم من خيبر وفدك وصدقته بالمدينة,Bukhari 3093 (corpus also under 3092),VERIFIED-LIVE,REF-123,Manuscript REF-123 cites «বুখারি (খুমুস)» without number; 3093 is the matching Khumus text. Text checked 2026-10-03 in tools/_hadith-api Arabic corpus (fawazahmed0/hadith-api).
C01-S03,1 · Fatima's claim to Fadak (as inheritance / as grant),Sunni,"Sahih al-Bukhari, Kitab al-Fara'id",al-Bukhari,Aisha: Fatima AND al-Abbas came to Abu Bakr seeking their inheritance - their land at Fadak and their share of Khaybar.,none,«لا نورث، ما تركنا صدقة…» (C02-S03),أن فاطمة، والعباس عليهما السلام أتيا أبا بكر يلتمسان ميراثهما من رسول الله صلى الله عليه وسلم وهما حينئذ يطلبان أرضيهما من فدك، وسهمهما من خيبر,Bukhari 6726 (corpus also under 6725),VERIFIED-LIVE,REF-123,al-Abbas is a co-claimant in THIS narration only; do not carry him into other recensions. Text checked 2026-10-03 in tools/_hadith-api Arabic corpus (fawazahmed0/hadith-api).
C01-S04,1 · Fatima's claim to Fadak (as inheritance / as grant),Sunni,"Sahih Muslim, Kitab al-Jihad wa al-Siyar",Muslim b. al-Hajjaj,"Same Aisha/Urwa/al-Zuhri narration as Bukhari 4240: inheritance request for Medina fay', Fadak, rest of Khaybar fifth.",none,«لا نورث…» (C02-S04),أرسلت إلى أبي بكر الصديق تسأله ميراثها من رسول الله صلى الله عليه وسلم مما أفاء الله عليه بالمدينة وفدك وما بقي من خمس خيبر,Muslim 1759 (Abd al-Baqi; corpus 1759.01); 1759.03 parallel,VERIFIED-LIVE,REF-123,"Muslim checked by direct JSON lookup arabicnumber=1759.01 (corpus hadithnumber 4580). WARNING: `verify_sunni.py show muslim 1759` returns the WRONG hadith (hadithnumber 1759 = Abd al-Baqi 753, witr) because Abd al-Baqi numbers carry .01/.02 suffixes in the corpus."
C01-S05,1 · Fatima's claim to Fadak (as inheritance / as grant),Sunni,"Sunan Abi Dawud, Kitab al-Kharaj wa al-Imara wa al-Fay'",Abu Dawud,"Same Aisha narration: Fatima asks for her inheritance (Medina fay', Fadak, rest of Khaybar fifth); Abu Bakr refuses to hand over anything.",none,«لا نورث…» (C02-S05),أرسلت إلى أبي بكر الصديق رضى الله عنه تسأله ميراثها من رسول الله صلى الله عليه وسلم مما أفاء الله عليه بالمدينة وفدك وما بقي من خمس خيبر,Abu Dawud 2968,VERIFIED-LIVE,REF-079,Corpus grades: Sahih (al-Albani; Muhammad Muhyi al-Din Abd al-Hamid; Shu'ayb al-Arna'ut; Zubair Ali Zai). Text checked 2026-10-03 in tools/_hadith-api Arabic corpus (fawazahmed0/hadith-api).
C01-S06,1 · Fatima's claim to Fadak (as inheritance / as grant),Sunni,"Sunan Abi Dawud, Kitab al-Kharaj",Abu Dawud,"al-Mughira: Umar b. Abd al-Aziz, on becoming caliph, said the Prophet used Fadak's income for Banu Hashim; Fatima asked the Prophet to make it hers and he declined; Abu Bakr and Umar kept the practice; Marwan was granted it; Umar b. Abd al-Aziz returned it to its status in the Prophet's time.",none,Prophet declined (per this report); Umar b. Abd al-Aziz restores Fadak,وإن فاطمة سألته أن يجعلها لها فأبى … وأنا أشهدكم أني قد رددتها على ما كانت,Abu Dawud 2972,VERIFIED-LIVE,REF-079,"CONTRARY report to the grant claim - record, do not reconcile, do not delete. Grade must print with it: Da'if (al-Albani; Muhammad Muhyi al-Din Abd al-Hamid; Zubair Ali Zai, per corpus) - NOT Abu Dawud's own grading (BUG-01). Text checked 2026-10-03 in tools/_hadith-api Arabic corpus (fawazahmed0/hadith-api)."
C01-S07,1 · Fatima's claim to Fadak (as inheritance / as grant),Sunni,Futuh al-Buldan (recensions 1 and 2),al-Baladhuri,Fatima's claim is followed by testimony (R1: Ali then Umm Ayman; R2: Umm Ayman and Rabah) - see C03/C04/C07.,"see C03-S01, C04-S01, C04-S02",witness-count rule (C07),(S-181 quotes no separate sentence for Fatima's own claim; R2: «فشهدا لها بذلك»),Edition-dependent: p. 30/35 marker or pp. 44–45; «527» = reference numbering - PAGE-CHECK (edition),VERIFIED-S181-URL,REF-081; REF-122,Evidence = URL cited in sources/S-181 (research layer); URL not re-opened here (network policy). URLs: https://ablibrary.net/book_content/b/2660/75 ; https://najafdesertlibrary.com/book/فتوح-البلدان/v/1/p/75. Exact wording of the claim itself (grant vs. inheritance) not quoted in S-181 → PAGE-CHECK before quoting it.
C01-S08,1 · Fatima's claim to Fadak (as inheritance / as grant),Sunni,al-Durr al-Manthur (on Q 17:26),al-Suyuti,"Abu Sa'id al-Khudri (via Atiyya al-Awfi): when «وآت ذا القربى حقه» was revealed the Prophet gave Fadak to Fatima; al-Suyuti cites al-Bazzar, Abu Ya'la, Ibn Abi Hatim, Ibn Mardawayh.",none,—,,4:177 (Egypt ed.) - per ledger research layer,CANDIDATE,REF-121; REF-137; REF-138,"Manuscript names al-Tabarani, al-Kabir; ledger: Tabarani not the primary carrier. Atiyya al-Awfi chain - grade not established in repo. Register HAD-FADAK-1726."
C01-S09,1 · Fatima's claim to Fadak (as inheritance / as grant),Sunni,Shawahid al-Tanzil (on Q 30:38),al-Hakim al-Haskani,Ibn Abbas: on revelation of 30:38 the Prophet gave Fadak to Fatima.,none,—,,1:570–575 (h. 606–611) - per ledger,PAGE-CHECK,REF-128,Ledger triage = SPC. al-Haskani is usually classed as a Hanafi (Sunni) author - classification here is knowledge-based; author to confirm. Q 30:38 «فَآتِ» vs 17:26 «وَآتِ» (REF-127).
C01-H01,1 · Fatima's claim to Fadak (as inheritance / as grant),Shia,"al-Ihtijaj, vol. 1",al-Tabrisi (Ahmad b. Ali),"Fatima brings Umm Ayman (then Ali) as witnesses that the Prophet granted Fadak; Abu Bakr writes her a deed; Umar later takes/tears it (see C04-H01, C08-H01, C09-H01).",Umm Ayman; Ali,Abu Bakr: fay' for the Muslims unless witnesses prove the grant; then writes deed,فجاءت بأم أيمن … فجاء علي عليه السلام فشهد بمثل ذلك,"vol. 1, pp. 90–92 (one ed.) OR pp. 119–127 (Muhammad Baqir al-Khurasan ed.; Fadak testimony ~p. 129) - EDITION LOCK PENDING",VERIFIED-S181-URL,REF-078; REF-081,Evidence = URL cited in sources/S-181 (research layer); URL not re-opened here (network policy). URLs: https://www.almerja.com/reading.php?idm=124286 ; https://ablibrary.net/book_content/b/11726/191. Never merge with Baladhuri (Sunni) recension (S-181 §3-F).
C01-H02,1 · Fatima's claim to Fadak (as inheritance / as grant),Shia,"Sharh Nahj al-Balagha, vol. 16",Ibn Abi al-Hadid,Fatima states Umm Ayman will testify that the Prophet gave her Fadak (grant framing explicit).,Umm Ayman,Abu Bakr's answer discussed at 16/213–214,إن أم أيمن تشهد لي بأن رسول الله أعطاني فدك,"16/213–214 (also 216, 225, 273–275); edition assumed Dar Ihya al-Kutub al-Arabiyya (M. Abu al-Fadl Ibrahim) - PAGE-CHECK (edition)",VERIFIED-S181-URL,REF-081; REF-122,Evidence = URL cited in sources/S-181 (research layer); URL not re-opened here (network policy). URLs: https://arabic.balaghah.net/sites/default/files/file/16.pdf ; https://al-majalis.org/books/wp-content/plugins/books-lib/readers/wp-html-reader-iframe.php?id=254&page=138. Tradition label follows S-181 §0/§3 grouping (Ibn Abi al-Hadid listed with Shia sources); the commentator is a Mu'tazili - author to confirm the label.
C01-H03,1 · Fatima's claim to Fadak (as inheritance / as grant),Shia,Kitab Sulaym b. Qays,Sulaym b. Qays al-Hilali (attrib.),Fadak was in Fatima's hands yet Abu Bakr demanded proof (bayyina) from her.,Umm Ayman (not believed - C04-H02),proof demanded,وسألها البينة,Digital text only; printed edition/page not locked - PAGE-CHECK,VERIFIED-S181-URL,REF-081,Evidence = URL cited in sources/S-181 (research layer); URL not re-opened here (network policy). URL: https://usul.ai/ar/t/kitab-sulaym-ibn-qays-al-hilali/106
C01-H04,1 · Fatima's claim to Fadak (as inheritance / as grant),Shia,"al-Kafi, Kitab al-Hujja, bab al-fay' wa al-anfal",al-Kulayni,Imam al-Sadiq on Q 17:26 and Fadak given to Fatima.,none,—,,1:543 h. 5 - per ledger research layer,PAGE-CHECK,REF-136,Manuscript gives no vol/page; identification is research-layer. Register HAD-FADAK-1726 (do not merge with Durr al-Manthur chain C01-S08).
C01-H05,1 · Fatima's claim to Fadak (as inheritance / as grant),Shia,"al-Ihtijaj, vol. 1 (Khutbat Fadak)",al-Tabrisi (Ahmad b. Ali),Fatima's public sermon in the mosque arguing her right; Abdullah b. al-Hasan: she came veiled.,—,—,,1:131–149 (al-Khurasan ed. named in ledger - not locked); veiled arrival 1:131,PAGE-CHECK,REF-117; REF-118,A different narrative unit from the testimony episode (C01-H01) - keep separate. Edition must match the one chosen for C01-H01.
C01-S10,1 · Fatima's claim to Fadak (as inheritance / as grant),Sunni,Balaghat al-Nisa',Ibn Abi Tahir Tayfur,Parallel carrier of Fatima's Fadak sermon named by the manuscript.,—,—,,pp. 23–30 - per ledger,CANDIDATE,REF-117,"Column admits only Sunni/Shia: Ibn Tayfur is an Abbasid adab author, not a sectarian hadith compiler - classification PAGE-CHECK by author."
C02-S01,2 · Abu Bakr's «لا نورث» response,Sunni,"Sahih al-Bukhari, Kitab al-Maghazi",al-Bukhari,Abu Bakr cites the Prophet: no inheritance from us; what we leave is sadaqa; Muhammad's family eat from this wealth; he will keep the Prophet's practice.,none,Prophet's estate = sadaqa; status quo maintained; refuses to hand anything to Fatima,لا نورث، ما تركنا صدقة، إنما يأكل آل محمد صلى الله عليه وسلم في هذا المال … فأبى أبو بكر أن يدفع إلى فاطمة منها شيئا,Bukhari 4240–4241,VERIFIED-LIVE,REF-079; REF-126,"Text checked 2026-10-03 in tools/_hadith-api Arabic corpus (fawazahmed0/hadith-api). Corpus prints identical text under 4240 and 4241 (likewise 3092/3093, 6725/6726); exact sunnah.com split cannot be re-checked here (sunnah.com blocked) - cite as one consistent number per BUG-12."
C02-S02,2 · Abu Bakr's «لا نورث» response,Sunni,"Sahih al-Bukhari, Kitab Fard al-Khumus",al-Bukhari,"Abu Bakr: «لا نورث…»; refuses, fearing to deviate if he abandons any of the Prophet's practice.",none,fear of deviation (أن أزيغ),لا نورث ما تركنا صدقة … لست تاركا شيئا كان رسول الله صلى الله عليه وسلم يعمل به إلا عملت به، فإني أخشى إن تركت شيئا من أمره أن أزيغ,Bukhari 3093,VERIFIED-LIVE,REF-123,Text checked 2026-10-03 in tools/_hadith-api Arabic corpus (fawazahmed0/hadith-api).
C02-S03,2 · Abu Bakr's «لا نورث» response,Sunni,"Sahih al-Bukhari, Kitab al-Fara'id",al-Bukhari,"Abu Bakr to Fatima and al-Abbas: ""I heard the Messenger of Allah say…"".",none,direct hearing claimed («سمعت»),سمعت رسول الله صلى الله عليه وسلم يقول لا نورث، ما تركنا صدقة، إنما يأكل آل محمد من هذا المال,Bukhari 6726,VERIFIED-LIVE,REF-123,Text checked 2026-10-03 in tools/_hadith-api Arabic corpus (fawazahmed0/hadith-api).
C02-S04,2 · Abu Bakr's «لا نورث» response,Sunni,"Sahih Muslim, Kitab al-Jihad wa al-Siyar",Muslim b. al-Hajjaj,Same as Bukhari 4240.,none,as C02-S01,إن رسول الله صلى الله عليه وسلم قال لا نورث ما تركنا صدقة إنما يأكل آل محمد - صلى الله عليه وسلم - في هذا المال,Muslim 1759 (corpus 1759.01; also 1759.02–.03),VERIFIED-LIVE,REF-123,"Muslim checked by direct JSON lookup arabicnumber=1759.01 (corpus hadithnumber 4580). WARNING: `verify_sunni.py show muslim 1759` returns the WRONG hadith (hadithnumber 1759 = Abd al-Baqi 753, witr) because Abd al-Baqi numbers carry .01/.02 suffixes in the corpus."
C02-S05,2 · Abu Bakr's «لا نورث» response,Sunni,Sunan Abi Dawud,Abu Dawud,Same as Bukhari 4240 (shorter; ends at refusal).,none,as C02-S01,لا نورث ما تركنا صدقة إنما يأكل آل محمد من هذا المال,Abu Dawud 2968 (Sahih per corpus graders),VERIFIED-LIVE,REF-079,Text checked 2026-10-03 in tools/_hadith-api Arabic corpus (fawazahmed0/hadith-api).
C02-S06,2 · Abu Bakr's «لا نورث» response,Sunni,Futuh al-Buldan; Tarikh al-Tabari (as named by manuscript),al-Baladhuri; al-Tabari,Manuscript: Abu Bakr declared Fadak state property.,—,«state property» declaration (manuscript wording),,PAGE-CHECK (no page in manuscript),CANDIDATE,REF-122,"S-181 quotes NO «state property» wording from Baladhuri - Baladhuri's recorded response is the witness rule (C07). Closest attested wording is al-Ihtijaj «فيء للمسلمين» (Shia, C02-H01) - do not transfer it to Baladhuri. Tabari not checked."
C02-H01,2 · Abu Bakr's «لا نورث» response,Shia,"al-Ihtijaj, vol. 1",al-Tabrisi (Ahmad b. Ali),"In this version Abu Bakr's stated position is that Fadak is fay' for the Muslims unless Fatima brings witnesses that the Prophet assigned it to her; «إنا معاشر الأنبياء لا نورث» appears in Umar's counter-argument, not as Abu Bakr's first answer.","(Umar's counter-witnesses: Aus, Aisha, Hafsa - C05-H03)",fay' for Muslims / burden of proof on Fatima,إن هذا فيء للمسلمين، فإن أقامت شهودا أن رسول الله جعله لها، وإلا فلا حق لها فيه,vol. 1 - EDITION LOCK PENDING (pp. 90–92 vs 119–127),VERIFIED-S181-URL,REF-081,Evidence = URL cited in sources/S-181 (research layer); URL not re-opened here (network policy). URLs: https://www.almerja.com/reading.php?idm=124286 ; https://ablibrary.net/book_content/b/11726/191
C02-H02,2 · Abu Bakr's «لا نورث» response,Shia,Qurb al-Isnad,al-Himyari,"Aisha, Hafsa and Aus b. al-Hadathan testify before Abu Bakr that the Prophet said «لا أورث» (singular wording).",Aisha; Hafsa; Aus b. al-Hadathan,«لا أورث» used against Fatima's claim,شهدوا عند أبي بكر بأن رسول الله صلى الله عليه وآله وسلم قال: لا أورث,h. 99 or h. 335 (numbering differs by edition) - PAGE-CHECK,VERIFIED-S181-URL,REF-081,Singular «لا أورث» ≠ Sunni plural «لا نورث» ≠ Ihtijaj «إنا معاشر الأنبياء لا نورث» - quote the wording of the book cited. Evidence = URL cited in sources/S-181 (research layer); URL not re-opened here (network policy). URL: https://ablibrary.net/book_content/b/8597/96
C03-S01,3 · Ali's testimony for Fatima,Sunni,Futuh al-Buldan - recension 1,al-Baladhuri,Ali testifies; Abu Bakr asks for another witness; Umm Ayman testifies; rejected by the witness-count rule.,Ali; Umm Ayman,«لا تجوز إلا شهادة رجلين أو رجل وامرأتين» (C07-S01),وشهد لها علي بن أبي طالب فسألها شاهدا آخر فشهدت لها أم أيمن,PAGE-CHECK (edition: al-Munajjid or de Goeje),VERIFIED-S181-URL,REF-081,Evidence = URL cited in sources/S-181 (research layer); URL not re-opened here (network policy). URL: https://ablibrary.net/book_content/b/2660/75. Sunni primary independent of Shia sources.
C03-S02,3 · Ali's testimony for Fatima,Sunni,Futuh al-Buldan - recension 2,al-Baladhuri,Witnesses are Umm Ayman and Rabah (mawla of the Prophet); Ali is NOT named as witness in this recension.,Umm Ayman; Rabah (Ali NOT named),«إن هذا الأمر لا تجوز فيه إلا شهادة رجل وامرأتين» (C07-S02),فجاءت بأم أيمن ورباح مولى النبي … فشهدا لها بذلك,PAGE-CHECK (edition),VERIFIED-S181-URL,REF-081,Row documents that Ali's testimony is absent from R2 - never build a composite of R1+R2. Evidence = URL cited in sources/S-181 (research layer); URL not re-opened here (network policy). URL: https://najafdesertlibrary.com/book/فتوح-البلدان/v/1/p/75
C03-S03,3 · Ali's testimony for Fatima,Sunni,Six canonical collections (corpus search),—,No Fadak testimony by Ali found. WARNING: «فتشهد علي» in Bukhari 4240/3711 is Ali reciting the tashahhud before speaking to Abu Bakr - NOT testimony about Fadak.,—,—,"فتشهد علي (Bukhari 4240: tashahhud formula, not shahada for Fadak)","search 2026-10-03: «فدك»+«شهد» hits = Bukhari 3711-12, 4240-41, Muslim 1759.01, AD 2972, Nasa'i 5581 - none is testimony",NOT VERIFIED,—,NOT FOUND in six-book corpus by string search ≠ DOES NOT EXIST (Global Law).
C03-H01,3 · Ali's testimony for Fatima,Shia,"al-Ihtijaj, vol. 1",al-Tabrisi (Ahmad b. Ali),"After Umm Ayman, Ali comes and testifies to the same; Abu Bakr then writes the deed.",Umm Ayman; Ali,deed written (C08-H01),فجاء علي عليه السلام فشهد بمثل ذلك,vol. 1 - EDITION LOCK PENDING,VERIFIED-S181-URL,REF-081,"Order here: Umm Ayman FIRST, then Ali (reverse of Baladhuri R1). Do not harmonise. Evidence = URL cited in sources/S-181 (research layer); URL not re-opened here (network policy). URLs: https://www.almerja.com/reading.php?idm=124286 ; https://ablibrary.net/book_content/b/11726/191"
C03-H02,3 · Ali's testimony for Fatima,Shia,"Bihar al-Anwar, vol. 29 (bab 11: نزول الآيات في أمر فدك)",al-Majlisi,"Inside the Fadak report, Umm Ayman and Ali testify.",Umm Ayman; Ali,—,(S-181 quotes only «إن أم أيمن امرأة من أهل الجنة» from this report; Ali's testimony wording not quoted),p. 176 (online / najafdesertlibrary) OR p. 128 (other ed.) - lock one,VERIFIED-S181-URL,REF-081; REF-082,Evidence = URL cited in sources/S-181 (research layer); URL not re-opened here (network policy). URL: https://najafdesertlibrary.com/book/بحار-الأنوار/v/29/p/176
C03-H03,3 · Ali's testimony for Fatima,Shia,"Sharh Nahj al-Balagha, vol. 16",Ibn Abi al-Hadid,Legal discussion: whether testimony alone suffices vs. weight of Ali's testimony.,Ali; Umm Ayman,legal argument (C07-H02),,"16/213–214, 225, 273–275 - PAGE-CHECK (edition)",VERIFIED-S181-URL,REF-081; REF-122,Evidence = URL cited in sources/S-181 (research layer); URL not re-opened here (network policy). URLs: https://arabic.balaghah.net/sites/default/files/file/16.pdf ; https://al-majalis.org/books/wp-content/plugins/books-lib/readers/wp-html-reader-iframe.php?id=254&page=138. Tradition label follows S-181 §0/§3 grouping (Ibn Abi al-Hadid listed with Shia sources); the commentator is a Mu'tazili - author to confirm the label.
C03-H04,3 · Ali's testimony for Fatima,Shia,Kitab Sulaym b. Qays,Sulaym b. Qays al-Hilali (attrib.),Manuscript (REF-081) cites Sulaym for Ali's testimony; S-181's quoted Sulaym text covers only the bayyina demand and Umm Ayman not being believed.,(Ali - not in quoted text),—,,PAGE-CHECK,PAGE-CHECK,REF-081,Ali-testimony wording in Sulaym not quoted anywhere in repo.
C04-S01,4 · Umm Ayman's testimony for Fatima,Sunni,Futuh al-Buldan - recension 1,al-Baladhuri,"Second witness after Ali, at Abu Bakr's request.",Ali; Umm Ayman,witness-count rule (C07-S01),فسألها شاهدا آخر فشهدت لها أم أيمن,PAGE-CHECK (edition),VERIFIED-S181-URL,REF-081,Evidence = URL cited in sources/S-181 (research layer); URL not re-opened here (network policy). URL: https://ablibrary.net/book_content/b/2660/75
C04-S02,4 · Umm Ayman's testimony for Fatima,Sunni,Futuh al-Buldan - recension 2,al-Baladhuri,Fatima brings Umm Ayman and Rabah; both testify.,Umm Ayman; Rabah,«رجل وامرأتين» rule (C07-S02),فجاءت بأم أيمن ورباح مولى النبي … فشهدا لها بذلك,PAGE-CHECK (edition),VERIFIED-S181-URL,REF-081,Evidence = URL cited in sources/S-181 (research layer); URL not re-opened here (network policy). URL: https://najafdesertlibrary.com/book/فتوح-البلدان/v/1/p/75
C04-S03,4 · Umm Ayman's testimony for Fatima,Sunni,Six canonical collections (corpus search),—,No Umm Ayman testimony about Fadak found (string search «فدك»+«أم أيمن»: 0 hits).,—,—,,—,NOT VERIFIED,—,NOT FOUND in six-book corpus by string search ≠ DOES NOT EXIST (Global Law). Umm Ayman's identity IS attested live in the six books - see Umm Ayman control file.
C04-H01,4 · Umm Ayman's testimony for Fatima,Shia,"al-Ihtijaj, vol. 1",al-Tabrisi (Ahmad b. Ali),Fatima brings Umm Ayman; her standing as «a woman of Paradise» is invoked; Umar later dismisses a single female witness.,Umm Ayman; Ali,Umar: «لو كان معها غيرها لنظرنا فيه»,فجاءت بأم أيمن … أم أيمن امرأة من أهل الجنة … وأم أيمن فهي امرأة صالحة، لو كان معها غيرها لنظرنا فيه,vol. 1 - EDITION LOCK PENDING,VERIFIED-S181-URL,REF-078; REF-081,S-181 elides the speaker before «أم أيمن امرأة من أهل الجنة» («فقال …») - do not render it as direct «রাসূল ﷺ বলেছেন» without page-check. Evidence = URL cited in sources/S-181 (research layer); URL not re-opened here (network policy). URLs: https://www.almerja.com/reading.php?idm=124286 ; https://ablibrary.net/book_content/b/11726/191
C04-H02,4 · Umm Ayman's testimony for Fatima,Shia,Kitab Sulaym b. Qays,Sulaym b. Qays al-Hilali (attrib.),Abu Bakr did not believe Fatima nor Umm Ayman.,Umm Ayman,testimony not accepted,ولم يصدقها، ولا صدق أم أيمن,printed edition/page not locked (Ansari ed. suggested by S-181) - PAGE-CHECK,VERIFIED-S181-URL,REF-081,Evidence = URL cited in sources/S-181 (research layer); URL not re-opened here (network policy). URL: https://usul.ai/ar/t/kitab-sulaym-ibn-qays-al-hilali/106
C04-H03,4 · Umm Ayman's testimony for Fatima,Shia,"Bihar al-Anwar, vol. 29 (Fadak chapter)",al-Majlisi,Within the Fadak report: Umm Ayman is a woman of Paradise; she and Ali then testify.,Umm Ayman; Ali,—,إن أم أيمن امرأة من أهل الجنة,p. 176 (online) OR p. 128 - lock one,VERIFIED-S181-URL,REF-081; REF-082,Part of the Fadak narrative - a separate report from Ibn Sa'd's marriage-hadith (never merge). Evidence = URL cited in sources/S-181 (research layer); URL not re-opened here (network policy). URL: https://najafdesertlibrary.com/book/بحار-الأنوار/v/29/p/176
C04-H04,4 · Umm Ayman's testimony for Fatima,Shia,"Sharh Nahj al-Balagha, vol. 16",Ibn Abi al-Hadid,Fatima: Umm Ayman will testify that the Prophet gave me Fadak.,Umm Ayman,Abu Bakr's reply (16/213–214),إن أم أيمن تشهد لي بأن رسول الله أعطاني فدك,16/213–214 - PAGE-CHECK (edition),VERIFIED-S181-URL,REF-081; REF-122,Evidence = URL cited in sources/S-181 (research layer); URL not re-opened here (network policy). URLs: https://arabic.balaghah.net/sites/default/files/file/16.pdf ; https://al-majalis.org/books/wp-content/plugins/books-lib/readers/wp-html-reader-iframe.php?id=254&page=138. Tradition label follows S-181 §0/§3 grouping (Ibn Abi al-Hadid listed with Shia sources); the commentator is a Mu'tazili - author to confirm the label.
C04-X01,4 · Umm Ayman's testimony for Fatima,Sunni,al-Saqifa wa Fadak (via Sharh Nahj al-Balagha),Abu Bakr al-Jawhari (quoted by Ibn Abi al-Hadid),CONTROL ROW: Umm HANI - not Umm Ayman - in conversation with Abu Bakr.,Umm Hani (NOT Umm Ayman),—,,"manuscript «vol. 4, p. 81» = probably Sharh numbering; check Sharh 16:214–215 and al-Jawhari (ed. Amini) pp. 103–104",CANDIDATE,REF-141,"Same register key (HAD-FADAK-TESTIMONY) as the Umm Ayman rows - different woman, different episode; never merge. Tradition label knowledge-based (al-Jawhari presented as a Sunni transmitter) - CLASSIFICATION PAGE-CHECK."
C05-H01,5 · Aus b. al-Hadathan-related counter-testimony («لا نورث» side),Shia,Qurb al-Isnad,al-Himyari,"Aisha, Hafsa and an Arab man named Aus b. al-Hadathan of Banu Nadr testified against Fatima before Abu Bakr that the Prophet said «لا أورث».",Aisha; Hafsa; Aus b. al-Hadathan (Banu Nadr),counter-testimony for «لا أورث»,شهدت عليها عائشة وحفصة، ورجل من العرب يقال له أوس بن الحدثان من بني نضر، شهدوا عند أبي بكر بأن رسول الله صلى الله عليه وآله وسلم قال: لا أورث,h. 99 or h. 335 - PAGE-CHECK (edition numbering),VERIFIED-S181-URL,REF-081,"Aus is a COUNTER-witness, never Umm Ayman's co-witness (S-181 §3-B; patch A-3). URL book-id 8597 not identified here as Qurb al-Isnad vs Bihar - confirm. Evidence = URL cited in sources/S-181 (research layer); URL not re-opened here (network policy). URL: https://ablibrary.net/book_content/b/8597/96"
C05-H02,5 · Aus b. al-Hadathan-related counter-testimony («لا نورث» side),Shia,"Bihar al-Anwar, vol. 22 (quoting Qurb al-Isnad)",al-Majlisi,Same narration as C05-H01 transmitted via Bihar.,Aisha; Hafsa; Aus b. al-Hadathan,as C05-H01,,22/101 h. 59 (older pagination 8/98) - PAGE-CHECK (edition),PAGE-CHECK,REF-081,Separate carrier row; not independently URL-checked.
C05-H03,5 · Aus b. al-Hadathan-related counter-testimony («لا نورث» side),Shia,"al-Ihtijaj, vol. 1",al-Tabrisi (Ahmad b. Ali),"Umar's counter-argument: Aus b. al-Hadathan, Aisha and Hafsa testify that the Prophet said prophets leave no inheritance.",Aus b. al-Hadathan; Aisha; Hafsa,«إنا معاشر الأنبياء لا نورث»,أوس بن الحدثان وعائشة وحفصة يشهدون … إنا معاشر الأنبياء لا نورث,vol. 1 - EDITION LOCK PENDING,VERIFIED-S181-URL,REF-081,Evidence = URL cited in sources/S-181 (research layer); URL not re-opened here (network policy). URLs: https://www.almerja.com/reading.php?idm=124286 ; https://ablibrary.net/book_content/b/11726/191
C05-S01,5 · Aus b. al-Hadathan-related counter-testimony («لا نورث» side),Sunni,Sahih al-Bukhari (Kitab Fard al-Khumus) and parallels,al-Bukhari; Muslim; Abu Dawud,"NAME-CONTROL ROW: MALIK b. Aws b. al-Hadathan al-Nasri narrates Umar's adjuration (Umar's caliphate, Ali–Abbas dispute): Uthman, Abd al-Rahman b. Awf, al-Zubayr, Sa'd, then Ali and Abbas affirm the Prophet said «لا نورث ما تركنا صدقة».",(affirming on oath-question: Uthman; Abd al-Rahman b. Awf; al-Zubayr; Sa'd; Ali; Abbas),Umar's «أنشدكم بالله…»,أنشدكم بالله الذي بإذنه تقوم السماء والأرض، هل تعلمون أن رسول الله صلى الله عليه وسلم قال لا نورث ما تركنا صدقة,"Arabic quoted from Bukhari 3094 (text read); Muslim 1757.03 (text read); Abu Dawud 2963 (text read; Sahih per corpus); name also in Bukhari 4033, 5358, 6728, AD 2967 (search hits)",VERIFIED-LIVE,— (no ledger row),"DIFFERENT PERSON (Malik, son of Aws), DIFFERENT ROLE (narrator), DIFFERENT TIME (Umar's caliphate) - NOT testimony before Abu Bakr. Included only to block conflation with the Shia «Aus b. al-Hadathan» witness. Text checked 2026-10-03 in tools/_hadith-api Arabic corpus (fawazahmed0/hadith-api)."
C05-S02,5 · Aus b. al-Hadathan-related counter-testimony («لا نورث» side),Sunni,Six canonical collections (corpus search),—,No narration of Aus b. al-Hadathan with Aisha/Hafsa testifying before Abu Bakr (search «أوس بن الحدثان»+«حفصة»: 0 hits).,—,—,,—,NOT VERIFIED,—,NOT FOUND in six-book corpus by string search ≠ DOES NOT EXIST (Global Law).
C06-H01,6 · Aisha / Hafsa testimony,Shia,Qurb al-Isnad,al-Himyari,Aisha and Hafsa (with Aus) testify against Fatima's claim before Abu Bakr.,Aisha; Hafsa; Aus b. al-Hadathan,«لا أورث»,شهدت عليها عائشة وحفصة,h. 99 / 335 - PAGE-CHECK,VERIFIED-S181-URL,REF-081,Same narration as C05-H01; kept as its own evidentiary unit per brief. Evidence = URL cited in sources/S-181 (research layer); URL not re-opened here (network policy). URL: https://ablibrary.net/book_content/b/8597/96
C06-H02,6 · Aisha / Hafsa testimony,Shia,"al-Ihtijaj, vol. 1",al-Tabrisi (Ahmad b. Ali),Named by Umar as witnesses for «إنا معاشر الأنبياء لا نورث».,Aus; Aisha; Hafsa,Umar's counter-argument,أوس بن الحدثان وعائشة وحفصة يشهدون,vol. 1 - EDITION LOCK PENDING,VERIFIED-S181-URL,REF-081,Evidence = URL cited in sources/S-181 (research layer); URL not re-opened here (network policy). URLs: https://www.almerja.com/reading.php?idm=124286 ; https://ablibrary.net/book_content/b/11726/191
C06-H03,6 · Aisha / Hafsa testimony,Shia,"Bihar al-Anwar, vol. 22",al-Majlisi,Carrier of the Qurb al-Isnad narration.,Aisha; Hafsa; Aus,—,,22/101 h. 59 - PAGE-CHECK,PAGE-CHECK,REF-081,
C06-S01,6 · Aisha / Hafsa testimony,Sunni,Sahih al-Bukhari 4240/3093/6726; Sahih Muslim 1759; Sunan Abi Dawud 2968,—,"In every six-book Fadak narration Aisha is the NARRATOR («عن عائشة»), not a witness before Abu Bakr.",— (Aisha = narrator),—,عن عائشة، أن فاطمة … أرسلت إلى أبي بكر,as listed,VERIFIED-LIVE,REF-079; REF-123; REF-126,Do not convert narrator role into testimony. Text checked 2026-10-03 in tools/_hadith-api Arabic corpus (fawazahmed0/hadith-api).
C06-S02,6 · Aisha / Hafsa testimony,Sunni,"Sahih Muslim, Kitab al-Jihad wa al-Siyar",Muslim b. al-Hajjaj,"When the Prophet's wives wanted to send Uthman to Abu Bakr for their inheritance, Aisha reminded them the Prophet said «لا نورث…».",— (Aisha addresses the wives),«لا نورث ما تركنا فهو صدقة»,أليس قد قال رسول الله صلى الله عليه وسلم لا نورث ما تركنا فهو صدقة,Muslim 1758 (corpus arabicnumber 1758),VERIFIED-LIVE,— (no ledger row),Aisha transmits «لا نورث» to the wives - NOT testimony against Fatima; Hafsa not named. Text checked 2026-10-03 in tools/_hadith-api Arabic corpus (fawazahmed0/hadith-api).
C06-S03,6 · Aisha / Hafsa testimony,Sunni,Six canonical collections (corpus search),—,No Hafsa testimony on Fadak found.,—,—,,—,NOT VERIFIED,—,NOT FOUND in six-book corpus by string search ≠ DOES NOT EXIST (Global Law).
C07-S01,7 · Witness-count argument («رجلين أو رجل وامرأتين»),Sunni,Futuh al-Buldan - recension 1,al-Baladhuri,"After Ali and Umm Ayman testify, Abu Bakr rejects: only two men or a man and two women.",Ali; Umm Ayman,testimony insufficient by number,لا تجوز إلا شهادة رجلين أو رجل وامرأتين,PAGE-CHECK (edition),VERIFIED-S181-URL,REF-081,Evidence = URL cited in sources/S-181 (research layer); URL not re-opened here (network policy). URL: https://ablibrary.net/book_content/b/2660/75
C07-S02,7 · Witness-count argument («رجلين أو رجل وامرأتين»),Sunni,Futuh al-Buldan - recension 2,al-Baladhuri,"After Umm Ayman and Rabah testify, Abu Bakr: only a man and two women are admissible in this matter.",Umm Ayman; Rabah,testimony insufficient by number,إن هذا الأمر لا تجوز فيه إلا شهادة رجل وامرأتين,PAGE-CHECK (edition),VERIFIED-S181-URL,REF-081,Wording differs from R1 (no «رجلين أو») - quote the recension cited. Evidence = URL cited in sources/S-181 (research layer); URL not re-opened here (network policy). URL: https://najafdesertlibrary.com/book/فتوح-البلدان/v/1/p/75
C07-H01,7 · Witness-count argument («رجلين أو رجل وامرأتين»),Shia,"al-Ihtijaj, vol. 1",al-Tabrisi (Ahmad b. Ali),Burden of proof stated by Abu Bakr; Umar objects that Umm Ayman is a single woman.,Umm Ayman (Ali),«فإن أقامت شهودا…»; Umar: «لو كان معها غيرها لنظرنا فيه»,فإن أقامت شهودا أن رسول الله جعله لها، وإلا فلا حق لها فيه … وأم أيمن فهي امرأة صالحة، لو كان معها غيرها لنظرنا فيه,vol. 1 - EDITION LOCK PENDING,VERIFIED-S181-URL,REF-081,Not the Baladhuri formula - do not merge. Evidence = URL cited in sources/S-181 (research layer); URL not re-opened here (network policy). URLs: https://www.almerja.com/reading.php?idm=124286 ; https://ablibrary.net/book_content/b/11726/191
C07-H02,7 · Witness-count argument («رجلين أو رجل وامرأتين»),Shia,"Sharh Nahj al-Balagha, vol. 16",Ibn Abi al-Hadid,Discussion: «testimony alone not sufficient» vs. Ali's testimony.,Ali; Umm Ayman,legal argument,,16/273–275 (and 213–214) - PAGE-CHECK (edition),VERIFIED-S181-URL,REF-081; REF-122,Evidence = URL cited in sources/S-181 (research layer); URL not re-opened here (network policy). URLs: https://arabic.balaghah.net/sites/default/files/file/16.pdf ; https://al-majalis.org/books/wp-content/plugins/books-lib/readers/wp-html-reader-iframe.php?id=254&page=138. Tradition label follows S-181 §0/§3 grouping (Ibn Abi al-Hadid listed with Shia sources); the commentator is a Mu'tazili - author to confirm the label.
C07-S03,7 · Witness-count argument («رجلين أو رجل وامرأتين»),Sunni,Six canonical collections (corpus search),—,"«شهادة رجلين» occurs only in non-Fadak contexts (Khuzayma's testimony counted as two men: Bukhari 2807, 4784; AD 3607; Nasa'i 4647; Ramadan moon-sighting: Tirmidhi 691).",—,—,,—,NOT VERIFIED,—,NOT FOUND in six-book corpus by string search ≠ DOES NOT EXIST (Global Law). Do not cite these numbers for the Fadak witness rule.
C08-H01,8 · Written-document (deed) episode,Shia,"al-Ihtijaj, vol. 1",al-Tabrisi (Ahmad b. Ali),"After Umm Ayman and Ali testify, ABU BAKR writes Fatima a document and hands it to her.",Umm Ayman; Ali,deed issued,فكتب لها كتابا ودفعه إليها,vol. 1 - EDITION LOCK PENDING,VERIFIED-S181-URL,REF-078; REF-081,Evidence = URL cited in sources/S-181 (research layer); URL not re-opened here (network policy). URLs: https://www.almerja.com/reading.php?idm=124286 ; https://ablibrary.net/book_content/b/11726/191
C08-X01,8 · Written-document (deed) episode,Shia,"(none located) - manuscript dialogue REF-078, mapped by ledger to al-Ihtijaj",—,"Manuscript: «রাসূলুল্লাহ ﷺ নিজে মেয়েকে ফাদাক দিয়ে গেছেন। বর্ণিত আছে, লিখেও দিয়ে গেছেন» - i.e., the PROPHET wrote the deed.",—,—,,—,NOT VERIFIED,REF-078,"SUBJECT MISMATCH: al-Ihtijaj (C08-H01) has Abu Bakr as writer, not the Prophet. Ledger Resolution_Note equates the two - residual blending. No repo source for a deed written by the Prophet: keep «বর্ণিত আছে» only, or re-word to the Ihtijaj recension with attribution."
C08-S01,8 · Written-document (deed) episode,Sunni,Futuh al-Buldan (both recensions),al-Baladhuri,No deed: Abu Bakr rejects the testimony on the witness-count rule (S-181 §3-F).,see C07,rejection,,PAGE-CHECK (edition),VERIFIED-S181-URL,REF-081; REF-122,Absence row - the deed belongs to the al-Ihtijaj recension only; never insert it into Baladhuri.
C08-S02,8 · Written-document (deed) episode,Sunni,Tarikh al-Khulafa (as named by manuscript),al-Suyuti,Manuscript cites it for the deed being torn.,—,—,,—,NOT VERIFIED,REF-122,Ledger: not located - drop unless a page is found.
C08-S03,8 · Written-document (deed) episode,Sunni,Six canonical collections (corpus search),—,"No Fadak deed found («فدك»+«كتاب/صحيفة» hits are «قطيفة فدكية» - a Fadaki cloth: Bukhari 4566, 6207).",—,—,,—,NOT VERIFIED,—,NOT FOUND in six-book corpus by string search ≠ DOES NOT EXIST (Global Law).
C09-H01,9 · Umar's intervention,Shia,"al-Ihtijaj, vol. 1",al-Tabrisi (Ahmad b. Ali),"Umar comes, takes the deed and tears it; argues with counter-witnesses (Aus, Aisha, Hafsa) and that Umm Ayman is a lone woman.",Aus; Aisha; Hafsa (cited by Umar),deed destroyed; counter-testimony,أوس بن الحدثان وعائشة وحفصة يشهدون … إنا معاشر الأنبياء لا نورث,vol. 1 - EDITION LOCK PENDING,VERIFIED-S181-URL,REF-078; REF-081,S-181 gives the tearing only in Bengali («উমর এসে দলিল নিয়ে যান/ছিঁড়ে ফেলেন») - exact Arabic of the tearing sentence PAGE-CHECK. Evidence = URL cited in sources/S-181 (research layer); URL not re-opened here (network policy). URLs: https://www.almerja.com/reading.php?idm=124286 ; https://ablibrary.net/book_content/b/11726/191
C09-H02,9 · Umar's intervention,Shia,"Sharh Nahj al-Balagha, vol. 16",Ibn Abi al-Hadid,Deed torn (per ledger candidate).,—,—,,16:213–216 - per ledger,CANDIDATE,REF-122,S-181 does not quote a tearing passage from Ibn Abi al-Hadid. Tradition label follows S-181 §0/§3 grouping (Ibn Abi al-Hadid listed with Shia sources); the commentator is a Mu'tazili - author to confirm the label.
C09-S01,9 · Umar's intervention,Sunni,Tarikh al-Khulafa (as named by manuscript),al-Suyuti,Deed torn (manuscript).,—,—,,—,NOT VERIFIED,REF-122,Not located (ledger). Drop unless page found.
C09-S02,9 · Umar's intervention,Sunni,Sahih al-Bukhari (Khumus); Sahih Muslim,al-Bukhari; Muslim,Later administration (Umar's caliphate): Medina sadaqa handed to Ali and Abbas; Khaybar and Fadak kept by Umar as the Prophet's sadaqa for whoever holds authority.,—,Fadak = sadaqa under the ruler,فأما صدقته بالمدينة فدفعها عمر إلى علي وعباس، فأما خيبر وفدك فأمسكها عمر وقال هما صدقة رسول الله صلى الله عليه وسلم كانتا لحقوقه التي تعروه ونوائبه، وأمرهما إلى من ولي الأمر,Bukhari 3093; Muslim 1759.03,VERIFIED-LIVE,REF-123,"A different, later episode - not an intervention in the testimony; no tearing in the six books. Text checked 2026-10-03 in tools/_hadith-api Arabic corpus (fawazahmed0/hadith-api)."
C09-S03,9 · Umar's intervention,Sunni,Sahih al-Bukhari 3094; Sahih Muslim 1757; Sunan Abi Dawud 2963,—,"Umar's adjuration of the Companions, Ali and Abbas on «لا نورث» (narrator Malik b. Aws b. al-Hadathan) - see C05-S01.",Uthman; Abd al-Rahman; al-Zubayr; Sa'd; Ali; Abbas,«لا نورث» affirmed on oath-question,أنشدكما بالله … هل تعلمان أن رسول الله صلى الله عليه وسلم قال لا نورث ما تركنا صدقة,Bukhari 3094; Muslim 1757.03; AD 2963 (Arabic quoted from AD 2963; Bukhari 3094 reads «أنشدكما الله، أتعلمان…»),VERIFIED-LIVE,— (no ledger row),Text checked 2026-10-03 in tools/_hadith-api Arabic corpus (fawazahmed0/hadith-api).
C09-S04,9 · Umar's intervention,Sunni,"Sahih al-Bukhari, Kitab al-Maghazi",al-Bukhari,"After Fatima's death Ali invites Abu Bakr alone, disliking Umar's presence; Umar: ""you will not enter on them alone"".",—,—,فقال عمر لا والله لا تدخل عليهم وحدك,Bukhari 4240–4241,VERIFIED-LIVE,REF-079; REF-126,"This is the only Umar intervention in 4240 - it is about the reconciliation visit, NOT the Fadak deed. Text checked 2026-10-03 in tools/_hadith-api Arabic corpus (fawazahmed0/hadith-api)."
C10-S01,10 · Burial at night (what Bukhari 4240 says),Sunni,"Sahih al-Bukhari, Kitab al-Maghazi",al-Bukhari,"When Fatima died her husband Ali buried her at night, did not inform Abu Bakr, and prayed over her himself. (She lived six months after the Prophet.)",—,—,فلما توفيت، دفنها زوجها علي ليلا، ولم يؤذن بها أبا بكر وصلى عليها,Bukhari 4240–4241,VERIFIED-LIVE,REF-131; REF-079; REF-126,"EXACTLY what 4240 says: night burial BY ALI + Abu Bakr not informed + Ali prayed. 4240 contains NO will (wasiyya) of Fatima, NO instruction to conceal the grave, NO night ghusl/kafan detail. Six-book search «فاطمة»+«قبرها»: 0 hits. Do not attach the wasiyya (C10W) to this citation. BUG-17 confirmed. Text checked 2026-10-03 in tools/_hadith-api Arabic corpus (fawazahmed0/hadith-api). Corpus prints identical text under 4240 and 4241 (likewise 3092/3093, 6725/6726); exact sunnah.com split cannot be re-checked here (sunnah.com blocked) - cite as one consistent number per BUG-12."
C10-S02,10 · Burial at night (what Bukhari 4240 says),Sunni,"Sahih Muslim, Kitab al-Jihad wa al-Siyar",Muslim b. al-Hajjaj,Same as 4240; names Ali b. Abi Talib and states Ali prayed over her.,—,—,فلما توفيت دفنها زوجها علي بن أبي طالب ليلا ولم يؤذن بها أبا بكر وصلى عليها علي,Muslim 1759 (corpus 1759.01),VERIFIED-LIVE,— (REF-123 cites Muslim 1759 for «لا نورث» only),"Muslim checked by direct JSON lookup arabicnumber=1759.01 (corpus hadithnumber 4580). WARNING: `verify_sunni.py show muslim 1759` returns the WRONG hadith (hadithnumber 1759 = Abd al-Baqi 753, witr) because Abd al-Baqi numbers carry .01/.02 suffixes in the corpus."
C10W-H01,"10-W · Fatima's will (wasiyya) for night burial and concealment of her grave - SEPARATE unit, Shia sources only, NOT in Bukhari 4240",Shia,"Bihar al-Anwar, vol. 43",al-Majlisi,Manuscript: night ghusl-kafan-burial and a wasiyya to keep the grave hidden.,—,—,,43:183 ff - per ledger,PAGE-CHECK,REF-131,Must be cited ONLY to its Shia source with «শিয়া সূত্রে বর্ণিত» attribution; never under Bukhari 4240. Exact Arabic and page not in repo.
C11-S01,11 · Fatima's anger / separation («فهجرته فلم تكلمه حتى توفيت»),Sunni,"Sahih al-Bukhari, Kitab al-Maghazi",al-Bukhari,"Fatima became angry with Abu Bakr over this, shunned him and did not speak to him until she died; she lived six months after the Prophet.",—,—,فوجدت فاطمة على أبي بكر في ذلك فهجرته، فلم تكلمه حتى توفيت، وعاشت بعد النبي صلى الله عليه وسلم ستة أشهر,Bukhari 4240–4241,VERIFIED-LIVE,REF-126; REF-079,Singular «فهجرته» as REF-126 notes. Text checked 2026-10-03 in tools/_hadith-api Arabic corpus (fawazahmed0/hadith-api).
C11-S02,11 · Fatima's anger / separation («فهجرته فلم تكلمه حتى توفيت»),Sunni,"Sahih al-Bukhari, Kitab Fard al-Khumus",al-Bukhari,"Fatima became angry and shunned Abu Bakr, remaining so until she died.",—,—,فغضبت فاطمة بنت رسول الله صلى الله عليه وسلم فهجرت أبا بكر، فلم تزل مهاجرته حتى توفيت,Bukhari 3093,VERIFIED-LIVE,REF-123,Different wording («فغضبت» / «مهاجرته») - quote the number whose wording is printed. Text checked 2026-10-03 in tools/_hadith-api Arabic corpus (fawazahmed0/hadith-api).
C11-S03,11 · Fatima's anger / separation («فهجرته فلم تكلمه حتى توفيت»),Sunni,"Sahih al-Bukhari, Kitab al-Fara'id",al-Bukhari,Fatima shunned him and did not speak to him until she died.,—,—,فهجرته فاطمة، فلم تكلمه حتى ماتت,Bukhari 6726,VERIFIED-LIVE,REF-123,«ماتت» (not «توفيت»). Text checked 2026-10-03 in tools/_hadith-api Arabic corpus (fawazahmed0/hadith-api).
C11-S04,11 · Fatima's anger / separation («فهجرته فلم تكلمه حتى توفيت»),Sunni,"Sahih Muslim, Kitab al-Jihad wa al-Siyar",Muslim b. al-Hajjaj,Same report; the text carries an inserted «قال» before «فهجرته».,—,—,فوجدت فاطمة على أبي بكر في ذلك - قال - فهجرته فلم تكلمه حتى توفيت,Muslim 1759 (corpus 1759.01); 1759.03 has no hijra clause,VERIFIED-LIVE,REF-123,"Whose words follow «قال» is a transmission question - document only, do not resolve in prose. Muslim checked by direct JSON lookup arabicnumber=1759.01 (corpus hadithnumber 4580). WARNING: `verify_sunni.py show muslim 1759` returns the WRONG hadith (hadithnumber 1759 = Abd al-Baqi 753, witr) because Abd al-Baqi numbers carry .01/.02 suffixes in the corpus."
C11-S05,11 · Fatima's anger / separation («فهجرته فلم تكلمه حتى توفيت»),Sunni,Sunan Abi Dawud,Abu Dawud,Ends at Abu Bakr's refusal - no anger/separation clause.,—,—,فأبى أبو بكر رضى الله عنه أن يدفع إلى فاطمة عليها السلام منها شيئا,Abu Dawud 2968,VERIFIED-LIVE,REF-079,Do not cite AD 2968 for «فهجرته». Text checked 2026-10-03 in tools/_hadith-api Arabic corpus (fawazahmed0/hadith-api).
