Fadak_Claim_ID,Claim,Source_Tradition,Source_Work,Edition_Page_or_Number,Verification_Status,Ledger_Rows,REF078_Conflict_Open,Keep_Separate_From_Aus,Notes
C01-S01,1 · Fatima's claim to Fadak (as inheritance / as grant),Sunni,"Sahih al-Bukhari, Kitab al-Maghazi (Khaybar)",Bukhari 4240–4241 (standard numbering),VERIFIED,REF-079; REF-126,NO,YES,"Claim framed as MIRATH (inheritance), not hiba (grant). Do not import the grant framing into this citation. Text checked 2026-10-03 in tools/_hadith-api Arabic corpus (fawazahmed0/hadith-api). Corpus prints identical text under 4240 and 4241 (likewise 3092/3093, 6725/6726); exact sunnah.com split cannot be re-checked here (sunnah.com blocked) - cite as one consistent number per BUG-12."
C01-S02,1 · Fatima's claim to Fadak (as inheritance / as grant),Sunni,"Sahih al-Bukhari, Kitab Fard al-Khumus",Bukhari 3093 (corpus also under 3092),VERIFIED,REF-123,NO,YES,Manuscript REF-123 cites «বুখারি (খুমুস)» without number; 3093 is the matching Khumus text. Text checked 2026-10-03 in tools/_hadith-api Arabic corpus (fawazahmed0/hadith-api).
C01-S03,1 · Fatima's claim to Fadak (as inheritance / as grant),Sunni,"Sahih al-Bukhari, Kitab al-Fara'id",Bukhari 6726 (corpus also under 6725),VERIFIED,REF-123,NO,YES,al-Abbas is a co-claimant in THIS narration only; do not carry him into other recensions. Text checked 2026-10-03 in tools/_hadith-api Arabic corpus (fawazahmed0/hadith-api).
C01-S04,1 · Fatima's claim to Fadak (as inheritance / as grant),Sunni,"Sahih Muslim, Kitab al-Jihad wa al-Siyar",Muslim 1759 (Abd al-Baqi; corpus 1759.01); 1759.03 parallel,VERIFIED,REF-123,NO,YES,"Muslim checked by direct JSON lookup arabicnumber=1759.01 (corpus hadithnumber 4580). WARNING: `verify_sunni.py show muslim 1759` returns the WRONG hadith (hadithnumber 1759 = Abd al-Baqi 753, witr) because Abd al-Baqi numbers carry .01/.02 suffixes in the corpus."
C01-S05,1 · Fatima's claim to Fadak (as inheritance / as grant),Sunni,"Sunan Abi Dawud, Kitab al-Kharaj wa al-Imara wa al-Fay'",Abu Dawud 2968,VERIFIED,REF-079,NO,YES,Corpus grades: Sahih (al-Albani; Muhammad Muhyi al-Din Abd al-Hamid; Shu'ayb al-Arna'ut; Zubair Ali Zai). Text checked 2026-10-03 in tools/_hadith-api Arabic corpus (fawazahmed0/hadith-api).
C01-S06,1 · Fatima's claim to Fadak (as inheritance / as grant),Sunni,"Sunan Abi Dawud, Kitab al-Kharaj",Abu Dawud 2972,VERIFIED,REF-079,NO,YES,"CONTRARY report to the grant claim - record, do not reconcile, do not delete. Grade must print with it: Da'if (al-Albani; Muhammad Muhyi al-Din Abd al-Hamid; Zubair Ali Zai, per corpus) - NOT Abu Dawud's own grading (BUG-01). Text checked 2026-10-03 in tools/_hadith-api Arabic corpus (fawazahmed0/hadith-api)."
C01-S07,1 · Fatima's claim to Fadak (as inheritance / as grant),Sunni,Futuh al-Buldan (recensions 1 and 2),Edition-dependent: p. 30/35 marker or pp. 44–45; «527» = reference numbering - PAGE-CHECK (edition),VERIFIED,REF-081; REF-122,NO,YES,Evidence = URL cited in sources/S-181 (research layer); URL not re-opened here (network policy). URLs: https://ablibrary.net/book_content/b/2660/75 ; https://najafdesertlibrary.com/book/فتوح-البلدان/v/1/p/75. Exact wording of the claim itself (grant vs. inheritance) not quoted in S-181 → PAGE-CHECK before quoting it.
C01-S08,1 · Fatima's claim to Fadak (as inheritance / as grant),Sunni,al-Durr al-Manthur (on Q 17:26),4:177 (Egypt ed.) - per ledger research layer,PAGE-CHECK,REF-121; REF-137; REF-138,NO,YES,"Manuscript names al-Tabarani, al-Kabir; ledger: Tabarani not the primary carrier. Atiyya al-Awfi chain - grade not established in repo. Register HAD-FADAK-1726."
C01-S09,1 · Fatima's claim to Fadak (as inheritance / as grant),Sunni,Shawahid al-Tanzil (on Q 30:38),1:570–575 (h. 606–611) - per ledger,PAGE-CHECK,REF-128,NO,YES,Ledger triage = SPC. al-Haskani is usually classed as a Hanafi (Sunni) author - classification here is knowledge-based; author to confirm. Q 30:38 «فَآتِ» vs 17:26 «وَآتِ» (REF-127).
C01-H01,1 · Fatima's claim to Fadak (as inheritance / as grant),Shia,"al-Ihtijaj, vol. 1","vol. 1, pp. 90–92 (one ed.) OR pp. 119–127 (Muhammad Baqir al-Khurasan ed.; Fadak testimony ~p. 129) - EDITION LOCK PENDING",VERIFIED,REF-078; REF-081,YES,YES,Evidence = URL cited in sources/S-181 (research layer); URL not re-opened here (network policy). URLs: https://www.almerja.com/reading.php?idm=124286 ; https://ablibrary.net/book_content/b/11726/191. Never merge with Baladhuri (Sunni) recension (S-181 §3-F).
C01-H02,1 · Fatima's claim to Fadak (as inheritance / as grant),Shia,"Sharh Nahj al-Balagha, vol. 16","16/213–214 (also 216, 225, 273–275); edition assumed Dar Ihya al-Kutub al-Arabiyya (M. Abu al-Fadl Ibrahim) - PAGE-CHECK (edition)",VERIFIED,REF-081; REF-122,NO,YES,Evidence = URL cited in sources/S-181 (research layer); URL not re-opened here (network policy). URLs: https://arabic.balaghah.net/sites/default/files/file/16.pdf ; https://al-majalis.org/books/wp-content/plugins/books-lib/readers/wp-html-reader-iframe.php?id=254&page=138. Tradition label follows S-181 §0/§3 grouping (Ibn Abi al-Hadid listed with Shia sources); the commentator is a Mu'tazili - author to confirm the label.
C01-H03,1 · Fatima's claim to Fadak (as inheritance / as grant),Shia,Kitab Sulaym b. Qays,Digital text only; printed edition/page not locked - PAGE-CHECK,VERIFIED,REF-081,NO,YES,Evidence = URL cited in sources/S-181 (research layer); URL not re-opened here (network policy). URL: https://usul.ai/ar/t/kitab-sulaym-ibn-qays-al-hilali/106
C01-H04,1 · Fatima's claim to Fadak (as inheritance / as grant),Shia,"al-Kafi, Kitab al-Hujja, bab al-fay' wa al-anfal",1:543 h. 5 - per ledger research layer,PAGE-CHECK,REF-136,NO,YES,Manuscript gives no vol/page; identification is research-layer. Register HAD-FADAK-1726 (do not merge with Durr al-Manthur chain C01-S08).
C01-H05,1 · Fatima's claim to Fadak (as inheritance / as grant),Shia,"al-Ihtijaj, vol. 1 (Khutbat Fadak)",1:131–149 (al-Khurasan ed. named in ledger - not locked); veiled arrival 1:131,PAGE-CHECK,REF-117; REF-118,NO,YES,A different narrative unit from the testimony episode (C01-H01) - keep separate. Edition must match the one chosen for C01-H01.
C01-S10,1 · Fatima's claim to Fadak (as inheritance / as grant),Sunni,Balaghat al-Nisa',pp. 23–30 - per ledger,PAGE-CHECK,REF-117,NO,YES,"Column admits only Sunni/Shia: Ibn Tayfur is an Abbasid adab author, not a sectarian hadith compiler - classification PAGE-CHECK by author."
C02-S01,2 · Abu Bakr's «لا نورث» response,Sunni,"Sahih al-Bukhari, Kitab al-Maghazi",Bukhari 4240–4241,VERIFIED,REF-079; REF-126,NO,YES,"Text checked 2026-10-03 in tools/_hadith-api Arabic corpus (fawazahmed0/hadith-api). Corpus prints identical text under 4240 and 4241 (likewise 3092/3093, 6725/6726); exact sunnah.com split cannot be re-checked here (sunnah.com blocked) - cite as one consistent number per BUG-12."
C02-S02,2 · Abu Bakr's «لا نورث» response,Sunni,"Sahih al-Bukhari, Kitab Fard al-Khumus",Bukhari 3093,VERIFIED,REF-123,NO,YES,Text checked 2026-10-03 in tools/_hadith-api Arabic corpus (fawazahmed0/hadith-api).
C02-S03,2 · Abu Bakr's «لا نورث» response,Sunni,"Sahih al-Bukhari, Kitab al-Fara'id",Bukhari 6726,VERIFIED,REF-123,NO,YES,Text checked 2026-10-03 in tools/_hadith-api Arabic corpus (fawazahmed0/hadith-api).
C02-S04,2 · Abu Bakr's «لا نورث» response,Sunni,"Sahih Muslim, Kitab al-Jihad wa al-Siyar",Muslim 1759 (corpus 1759.01; also 1759.02–.03),VERIFIED,REF-123,NO,YES,"Muslim checked by direct JSON lookup arabicnumber=1759.01 (corpus hadithnumber 4580). WARNING: `verify_sunni.py show muslim 1759` returns the WRONG hadith (hadithnumber 1759 = Abd al-Baqi 753, witr) because Abd al-Baqi numbers carry .01/.02 suffixes in the corpus."
C02-S05,2 · Abu Bakr's «لا نورث» response,Sunni,Sunan Abi Dawud,Abu Dawud 2968 (Sahih per corpus graders),VERIFIED,REF-079,NO,YES,Text checked 2026-10-03 in tools/_hadith-api Arabic corpus (fawazahmed0/hadith-api).
C02-S06,2 · Abu Bakr's «لا نورث» response,Sunni,Futuh al-Buldan; Tarikh al-Tabari (as named by manuscript),PAGE-CHECK (no page in manuscript),PAGE-CHECK,REF-122,NO,YES,"S-181 quotes NO «state property» wording from Baladhuri - Baladhuri's recorded response is the witness rule (C07). Closest attested wording is al-Ihtijaj «فيء للمسلمين» (Shia, C02-H01) - do not transfer it to Baladhuri. Tabari not checked."
C02-H01,2 · Abu Bakr's «لا نورث» response,Shia,"al-Ihtijaj, vol. 1",vol. 1 - EDITION LOCK PENDING (pp. 90–92 vs 119–127),VERIFIED,REF-081,NO,YES,Evidence = URL cited in sources/S-181 (research layer); URL not re-opened here (network policy). URLs: https://www.almerja.com/reading.php?idm=124286 ; https://ablibrary.net/book_content/b/11726/191
C02-H02,2 · Abu Bakr's «لا نورث» response,Shia,Qurb al-Isnad,h. 99 or h. 335 (numbering differs by edition) - PAGE-CHECK,VERIFIED,REF-081,NO,YES,Singular «لا أورث» ≠ Sunni plural «لا نورث» ≠ Ihtijaj «إنا معاشر الأنبياء لا نورث» - quote the wording of the book cited. Evidence = URL cited in sources/S-181 (research layer); URL not re-opened here (network policy). URL: https://ablibrary.net/book_content/b/8597/96
C03-S01,3 · Ali's testimony for Fatima,Sunni,Futuh al-Buldan - recension 1,PAGE-CHECK (edition: al-Munajjid or de Goeje),VERIFIED,REF-081,NO,YES,Evidence = URL cited in sources/S-181 (research layer); URL not re-opened here (network policy). URL: https://ablibrary.net/book_content/b/2660/75. Sunni primary independent of Shia sources.
C03-S02,3 · Ali's testimony for Fatima,Sunni,Futuh al-Buldan - recension 2,PAGE-CHECK (edition),VERIFIED,REF-081,NO,YES,Row documents that Ali's testimony is absent from R2 - never build a composite of R1+R2. Evidence = URL cited in sources/S-181 (research layer); URL not re-opened here (network policy). URL: https://najafdesertlibrary.com/book/فتوح-البلدان/v/1/p/75
C03-S03,3 · Ali's testimony for Fatima,Sunni,Six canonical collections (corpus search),"search 2026-10-03: «فدك»+«شهد» hits = Bukhari 3711-12, 4240-41, Muslim 1759.01, AD 2972, Nasa'i 5581 - none is testimony",PAGE-CHECK,—,NO,YES,NOT FOUND in six-book corpus by string search ≠ DOES NOT EXIST (Global Law).
C03-H01,3 · Ali's testimony for Fatima,Shia,"al-Ihtijaj, vol. 1",vol. 1 - EDITION LOCK PENDING,VERIFIED,REF-081,NO,YES,"Order here: Umm Ayman FIRST, then Ali (reverse of Baladhuri R1). Do not harmonise. Evidence = URL cited in sources/S-181 (research layer); URL not re-opened here (network policy). URLs: https://www.almerja.com/reading.php?idm=124286 ; https://ablibrary.net/book_content/b/11726/191"
C03-H02,3 · Ali's testimony for Fatima,Shia,"Bihar al-Anwar, vol. 29 (bab 11: نزول الآيات في أمر فدك)",p. 176 (online / najafdesertlibrary) OR p. 128 (other ed.) - lock one,VERIFIED,REF-081; REF-082,NO,YES,Evidence = URL cited in sources/S-181 (research layer); URL not re-opened here (network policy). URL: https://najafdesertlibrary.com/book/بحار-الأنوار/v/29/p/176
C03-H03,3 · Ali's testimony for Fatima,Shia,"Sharh Nahj al-Balagha, vol. 16","16/213–214, 225, 273–275 - PAGE-CHECK (edition)",VERIFIED,REF-081; REF-122,NO,YES,Evidence = URL cited in sources/S-181 (research layer); URL not re-opened here (network policy). URLs: https://arabic.balaghah.net/sites/default/files/file/16.pdf ; https://al-majalis.org/books/wp-content/plugins/books-lib/readers/wp-html-reader-iframe.php?id=254&page=138. Tradition label follows S-181 §0/§3 grouping (Ibn Abi al-Hadid listed with Shia sources); the commentator is a Mu'tazili - author to confirm the label.
C03-H04,3 · Ali's testimony for Fatima,Shia,Kitab Sulaym b. Qays,PAGE-CHECK,PAGE-CHECK,REF-081,NO,YES,Ali-testimony wording in Sulaym not quoted anywhere in repo.
C04-S01,4 · Umm Ayman's testimony for Fatima,Sunni,Futuh al-Buldan - recension 1,PAGE-CHECK (edition),VERIFIED,REF-081,NO,YES,Evidence = URL cited in sources/S-181 (research layer); URL not re-opened here (network policy). URL: https://ablibrary.net/book_content/b/2660/75
C04-S02,4 · Umm Ayman's testimony for Fatima,Sunni,Futuh al-Buldan - recension 2,PAGE-CHECK (edition),VERIFIED,REF-081,NO,YES,Evidence = URL cited in sources/S-181 (research layer); URL not re-opened here (network policy). URL: https://najafdesertlibrary.com/book/فتوح-البلدان/v/1/p/75
C04-S03,4 · Umm Ayman's testimony for Fatima,Sunni,Six canonical collections (corpus search),—,PAGE-CHECK,—,NO,YES,NOT FOUND in six-book corpus by string search ≠ DOES NOT EXIST (Global Law). Umm Ayman's identity IS attested live in the six books - see Umm Ayman control file.
C04-H01,4 · Umm Ayman's testimony for Fatima,Shia,"al-Ihtijaj, vol. 1",vol. 1 - EDITION LOCK PENDING,VERIFIED,REF-078; REF-081,YES,YES,S-181 elides the speaker before «أم أيمن امرأة من أهل الجنة» («فقال …») - do not render it as direct «রাসূল ﷺ বলেছেন» without page-check. Evidence = URL cited in sources/S-181 (research layer); URL not re-opened here (network policy). URLs: https://www.almerja.com/reading.php?idm=124286 ; https://ablibrary.net/book_content/b/11726/191
C04-H02,4 · Umm Ayman's testimony for Fatima,Shia,Kitab Sulaym b. Qays,printed edition/page not locked (Ansari ed. suggested by S-181) - PAGE-CHECK,VERIFIED,REF-081,NO,YES,Evidence = URL cited in sources/S-181 (research layer); URL not re-opened here (network policy). URL: https://usul.ai/ar/t/kitab-sulaym-ibn-qays-al-hilali/106
C04-H03,4 · Umm Ayman's testimony for Fatima,Shia,"Bihar al-Anwar, vol. 29 (Fadak chapter)",p. 176 (online) OR p. 128 - lock one,VERIFIED,REF-081; REF-082,NO,YES,Part of the Fadak narrative - a separate report from Ibn Sa'd's marriage-hadith (never merge). Evidence = URL cited in sources/S-181 (research layer); URL not re-opened here (network policy). URL: https://najafdesertlibrary.com/book/بحار-الأنوار/v/29/p/176
C04-H04,4 · Umm Ayman's testimony for Fatima,Shia,"Sharh Nahj al-Balagha, vol. 16",16/213–214 - PAGE-CHECK (edition),VERIFIED,REF-081; REF-122,NO,YES,Evidence = URL cited in sources/S-181 (research layer); URL not re-opened here (network policy). URLs: https://arabic.balaghah.net/sites/default/files/file/16.pdf ; https://al-majalis.org/books/wp-content/plugins/books-lib/readers/wp-html-reader-iframe.php?id=254&page=138. Tradition label follows S-181 §0/§3 grouping (Ibn Abi al-Hadid listed with Shia sources); the commentator is a Mu'tazili - author to confirm the label.
C04-X01,4 · Umm Ayman's testimony for Fatima,Sunni,al-Saqifa wa Fadak (via Sharh Nahj al-Balagha),"manuscript «vol. 4, p. 81» = probably Sharh numbering; check Sharh 16:214–215 and al-Jawhari (ed. Amini) pp. 103–104",PAGE-CHECK,REF-141,NO,YES,"Same register key (HAD-FADAK-TESTIMONY) as the Umm Ayman rows - different woman, different episode; never merge. Tradition label knowledge-based (al-Jawhari presented as a Sunni transmitter) - CLASSIFICATION PAGE-CHECK."
C05-H01,5 · Aus b. al-Hadathan-related counter-testimony («لا نورث» side),Shia,Qurb al-Isnad,h. 99 or h. 335 - PAGE-CHECK (edition numbering),VERIFIED,REF-081,NO,YES,"Aus is a COUNTER-witness, never Umm Ayman's co-witness (S-181 §3-B; patch A-3). URL book-id 8597 not identified here as Qurb al-Isnad vs Bihar - confirm. Evidence = URL cited in sources/S-181 (research layer); URL not re-opened here (network policy). URL: https://ablibrary.net/book_content/b/8597/96"
C05-H02,5 · Aus b. al-Hadathan-related counter-testimony («لا نورث» side),Shia,"Bihar al-Anwar, vol. 22 (quoting Qurb al-Isnad)",22/101 h. 59 (older pagination 8/98) - PAGE-CHECK (edition),PAGE-CHECK,REF-081,NO,YES,Separate carrier row; not independently URL-checked.
C05-H03,5 · Aus b. al-Hadathan-related counter-testimony («لا نورث» side),Shia,"al-Ihtijaj, vol. 1",vol. 1 - EDITION LOCK PENDING,VERIFIED,REF-081,NO,YES,Evidence = URL cited in sources/S-181 (research layer); URL not re-opened here (network policy). URLs: https://www.almerja.com/reading.php?idm=124286 ; https://ablibrary.net/book_content/b/11726/191
C05-S01,5 · Aus b. al-Hadathan-related counter-testimony («لا نورث» side),Sunni,Sahih al-Bukhari (Kitab Fard al-Khumus) and parallels,"Arabic quoted from Bukhari 3094 (text read); Muslim 1757.03 (text read); Abu Dawud 2963 (text read; Sahih per corpus); name also in Bukhari 4033, 5358, 6728, AD 2967 (search hits)",VERIFIED,— (no ledger row),NO,YES,"DIFFERENT PERSON (Malik, son of Aws), DIFFERENT ROLE (narrator), DIFFERENT TIME (Umar's caliphate) - NOT testimony before Abu Bakr. Included only to block conflation with the Shia «Aus b. al-Hadathan» witness. Text checked 2026-10-03 in tools/_hadith-api Arabic corpus (fawazahmed0/hadith-api)."
C05-S02,5 · Aus b. al-Hadathan-related counter-testimony («لا نورث» side),Sunni,Six canonical collections (corpus search),—,PAGE-CHECK,—,NO,YES,NOT FOUND in six-book corpus by string search ≠ DOES NOT EXIST (Global Law).
C06-H01,6 · Aisha / Hafsa testimony,Shia,Qurb al-Isnad,h. 99 / 335 - PAGE-CHECK,VERIFIED,REF-081,NO,YES,Same narration as C05-H01; kept as its own evidentiary unit per brief. Evidence = URL cited in sources/S-181 (research layer); URL not re-opened here (network policy). URL: https://ablibrary.net/book_content/b/8597/96
C06-H02,6 · Aisha / Hafsa testimony,Shia,"al-Ihtijaj, vol. 1",vol. 1 - EDITION LOCK PENDING,VERIFIED,REF-081,NO,YES,Evidence = URL cited in sources/S-181 (research layer); URL not re-opened here (network policy). URLs: https://www.almerja.com/reading.php?idm=124286 ; https://ablibrary.net/book_content/b/11726/191
C06-H03,6 · Aisha / Hafsa testimony,Shia,"Bihar al-Anwar, vol. 22",22/101 h. 59 - PAGE-CHECK,PAGE-CHECK,REF-081,NO,YES,
C06-S01,6 · Aisha / Hafsa testimony,Sunni,Sahih al-Bukhari 4240/3093/6726; Sahih Muslim 1759; Sunan Abi Dawud 2968,as listed,VERIFIED,REF-079; REF-123; REF-126,NO,YES,Do not convert narrator role into testimony. Text checked 2026-10-03 in tools/_hadith-api Arabic corpus (fawazahmed0/hadith-api).
C06-S02,6 · Aisha / Hafsa testimony,Sunni,"Sahih Muslim, Kitab al-Jihad wa al-Siyar",Muslim 1758 (corpus arabicnumber 1758),VERIFIED,— (no ledger row),NO,YES,Aisha transmits «لا نورث» to the wives - NOT testimony against Fatima; Hafsa not named. Text checked 2026-10-03 in tools/_hadith-api Arabic corpus (fawazahmed0/hadith-api).
C06-S03,6 · Aisha / Hafsa testimony,Sunni,Six canonical collections (corpus search),—,PAGE-CHECK,—,NO,YES,NOT FOUND in six-book corpus by string search ≠ DOES NOT EXIST (Global Law).
C07-S01,7 · Witness-count argument («رجلين أو رجل وامرأتين»),Sunni,Futuh al-Buldan - recension 1,PAGE-CHECK (edition),VERIFIED,REF-081,NO,YES,Evidence = URL cited in sources/S-181 (research layer); URL not re-opened here (network policy). URL: https://ablibrary.net/book_content/b/2660/75
C07-S02,7 · Witness-count argument («رجلين أو رجل وامرأتين»),Sunni,Futuh al-Buldan - recension 2,PAGE-CHECK (edition),VERIFIED,REF-081,NO,YES,Wording differs from R1 (no «رجلين أو») - quote the recension cited. Evidence = URL cited in sources/S-181 (research layer); URL not re-opened here (network policy). URL: https://najafdesertlibrary.com/book/فتوح-البلدان/v/1/p/75
C07-H01,7 · Witness-count argument («رجلين أو رجل وامرأتين»),Shia,"al-Ihtijaj, vol. 1",vol. 1 - EDITION LOCK PENDING,VERIFIED,REF-081,NO,YES,Not the Baladhuri formula - do not merge. Evidence = URL cited in sources/S-181 (research layer); URL not re-opened here (network policy). URLs: https://www.almerja.com/reading.php?idm=124286 ; https://ablibrary.net/book_content/b/11726/191
C07-H02,7 · Witness-count argument («رجلين أو رجل وامرأتين»),Shia,"Sharh Nahj al-Balagha, vol. 16",16/273–275 (and 213–214) - PAGE-CHECK (edition),VERIFIED,REF-081; REF-122,NO,YES,Evidence = URL cited in sources/S-181 (research layer); URL not re-opened here (network policy). URLs: https://arabic.balaghah.net/sites/default/files/file/16.pdf ; https://al-majalis.org/books/wp-content/plugins/books-lib/readers/wp-html-reader-iframe.php?id=254&page=138. Tradition label follows S-181 §0/§3 grouping (Ibn Abi al-Hadid listed with Shia sources); the commentator is a Mu'tazili - author to confirm the label.
C07-S03,7 · Witness-count argument («رجلين أو رجل وامرأتين»),Sunni,Six canonical collections (corpus search),—,PAGE-CHECK,—,NO,YES,NOT FOUND in six-book corpus by string search ≠ DOES NOT EXIST (Global Law). Do not cite these numbers for the Fadak witness rule.
C08-H01,8 · Written-document (deed) episode,Shia,"al-Ihtijaj, vol. 1",vol. 1 - EDITION LOCK PENDING,VERIFIED,REF-078; REF-081,YES,YES,Evidence = URL cited in sources/S-181 (research layer); URL not re-opened here (network policy). URLs: https://www.almerja.com/reading.php?idm=124286 ; https://ablibrary.net/book_content/b/11726/191
C08-X01,8 · Written-document (deed) episode,Shia,"(none located) - manuscript dialogue REF-078, mapped by ledger to al-Ihtijaj",—,PAGE-CHECK,REF-078,YES,YES,"SUBJECT MISMATCH: al-Ihtijaj (C08-H01) has Abu Bakr as writer, not the Prophet. Ledger Resolution_Note equates the two - residual blending. No repo source for a deed written by the Prophet: keep «বর্ণিত আছে» only, or re-word to the Ihtijaj recension with attribution."
C08-S01,8 · Written-document (deed) episode,Sunni,Futuh al-Buldan (both recensions),PAGE-CHECK (edition),VERIFIED,REF-081; REF-122,YES,YES,Absence row - the deed belongs to the al-Ihtijaj recension only; never insert it into Baladhuri.
C08-S02,8 · Written-document (deed) episode,Sunni,Tarikh al-Khulafa (as named by manuscript),—,PAGE-CHECK,REF-122,NO,YES,Ledger: not located - drop unless a page is found.
C08-S03,8 · Written-document (deed) episode,Sunni,Six canonical collections (corpus search),—,PAGE-CHECK,—,NO,YES,NOT FOUND in six-book corpus by string search ≠ DOES NOT EXIST (Global Law).
C09-H01,9 · Umar's intervention,Shia,"al-Ihtijaj, vol. 1",vol. 1 - EDITION LOCK PENDING,VERIFIED,REF-078; REF-081,YES,YES,S-181 gives the tearing only in Bengali («উমর এসে দলিল নিয়ে যান/ছিঁড়ে ফেলেন») - exact Arabic of the tearing sentence PAGE-CHECK. Evidence = URL cited in sources/S-181 (research layer); URL not re-opened here (network policy). URLs: https://www.almerja.com/reading.php?idm=124286 ; https://ablibrary.net/book_content/b/11726/191
C09-H02,9 · Umar's intervention,Shia,"Sharh Nahj al-Balagha, vol. 16",16:213–216 - per ledger,PAGE-CHECK,REF-122,NO,YES,S-181 does not quote a tearing passage from Ibn Abi al-Hadid. Tradition label follows S-181 §0/§3 grouping (Ibn Abi al-Hadid listed with Shia sources); the commentator is a Mu'tazili - author to confirm the label.
C09-S01,9 · Umar's intervention,Sunni,Tarikh al-Khulafa (as named by manuscript),—,PAGE-CHECK,REF-122,NO,YES,Not located (ledger). Drop unless page found.
C09-S02,9 · Umar's intervention,Sunni,Sahih al-Bukhari (Khumus); Sahih Muslim,Bukhari 3093; Muslim 1759.03,VERIFIED,REF-123,NO,YES,"A different, later episode - not an intervention in the testimony; no tearing in the six books. Text checked 2026-10-03 in tools/_hadith-api Arabic corpus (fawazahmed0/hadith-api)."
C09-S03,9 · Umar's intervention,Sunni,Sahih al-Bukhari 3094; Sahih Muslim 1757; Sunan Abi Dawud 2963,Bukhari 3094; Muslim 1757.03; AD 2963 (Arabic quoted from AD 2963; Bukhari 3094 reads «أنشدكما الله، أتعلمان…»),VERIFIED,— (no ledger row),NO,YES,Text checked 2026-10-03 in tools/_hadith-api Arabic corpus (fawazahmed0/hadith-api).
C09-S04,9 · Umar's intervention,Sunni,"Sahih al-Bukhari, Kitab al-Maghazi",Bukhari 4240–4241,VERIFIED,REF-079; REF-126,YES,YES,"This is the only Umar intervention in 4240 - it is about the reconciliation visit, NOT the Fadak deed. Text checked 2026-10-03 in tools/_hadith-api Arabic corpus (fawazahmed0/hadith-api)."
C10-S01,10 · Burial at night (what Bukhari 4240 says),Sunni,"Sahih al-Bukhari, Kitab al-Maghazi",Bukhari 4240–4241,VERIFIED,REF-131; REF-079; REF-126,NO,YES,"EXACTLY what 4240 says: night burial BY ALI + Abu Bakr not informed + Ali prayed. 4240 contains NO will (wasiyya) of Fatima, NO instruction to conceal the grave, NO night ghusl/kafan detail. Six-book search «فاطمة»+«قبرها»: 0 hits. Do not attach the wasiyya (C10W) to this citation. BUG-17 confirmed. Text checked 2026-10-03 in tools/_hadith-api Arabic corpus (fawazahmed0/hadith-api). Corpus prints identical text under 4240 and 4241 (likewise 3092/3093, 6725/6726); exact sunnah.com split cannot be re-checked here (sunnah.com blocked) - cite as one consistent number per BUG-12."
C10-S02,10 · Burial at night (what Bukhari 4240 says),Sunni,"Sahih Muslim, Kitab al-Jihad wa al-Siyar",Muslim 1759 (corpus 1759.01),VERIFIED,— (REF-123 cites Muslim 1759 for «لا نورث» only),NO,YES,"Muslim checked by direct JSON lookup arabicnumber=1759.01 (corpus hadithnumber 4580). WARNING: `verify_sunni.py show muslim 1759` returns the WRONG hadith (hadithnumber 1759 = Abd al-Baqi 753, witr) because Abd al-Baqi numbers carry .01/.02 suffixes in the corpus."
C10W-H01,"10-W · Fatima's will (wasiyya) for night burial and concealment of her grave - SEPARATE unit, Shia sources only, NOT in Bukhari 4240",Shia,"Bihar al-Anwar, vol. 43",43:183 ff - per ledger,PAGE-CHECK,REF-131,NO,YES,Must be cited ONLY to its Shia source with «শিয়া সূত্রে বর্ণিত» attribution; never under Bukhari 4240. Exact Arabic and page not in repo.
C11-S01,11 · Fatima's anger / separation («فهجرته فلم تكلمه حتى توفيت»),Sunni,"Sahih al-Bukhari, Kitab al-Maghazi",Bukhari 4240–4241,VERIFIED,REF-126; REF-079,NO,YES,Singular «فهجرته» as REF-126 notes. Text checked 2026-10-03 in tools/_hadith-api Arabic corpus (fawazahmed0/hadith-api).
C11-S02,11 · Fatima's anger / separation («فهجرته فلم تكلمه حتى توفيت»),Sunni,"Sahih al-Bukhari, Kitab Fard al-Khumus",Bukhari 3093,VERIFIED,REF-123,NO,YES,Different wording («فغضبت» / «مهاجرته») - quote the number whose wording is printed. Text checked 2026-10-03 in tools/_hadith-api Arabic corpus (fawazahmed0/hadith-api).
C11-S03,11 · Fatima's anger / separation («فهجرته فلم تكلمه حتى توفيت»),Sunni,"Sahih al-Bukhari, Kitab al-Fara'id",Bukhari 6726,VERIFIED,REF-123,NO,YES,«ماتت» (not «توفيت»). Text checked 2026-10-03 in tools/_hadith-api Arabic corpus (fawazahmed0/hadith-api).
C11-S04,11 · Fatima's anger / separation («فهجرته فلم تكلمه حتى توفيت»),Sunni,"Sahih Muslim, Kitab al-Jihad wa al-Siyar",Muslim 1759 (corpus 1759.01); 1759.03 has no hijra clause,VERIFIED,REF-123,NO,YES,"Whose words follow «قال» is a transmission question - document only, do not resolve in prose. Muslim checked by direct JSON lookup arabicnumber=1759.01 (corpus hadithnumber 4580). WARNING: `verify_sunni.py show muslim 1759` returns the WRONG hadith (hadithnumber 1759 = Abd al-Baqi 753, witr) because Abd al-Baqi numbers carry .01/.02 suffixes in the corpus."
C11-S05,11 · Fatima's anger / separation («فهجرته فلم تكلمه حتى توفيت»),Sunni,Sunan Abi Dawud,Abu Dawud 2968,VERIFIED,REF-079,NO,YES,Do not cite AD 2968 for «فهجرته». Text checked 2026-10-03 in tools/_hadith-api Arabic corpus (fawazahmed0/hadith-api).
REF-078-DEED-AUTHORSHIP,Fadak deed dialogue — who wrote the deed (Prophet vs Abu Bakr per al-Ihtijaj),SHIA,al-Ihtijaj,PAGE-CHECK,CONFLICT,REF-078,YES,YES,OPEN HUMAN DECISION: manuscript dialogue says Prophet wrote deed; al-Ihtijaj has Abu Bakr writing. Do not silently reconcile.
