Row_IDs,Book,Hadith_Number,Arabic_Key_Wording,Graders_and_Grades,Grade_Owner,Safety_Class,Allowed_Manuscript_Formulation,Required_Action
REF-073,Tirmidhi,3868,أحب النساء إلى رسول الله,Ahmad Muhammad Shakir → Munkar; Al-Albani → Munkar; Zubair Ali Zai → Daif | compiler grade (structured field): not in corpus; remark embedded in text field: «قال أبو عيسى هذا حديث حسن غريب لا نعرفه إلا من هذا الوجه»,"later scholar/editor (grades as printed by the hadith-api corpus grade field; not independently re-verified, sunnah.com/dorar blocked): Ahmad Muhammad Shakir, Al-Albani, Zubair Ali Zai | compiler grade (structured field): not in corpus; remark embedded in text field: «قال أبو عيسى هذا حديث حسن غريب لا نعرفه إلا من هذا الوجه»",MUNKAR,«তিরমিযি-এ একটি বর্ণনা আছে (আহমাদ শাকির: মুনকার; আলবানী: মুনকার; যুবাইর আলী যাঈ: দাঈফ) যাতে বলা হয়েছে …» — কখনোই সরাসরি «রাসূল ﷺ বলেছেন» নয়,Print grade + both graders; do not use as stand-alone proof; add Tirmidhi's own remark if quoted; PAGE-CHECK edition number. Tirmidhi text-field remark is «حسن غريب»; Al-Albani and Shakir print Munkar.
REF-073,Tirmidhi,3874,زوجها,Ahmad Muhammad Shakir → Munkar; Al-Albani → Munkar; Zubair Ali Zai → Daif | compiler grade (structured field): not in corpus; remark embedded in text field: «هذا حديث حسن غريب»,"later scholar/editor (grades as printed by the hadith-api corpus grade field; not independently re-verified, sunnah.com/dorar blocked): Ahmad Muhammad Shakir, Al-Albani, Zubair Ali Zai | compiler grade (structured field): not in corpus; remark embedded in text field: «هذا حديث حسن غريب»",MUNKAR,«তিরমিযি-এ একটি বর্ণনা আছে (আহমাদ শাকির: মুনকার; আলবানী: মুনকার; যুবাইর আলী যাঈ: দাঈফ) যাতে বলা হয়েছে …» — কখনোই সরাসরি «রাসূল ﷺ বলেছেন» নয়,Print grade + both graders; do not use as stand-alone proof; add Tirmidhi's own remark if quoted; PAGE-CHECK edition number. Tirmidhi text-field remark is «حسن غريب»; Al-Albani and Shakir print Munkar.
REF-073,Tirmidhi,3819,أحب أهلي,Ahmad Muhammad Shakir → Daif; Al-Albani → Daif; Bashar Awad Maarouf → Daif; Zubair Ali Zai → Isnaad Hasan | compiler grade (structured field): not in corpus; remark embedded in text field: «هذا حديث حسن صحيح»,"later scholar/editor (grades as printed by the hadith-api corpus grade field; not independently re-verified, sunnah.com/dorar blocked): Ahmad Muhammad Shakir, Al-Albani, Bashar Awad Maarouf, Zubair Ali Zai | compiler grade (structured field): not in corpus; remark embedded in text field: «هذا حديث حسن صحيح»",DISPUTED,«তিরমিযি-এ একটি বর্ণনা আছে; এর মান নিয়ে মতভেদ আছে — অধিকাংশ গ্রেডার দাঈফ বলেছেন (আহমাদ শাকির: দাঈফ; আলবানী: দাঈফ; বাশশার আওয়াদ মারূফ: দাঈফ; যুবাইর আলী যাঈ: সনদ হাসান) — …» — «রাসূল ﷺ বলেছেন» নয়,Print the split (majority vs dissenting grader); attribution-only; PAGE-CHECK edition number.
REF-144; REF-274; REF-187; REF-189,Tirmidhi,3206,الصلاة يا أهل البيت,Ahmad Muhammad Shakir → Daif; Al-Albani → Daif; Zubair Ali Zai → Daif | compiler grade (structured field): not in corpus; remark embedded in text field: «هذا حديث حسن غريب من هذا الوجه إنما نعرفه من حديث حماد بن سلمة»,"later scholar/editor (grades as printed by the hadith-api corpus grade field; not independently re-verified, sunnah.com/dorar blocked): Ahmad Muhammad Shakir, Al-Albani, Zubair Ali Zai | compiler grade (structured field): not in corpus; remark embedded in text field: «هذا حديث حسن غريب من هذا الوجه إنما نعرفه من حديث حماد بن سلمة»",WEAK REPORT,«তিরমিযি-এ একটি দুর্বল (দাঈফ) বর্ণনা আছে (আহমাদ শাকির: দাঈফ; আলবানী: দাঈফ; যুবাইর আলী যাঈ: দাঈফ) যাতে বলা হয়েছে …» — «রাসূল ﷺ বলেছেন» নয়,"Print grade + graders; keep as attribution-only; do not build an argument on it; PAGE-CHECK edition number. Anas, six months, door of Fatima only."
REF-164; REF-309,Tirmidhi,3723,أنا دار الحكمة وعلي بابها,Ahmad Muhammad Shakir → Daif; Al-Albani → Daif; Zubair Ali Zai → Daif | compiler grade (structured field): not in corpus; remark embedded in text field: «هذا حديث غريب منكر»,"later scholar/editor (grades as printed by the hadith-api corpus grade field; not independently re-verified, sunnah.com/dorar blocked): Ahmad Muhammad Shakir, Al-Albani, Zubair Ali Zai | compiler grade (structured field): not in corpus; remark embedded in text field: «هذا حديث غريب منكر»",SOURCE EXISTS BUT NOT ACCEPTABLE AS UNQUALIFIED PROOF,«তিরমিযি-এ «أنا دار الحكمة وعلي بابها» শব্দে একটি বর্ণনা আছে (আহমাদ শাকির: দাঈফ; আলবানী: দাঈফ; যুবাইর আলী যাঈ: দাঈফ); এটি «জ্ঞানের নগরী» (مدينة العلم) প্রমাণ হিসেবে উপস্থাপনযোগ্য নয়» — «রাসূল ﷺ বলেছেন» নয়,Cite only for the wording actually in the hadith; never for the claimed wording; print grade + graders. Wording in Tirmidhi is «دار الحكمة»; «مدينة العلم» is not in the six books (REF-164/207/240/245/309).
REF-280,Tirmidhi,3714,رحم الله عليا اللهم أدر الحق معه حيث دار,Ahmad Muhammad Shakir → Very Daif; Al-Albani → Very Daif; Zubair Ali Zai → Daif | compiler grade (structured field): not in corpus; remark embedded in text field: «قال أبو عيسى هذا حديث غريب لا نعرفه إلا من هذا الوجه»,"later scholar/editor (grades as printed by the hadith-api corpus grade field; not independently re-verified, sunnah.com/dorar blocked): Ahmad Muhammad Shakir, Al-Albani, Zubair Ali Zai | compiler grade (structured field): not in corpus; remark embedded in text field: «قال أبو عيسى هذا حديث غريب لا نعرفه إلا من هذا الوجه»",VERY WEAK,«তিরমিযি-এ একটি অত্যন্ত দুর্বল বর্ণনা আছে (আহমাদ শাকির: খুবই দাঈফ; আলবানী: খুবই দাঈফ; যুবাইর আলী যাঈ: দাঈফ) যাতে বলা হয়েছে …» — «রাসূল ﷺ বলেছেন» নয়,Print grade + graders; use only as «বর্ণিত আছে»; never as proof of a claim; PAGE-CHECK edition number. Wording «رحم الله عليا اللهم أدر الحق معه حيث دار» ≠ «علي مع الحق والحق مع علي» (REF-280).
REF-223; REF-224,Tirmidhi,2951,اتقوا الحديث عني إلا ما علمتم,Ahmad Muhammad Shakir → Daif; Al-Albani → Daif; Zubair Ali Zai → Daif | compiler grade (structured field): not in corpus; remark embedded in text field: «قال أبو عيسى هذا حديث حسن»,"later scholar/editor (grades as printed by the hadith-api corpus grade field; not independently re-verified, sunnah.com/dorar blocked): Ahmad Muhammad Shakir, Al-Albani, Zubair Ali Zai | compiler grade (structured field): not in corpus; remark embedded in text field: «قال أبو عيسى هذا حديث حسن»",WEAK REPORT,«তিরমিযি-এ একটি দুর্বল (দাঈফ) বর্ণনা আছে (আহমাদ শাকির: দাঈফ; আলবানী: দাঈফ; যুবাইর আলী যাঈ: দাঈফ) যাতে বলা হয়েছে …» — «রাসূল ﷺ বলেছেন» নয়,Print grade + graders; keep as attribution-only; do not build an argument on it; PAGE-CHECK edition number.
REF-225,Tirmidhi,2952,من قال في القرآن برأيه فأصاب فقد أخطأ,Ahmad Muhammad Shakir → Sahih Isnaad Maqtu; Al-Albani → Daif; Zubair Ali Zai → Daif | compiler grade (structured field): not in corpus; remark embedded in text field: «قال أبو عيسى هذا حديث غريب»,"later scholar/editor (grades as printed by the hadith-api corpus grade field; not independently re-verified, sunnah.com/dorar blocked): Ahmad Muhammad Shakir, Al-Albani, Zubair Ali Zai | compiler grade (structured field): not in corpus; remark embedded in text field: «قال أبو عيسى هذا حديث غريب»",DISPUTED,«তিরমিযি-এ একটি বর্ণনা আছে; এর মান নিয়ে মতভেদ আছে — অধিকাংশ গ্রেডার দাঈফ বলেছেন (আহমাদ শাকির: সহীহ ইসনাদ মাকতূ (corpus label); আলবানী: দাঈফ; যুবাইর আলী যাঈ: দাঈফ) — …» — «রাসূল ﷺ বলেছেন» নয়,Print the split (majority vs dissenting grader); attribution-only; PAGE-CHECK edition number.
REF-011; REF-043; REF-157; REF-206; REF-242; REF-258,Tirmidhi,3786,ما إن أخذتم به لن تضلوا,Ahmad Muhammad Shakir → Sahih; Al-Albani → Sahih; Bashar Awad Maarouf → Hasan; Zubair Ali Zai → Daif | compiler grade (structured field): not in corpus; remark embedded in text field: «هذا حديث حسن غريب من هذا الوجه»,"later scholar/editor (grades as printed by the hadith-api corpus grade field; not independently re-verified, sunnah.com/dorar blocked): Ahmad Muhammad Shakir, Al-Albani, Bashar Awad Maarouf, Zubair Ali Zai | compiler grade (structured field): not in corpus; remark embedded in text field: «هذا حديث حسن غريب من هذا الوجه»",GRADERS DISAGREE,«তিরমিযি-এ একটি বর্ণনা আছে; এর মান নিয়ে মতভেদ আছে (আহমাদ শাকির: সহীহ; আলবানী: সহীহ; বাশশার আওয়াদ মারূফ: হাসান; যুবাইর আলী যাঈ: দাঈফ) — …» — মতভেদ-বাক্য ছাড়া «রাসূল ﷺ বলেছেন» নয়,Print the disagreement with named graders; do not pick one grader silently; PAGE-CHECK edition number.
REF-157; REF-206; REF-242; REF-258,Tirmidhi,3788,ولن يتفرقا حتى يردا على الحوض,Ahmad Muhammad Shakir → Sahih; Al-Albani → Sahih; Zubair Ali Zai → Daif | compiler grade (structured field): not in corpus; remark embedded in text field: «هذا حديث حسن غريب»,"later scholar/editor (grades as printed by the hadith-api corpus grade field; not independently re-verified, sunnah.com/dorar blocked): Ahmad Muhammad Shakir, Al-Albani, Zubair Ali Zai | compiler grade (structured field): not in corpus; remark embedded in text field: «هذا حديث حسن غريب»",GRADERS DISAGREE,«তিরমিযি-এ একটি বর্ণনা আছে; এর মান নিয়ে মতভেদ আছে (আহমাদ শাকির: সহীহ; আলবানী: সহীহ; যুবাইর আলী যাঈ: দাঈফ) — …» — মতভেদ-বাক্য ছাড়া «রাসূল ﷺ বলেছেন» নয়,Print the disagreement with named graders; do not pick one grader silently; PAGE-CHECK edition number.
REF-271,Tirmidhi,4,مفتاح الجنة الصلاة,Ahmad Muhammad Shakir → Sahih Lighairihi; Al-Albani → Sahih; Zubair Ali Zai → Daif | compiler grade: not in corpus (no remark in text field),"later scholar/editor (grades as printed by the hadith-api corpus grade field; not independently re-verified, sunnah.com/dorar blocked): Ahmad Muhammad Shakir, Al-Albani, Zubair Ali Zai | compiler grade: not in corpus (no remark in text field)",GRADERS DISAGREE,«তিরমিযি-এ একটি বর্ণনা আছে; এর মান নিয়ে মতভেদ আছে (আহমাদ শাকির: সহীহ লিগাইরিহী; আলবানী: সহীহ; যুবাইর আলী যাঈ: দাঈফ) — …» — মতভেদ-বাক্য ছাড়া «রাসূল ﷺ বলেছেন» নয়,Print the disagreement with named graders; do not pick one grader silently; PAGE-CHECK edition number.
REF-071,Abu Dawud,4213,آخر عهده بإنسان من أهله فاطمة,Al-Albani → Daif Isnaad; Muhammad Muhyi Al-Din Abdul Hamid → Daif Isnaad; Shuaib Al Arnaut → Daif; Zubair Ali Zai → Daif | compiler grade: not in corpus,"later scholar/editor (grades as printed by the hadith-api corpus grade field; not independently re-verified, sunnah.com/dorar blocked): Al-Albani, Muhammad Muhyi Al-Din Abdul Hamid, Shuaib Al Arnaut, Zubair Ali Zai | compiler grade: not in corpus",WEAK REPORT,«আবূ দাউদ-এ একটি দুর্বল (দাঈফ) বর্ণনা আছে (আলবানী: সনদ দাঈফ; মুহাম্মাদ মুহিউদ্দীন আবদুল হামীদ: সনদ দাঈফ; শুআইব আল-আরনাঊত: দাঈফ; যুবাইর আলী যাঈ: দাঈফ) যাতে বলা হয়েছে …» — «রাসূল ﷺ বলেছেন» নয়,Print grade + graders; keep as attribution-only; do not build an argument on it; PAGE-CHECK edition number.
REF-305,Abu Dawud,4784,الغضب من الشيطان,Al-Albani → Daif; Muhammad Muhyi Al-Din Abdul Hamid → Daif; Shuaib Al Arnaut → Daif; Zubair Ali Zai → Isnaad Hasan | compiler grade: not in corpus,"later scholar/editor (grades as printed by the hadith-api corpus grade field; not independently re-verified, sunnah.com/dorar blocked): Al-Albani, Muhammad Muhyi Al-Din Abdul Hamid, Shuaib Al Arnaut, Zubair Ali Zai | compiler grade: not in corpus",DISPUTED,«আবূ দাউদ-এ একটি বর্ণনা আছে; এর মান নিয়ে মতভেদ আছে — অধিকাংশ গ্রেডার দাঈফ বলেছেন (আলবানী: দাঈফ; মুহাম্মাদ মুহিউদ্দীন আবদুল হামীদ: দাঈফ; শুআইব আল-আরনাঊত: দাঈফ; যুবাইর আলী যাঈ: সনদ হাসান) — …» — «রাসূল ﷺ বলেছেন» নয়,Print the split (majority vs dissenting grader); attribution-only; PAGE-CHECK edition number.
REF-079,Abu Dawud,2972,رددتها على ما كانت,"Al-Albani → Daif; Muhammad Muhyi Al-Din Abdul Hamid → Daif; Zubair Ali Zai → Daif | compiler grade: not in corpus (text contains an «قال أبو داود» comment, not a grade)","later scholar/editor (grades as printed by the hadith-api corpus grade field; not independently re-verified, sunnah.com/dorar blocked): Al-Albani, Muhammad Muhyi Al-Din Abdul Hamid, Zubair Ali Zai | compiler grade: not in corpus (text contains an «قال أبو داود» comment, not a grade)",WEAK REPORT,«আবূ দাউদ-এ একটি দুর্বল (দাঈফ) বর্ণনা আছে (আলবানী: দাঈফ; মুহাম্মাদ মুহিউদ্দীন আবদুল হামীদ: দাঈফ; যুবাইর আলী যাঈ: দাঈফ) যাতে বলা হয়েছে …» — «রাসূল ﷺ বলেছেন» নয়,Print grade + graders; keep as attribution-only; do not build an argument on it; PAGE-CHECK edition number. Ms attribution «আবু দাউদের মতে ضعيف» must become the printed graders (not Abu Dawud).
REF-225,Abu Dawud,3652,من قال في كتاب الله عز وجل برأيه,Al-Albani → Daif; Muhammad Muhyi Al-Din Abdul Hamid → Daif; Shuaib Al Arnaut → Daif; Zubair Ali Zai → Daif | compiler grade: not in corpus,"later scholar/editor (grades as printed by the hadith-api corpus grade field; not independently re-verified, sunnah.com/dorar blocked): Al-Albani, Muhammad Muhyi Al-Din Abdul Hamid, Shuaib Al Arnaut, Zubair Ali Zai | compiler grade: not in corpus",WEAK REPORT,«আবূ দাউদ-এ একটি দুর্বল (দাঈফ) বর্ণনা আছে (আলবানী: দাঈফ; মুহাম্মাদ মুহিউদ্দীন আবদুল হামীদ: দাঈফ; শুআইব আল-আরনাঊত: দাঈফ; যুবাইর আলী যাঈ: দাঈফ) যাতে বলা হয়েছে …» — «রাসূল ﷺ বলেছেন» নয়,Print grade + graders; keep as attribution-only; do not build an argument on it; PAGE-CHECK edition number.
REF-009,Ibn Majah,224,طلب العلم فريضة على كل مسلم,Al-Albani → Very Daif; Muhammad Fouad Abd al-Baqi → Very Daif; Shuaib Al Arnaut → Very Daif; Zubair Ali Zai → Daif | compiler grade: not in corpus,"later scholar/editor (grades as printed by the hadith-api corpus grade field; not independently re-verified, sunnah.com/dorar blocked): Al-Albani, Muhammad Fouad Abd al-Baqi, Shuaib Al Arnaut, Zubair Ali Zai | compiler grade: not in corpus",VERY WEAK,«ইবনু মাজাহ-এ একটি অত্যন্ত দুর্বল বর্ণনা আছে (আলবানী: খুবই দাঈফ; মুহাম্মাদ ফুয়াদ আবদুল বাকী: খুবই দাঈফ; শুআইব আল-আরনাঊত: খুবই দাঈফ; যুবাইর আলী যাঈ: দাঈফ) যাতে বলা হয়েছে …» — «রাসূল ﷺ বলেছেন» নয়,Print grade + graders; use only as «বর্ণিত আছে»; never as proof of a claim; PAGE-CHECK edition number. Clause «اطلبوا العلم ولو بالصين» is not in Ibn Majah 224.
REF-005,Ibn Majah,2198,واشتر بالآخر قدوما,Al-Albani → Daif; Muhammad Fouad Abd al-Baqi → Daif; Zubair Ali Zai → Isnaad Hasan | compiler grade: not in corpus,"later scholar/editor (grades as printed by the hadith-api corpus grade field; not independently re-verified, sunnah.com/dorar blocked): Al-Albani, Muhammad Fouad Abd al-Baqi, Zubair Ali Zai | compiler grade: not in corpus",DISPUTED,«ইবনু মাজাহ-এ একটি বর্ণনা আছে; এর মান নিয়ে মতভেদ আছে — অধিকাংশ গ্রেডার দাঈফ বলেছেন (আলবানী: দাঈফ; মুহাম্মাদ ফুয়াদ আবদুল বাকী: দাঈফ; যুবাইর আলী যাঈ: সনদ হাসান) — …» — «রাসূল ﷺ বলেছেন» নয়,Print the split (majority vs dissenting grader); attribution-only; PAGE-CHECK edition number.
REF-005,Abu Dawud,1641,واشتر بالآخر قدوما,Al-Albani → Daif; Muhammad Muhyi Al-Din Abdul Hamid → Daif; Shuaib Al Arnaut → Daif; Zubair Ali Zai → Isnaad Hasan | compiler grade: not in corpus,"later scholar/editor (grades as printed by the hadith-api corpus grade field; not independently re-verified, sunnah.com/dorar blocked): Al-Albani, Muhammad Muhyi Al-Din Abdul Hamid, Shuaib Al Arnaut, Zubair Ali Zai | compiler grade: not in corpus",DISPUTED,«আবূ দাউদ-এ একটি বর্ণনা আছে; এর মান নিয়ে মতভেদ আছে — অধিকাংশ গ্রেডার দাঈফ বলেছেন (আলবানী: দাঈফ; মুহাম্মাদ মুহিউদ্দীন আবদুল হামীদ: দাঈফ; শুআইব আল-আরনাঊত: দাঈফ; যুবাইর আলী যাঈ: সনদ হাসান) — …» — «রাসূল ﷺ বলেছেন» নয়,Print the split (majority vs dissenting grader); attribution-only; PAGE-CHECK edition number.
REF-049,Abu Dawud,2356,يفطر على رطبات,Al-Albani → Hasan Sahih; Muhammad Muhyi Al-Din Abdul Hamid → Hasan Sahih; Shuaib Al Arnaut → Sahih; Zubair Ali Zai → Isnaad Hasan | compiler grade: not in corpus,"later scholar/editor (grades as printed by the hadith-api corpus grade field; not independently re-verified, sunnah.com/dorar blocked): Al-Albani, Muhammad Muhyi Al-Din Abdul Hamid, Shuaib Al Arnaut, Zubair Ali Zai | compiler grade: not in corpus",SAHIH-PER-GRADERS,«আবূ দাউদ-এ বর্ণিত (আলবানী: হাসান সহীহ; মুহাম্মাদ মুহিউদ্দীন আবদুল হামীদ: হাসান সহীহ; শুআইব আল-আরনাঊত: সহীহ; যুবাইর আলী যাঈ: সনদ হাসান) — …» — গ্রেডারদের তালিকা অনুযায়ী; «রাসূল ﷺ বলেছেন» লিখতে হলে সংস্করণ-পৃষ্ঠা লক (PAGE-CHECK মুক্ত) হওয়ার পর,Print the graders; no change to claim; PAGE-CHECK (edition/page lock) before print.
REF-240,Abu Dawud,4646,خلافة النبوة ثلاثون سنة,Al-Albani → Hasan Sahih; Muhammad Muhyi Al-Din Abdul Hamid → Hasan Sahih; Zubair Ali Zai → Isnaad Hasan | compiler grade: not in corpus,"later scholar/editor (grades as printed by the hadith-api corpus grade field; not independently re-verified, sunnah.com/dorar blocked): Al-Albani, Muhammad Muhyi Al-Din Abdul Hamid, Zubair Ali Zai | compiler grade: not in corpus",SAHIH-PER-GRADERS,«আবূ দাউদ-এ বর্ণিত (আলবানী: হাসান সহীহ; মুহাম্মাদ মুহিউদ্দীন আবদুল হামীদ: হাসান সহীহ; যুবাইর আলী যাঈ: সনদ হাসান) — …» — গ্রেডারদের তালিকা অনুযায়ী; «রাসূল ﷺ বলেছেন» লিখতে হলে সংস্করণ-পৃষ্ঠা লক (PAGE-CHECK মুক্ত) হওয়ার পর,Print the graders; no change to claim; PAGE-CHECK (edition/page lock) before print.
REF-068; REF-252; REF-262,Abu Dawud,5217,أشبه سمتا وهديا ودلا,Al-Albani → Sahih; Muhammad Muhyi Al-Din Abdul Hamid → Sahih; Shuaib Al Arnaut → Hasan Sahih; Zubair Ali Zai → Isnaad Hasan | compiler grade: not in corpus,"later scholar/editor (grades as printed by the hadith-api corpus grade field; not independently re-verified, sunnah.com/dorar blocked): Al-Albani, Muhammad Muhyi Al-Din Abdul Hamid, Shuaib Al Arnaut, Zubair Ali Zai | compiler grade: not in corpus",SAHIH-PER-GRADERS,«আবূ দাউদ-এ বর্ণিত (আলবানী: সহীহ; মুহাম্মাদ মুহিউদ্দীন আবদুল হামীদ: সহীহ; শুআইব আল-আরনাঊত: হাসান সহীহ; যুবাইর আলী যাঈ: সনদ হাসান) — …» — গ্রেডারদের তালিকা অনুযায়ী; «রাসূল ﷺ বলেছেন» লিখতে হলে সংস্করণ-পৃষ্ঠা লক (PAGE-CHECK মুক্ত) হওয়ার পর,Print the graders; no change to claim; PAGE-CHECK (edition/page lock) before print.
REF-237,Ibn Majah,116,فهذا ولي من أنا مولاه,Al-Albani → Sahih; Muhammad Fouad Abd al-Baqi → Sahih; Shuaib Al Arnaut → Sahih Lighairihi; Zubair Ali Zai → Daif | compiler grade: not in corpus,"later scholar/editor (grades as printed by the hadith-api corpus grade field; not independently re-verified, sunnah.com/dorar blocked): Al-Albani, Muhammad Fouad Abd al-Baqi, Shuaib Al Arnaut, Zubair Ali Zai | compiler grade: not in corpus",GRADERS DISAGREE,«ইবনু মাজাহ-এ একটি বর্ণনা আছে; এর মান নিয়ে মতভেদ আছে (আলবানী: সহীহ; মুহাম্মাদ ফুয়াদ আবদুল বাকী: সহীহ; শুআইব আল-আরনাঊত: সহীহ লিগাইরিহী; যুবাইর আলী যাঈ: দাঈফ) — …» — মতভেদ-বাক্য ছাড়া «রাসূল ﷺ বলেছেন» নয়,Print the disagreement with named graders; do not pick one grader silently; PAGE-CHECK edition number.
REF-004,Ibn Majah,3973,والصدقة تطفئ الخطيئة,Al-Albani → Sahih; Muhammad Fouad Abd al-Baqi → Sahih; Zubair Ali Zai → Hasan | compiler grade: not in corpus,"later scholar/editor (grades as printed by the hadith-api corpus grade field; not independently re-verified, sunnah.com/dorar blocked): Al-Albani, Muhammad Fouad Abd al-Baqi, Zubair Ali Zai | compiler grade: not in corpus",SAHIH-PER-GRADERS,«ইবনু মাজাহ-এ বর্ণিত (আলবানী: সহীহ; মুহাম্মাদ ফুয়াদ আবদুল বাকী: সহীহ; যুবাইর আলী যাঈ: হাসান) — …» — গ্রেডারদের তালিকা অনুযায়ী; «রাসূল ﷺ বলেছেন» লিখতে হলে সংস্করণ-পৃষ্ঠা লক (PAGE-CHECK মুক্ত) হওয়ার পর,Print the graders; no change to claim; PAGE-CHECK (edition/page lock) before print.
REF-004,Tirmidhi,614,والصدقة تطفئ الخطيئة,Ahmad Muhammad Shakir → Sahih; Al-Albani → Sahih; Zubair Ali Zai → Isnaad Hasan | compiler grade (structured field): not in corpus; remark embedded in text field: «قال أبو عيسى هذا حديث حسن غريب من هذا الوجه لا نعرفه إلا من حديث عبيد الله بن موسى»,"later scholar/editor (grades as printed by the hadith-api corpus grade field; not independently re-verified, sunnah.com/dorar blocked): Ahmad Muhammad Shakir, Al-Albani, Zubair Ali Zai | compiler grade (structured field): not in corpus; remark embedded in text field: «قال أبو عيسى هذا حديث حسن غريب من هذا الوجه لا نعرفه إلا من حديث عبيد الله بن موسى»",SAHIH-PER-GRADERS,«তিরমিযি-এ বর্ণিত (আহমাদ শাকির: সহীহ; আলবানী: সহীহ; যুবাইর আলী যাঈ: সনদ হাসান) — …» — গ্রেডারদের তালিকা অনুযায়ী; «রাসূল ﷺ বলেছেন» লিখতে হলে সংস্করণ-পৃষ্ঠা লক (PAGE-CHECK মুক্ত) হওয়ার পর,Print the graders; no change to claim; PAGE-CHECK (edition/page lock) before print.
REF-049,Tirmidhi,696,يفطر قبل أن يصلي على رطبات,Ahmad Muhammad Shakir → Sahih; Al-Albani → Sahih; Bashar Awad Maarouf → Hasan; Zubair Ali Zai → Isnaad Hasan | compiler grade (structured field): not in corpus; remark embedded in text field: «قال أبو عيسى هذا حديث حسن غريب»,"later scholar/editor (grades as printed by the hadith-api corpus grade field; not independently re-verified, sunnah.com/dorar blocked): Ahmad Muhammad Shakir, Al-Albani, Bashar Awad Maarouf, Zubair Ali Zai | compiler grade (structured field): not in corpus; remark embedded in text field: «قال أبو عيسى هذا حديث حسن غريب»",SAHIH-PER-GRADERS,«তিরমিযি-এ বর্ণিত (আহমাদ শাকির: সহীহ; আলবানী: সহীহ; বাশশার আওয়াদ মারূফ: হাসান; যুবাইর আলী যাঈ: সনদ হাসান) — …» — গ্রেডারদের তালিকা অনুযায়ী; «রাসূল ﷺ বলেছেন» লিখতে হলে সংস্করণ-পৃষ্ঠা লক (PAGE-CHECK মুক্ত) হওয়ার পর,Print the graders; no change to claim; PAGE-CHECK (edition/page lock) before print.
REF-094,Tirmidhi,1621,المجاهد من جاهد نفسه,Ahmad Muhammad Shakir → Sahih; Al-Albani → Sahih; Bashar Awad Maarouf → Hasan Sahih; Zubair Ali Zai → Isnaad Hasan | compiler grade (structured field): not in corpus; remark embedded in text field: «قال أبو عيسى وفي الباب عن عقبة بن عامر وجابر»,"later scholar/editor (grades as printed by the hadith-api corpus grade field; not independently re-verified, sunnah.com/dorar blocked): Ahmad Muhammad Shakir, Al-Albani, Bashar Awad Maarouf, Zubair Ali Zai | compiler grade (structured field): not in corpus; remark embedded in text field: «قال أبو عيسى وفي الباب عن عقبة بن عامر وجابر»",SAHIH-PER-GRADERS,«তিরমিযি-এ বর্ণিত (আহমাদ শাকির: সহীহ; আলবানী: সহীহ; বাশশার আওয়াদ মারূফ: হাসান সহীহ; যুবাইর আলী যাঈ: সনদ হাসান) — …» — গ্রেডারদের তালিকা অনুযায়ী; «রাসূল ﷺ বলেছেন» লিখতে হলে সংস্করণ-পৃষ্ঠা লক (PAGE-CHECK মুক্ত) হওয়ার পর,Print the graders; no change to claim; PAGE-CHECK (edition/page lock) before print.
REF-087,Tirmidhi,1998,مثقال حبة من خردل من كبر,Ahmad Muhammad Shakir → Sahih; Al-Albani → Sahih; Bashar Awad Maarouf → Hasan Sahih; Zubair Ali Zai → Sahih - Bukhari And Muslim | compiler grade (structured field): not in corpus; remark embedded in text field: «قال أبو عيسى هذا حديث حسن صحيح»,"later scholar/editor (grades as printed by the hadith-api corpus grade field; not independently re-verified, sunnah.com/dorar blocked): Ahmad Muhammad Shakir, Al-Albani, Bashar Awad Maarouf, Zubair Ali Zai | compiler grade (structured field): not in corpus; remark embedded in text field: «قال أبو عيسى هذا حديث حسن صحيح»",SAHIH-PER-GRADERS,«তিরমিযি-এ বর্ণিত (আহমাদ শাকির: সহীহ; আলবানী: সহীহ; বাশশার আওয়াদ মারূফ: হাসান সহীহ; যুবাইর আলী যাঈ: Sahih - Bukhari And Muslim) — …» — গ্রেডারদের তালিকা অনুযায়ী; «রাসূল ﷺ বলেছেন» লিখতে হলে সংস্করণ-পৃষ্ঠা লক (PAGE-CHECK মুক্ত) হওয়ার পর,Print the graders; no change to claim; PAGE-CHECK (edition/page lock) before print.
REF-240,Tirmidhi,2226,الخلافة في أمتي ثلاثون سنة,Ahmad Muhammad Shakir → Sahih; Al-Albani → Sahih; Bashar Awad Maarouf → Hasan; Zubair Ali Zai → Isnaad Hasan | compiler grade (structured field): not in corpus; remark embedded in text field: «قال أبو عيسى وفي الباب عن عمر وعلي قالا لم يعهد النبي صلى الله عليه وسلم في الخلافة شيئا»,"later scholar/editor (grades as printed by the hadith-api corpus grade field; not independently re-verified, sunnah.com/dorar blocked): Ahmad Muhammad Shakir, Al-Albani, Bashar Awad Maarouf, Zubair Ali Zai | compiler grade (structured field): not in corpus; remark embedded in text field: «قال أبو عيسى وفي الباب عن عمر وعلي قالا لم يعهد النبي صلى الله عليه وسلم في الخلافة شيئا»",SAHIH-PER-GRADERS,«তিরমিযি-এ বর্ণিত (আহমাদ শাকির: সহীহ; আলবানী: সহীহ; বাশশার আওয়াদ মারূফ: হাসান; যুবাইর আলী যাঈ: সনদ হাসান) — …» — গ্রেডারদের তালিকা অনুযায়ী; «রাসূল ﷺ বলেছেন» লিখতে হলে সংস্করণ-পৃষ্ঠা লক (PAGE-CHECK মুক্ত) হওয়ার পর,Print the graders; no change to claim; PAGE-CHECK (edition/page lock) before print.
REF-004,Tirmidhi,2616,والصدقة تطفئ الخطيئة,Ahmad Muhammad Shakir → Sahih; Al-Albani → Sahih; Bashar Awad Maarouf → Hasan Sahih; Zubair Ali Zai → Hasan | compiler grade (structured field): not in corpus; remark embedded in text field: «قال أبو عيسى هذا حديث حسن صحيح»,"later scholar/editor (grades as printed by the hadith-api corpus grade field; not independently re-verified, sunnah.com/dorar blocked): Ahmad Muhammad Shakir, Al-Albani, Bashar Awad Maarouf, Zubair Ali Zai | compiler grade (structured field): not in corpus; remark embedded in text field: «قال أبو عيسى هذا حديث حسن صحيح»",SAHIH-PER-GRADERS,«তিরমিযি-এ বর্ণিত (আহমাদ শাকির: সহীহ; আলবানী: সহীহ; বাশশার আওয়াদ মারূফ: হাসান সহীহ; যুবাইর আলী যাঈ: হাসান) — …» — গ্রেডারদের তালিকা অনুযায়ী; «রাসূল ﷺ বলেছেন» লিখতে হলে সংস্করণ-পৃষ্ঠা লক (PAGE-CHECK মুক্ত) হওয়ার পর,Print the graders; no change to claim; PAGE-CHECK (edition/page lock) before print.
REF-223; REF-224,Tirmidhi,2950,من قال في القرآن بغير علم,Ahmad Muhammad Shakir → Daif; Al-Albani → Daif; Zubair Ali Zai → Daif | compiler grade (structured field): not in corpus; remark embedded in text field: «قال أبو عيسى هذا حديث حسن صحيح»,"later scholar/editor (grades as printed by the hadith-api corpus grade field; not independently re-verified, sunnah.com/dorar blocked): Ahmad Muhammad Shakir, Al-Albani, Zubair Ali Zai | compiler grade (structured field): not in corpus; remark embedded in text field: «قال أبو عيسى هذا حديث حسن صحيح»",WEAK REPORT,«তিরমিযি-এ একটি দুর্বল (দাঈফ) বর্ণনা আছে (আহমাদ শাকির: দাঈফ; আলবানী: দাঈফ; যুবাইর আলী যাঈ: দাঈফ) যাতে বলা হয়েছে …» — «রাসূল ﷺ বলেছেন» নয়,Print grade + graders; keep as attribution-only; do not build an argument on it; PAGE-CHECK edition number.
REF-016,Tirmidhi,3370,ليس شيء أكرم على الله,Ahmad Muhammad Shakir → Hasan; Al-Albani → Hasan; Bashar Awad Maarouf → Hasan; Zubair Ali Zai → Daif | compiler grade (structured field): not in corpus; remark embedded in text field: «قال أبو عيسى هذا حديث حسن غريب لا نعرفه مرفوعا إلا من حديث عمران القطان وعمران القطان هو ابن داور ويكنى أبا ال»,"later scholar/editor (grades as printed by the hadith-api corpus grade field; not independently re-verified, sunnah.com/dorar blocked): Ahmad Muhammad Shakir, Al-Albani, Bashar Awad Maarouf, Zubair Ali Zai | compiler grade (structured field): not in corpus; remark embedded in text field: «قال أبو عيسى هذا حديث حسن غريب لا نعرفه مرفوعا إلا من حديث عمران القطان وعمران القطان هو ابن داور ويكنى أبا ال»",GRADERS DISAGREE,«তিরমিযি-এ একটি বর্ণনা আছে; এর মান নিয়ে মতভেদ আছে (আহমাদ শাকির: হাসান; আলবানী: হাসান; বাশশার আওয়াদ মারূফ: হাসান; যুবাইর আলী যাঈ: দাঈফ) — …» — মতভেদ-বাক্য ছাড়া «রাসূল ﷺ বলেছেন» নয়,Print the disagreement with named graders; do not pick one grader silently; PAGE-CHECK edition number. Audit pointer is wrong (3370 is not «الدعاء هو العبادة»); do not use 3370 for that claim.
REF-022,Tirmidhi,3462,الجنة طيبة التربة,Ahmad Muhammad Shakir → Hasan; Al-Albani → Hasan; Bashar Awad Maarouf → Hasan; Zubair Ali Zai → Daif | compiler grade (structured field): not in corpus; remark embedded in text field: «هذا حديث حسن غريب من هذا الوجه من حديث ابن مسعود»,"later scholar/editor (grades as printed by the hadith-api corpus grade field; not independently re-verified, sunnah.com/dorar blocked): Ahmad Muhammad Shakir, Al-Albani, Bashar Awad Maarouf, Zubair Ali Zai | compiler grade (structured field): not in corpus; remark embedded in text field: «هذا حديث حسن غريب من هذا الوجه من حديث ابن مسعود»",GRADERS DISAGREE,«তিরমিযি-এ একটি বর্ণনা আছে; এর মান নিয়ে মতভেদ আছে (আহমাদ শাকির: হাসান; আলবানী: হাসান; বাশশার আওয়াদ মারূফ: হাসান; যুবাইর আলী যাঈ: দাঈফ) — …» — মতভেদ-বাক্য ছাড়া «রাসূল ﷺ বলেছেন» নয়,Print the disagreement with named graders; do not pick one grader silently; PAGE-CHECK edition number. Not the ledger's wording «الجنة طيبة لا يدخلها إلا الطيب».
REF-261,Tirmidhi,3540,عنان السماء,Ahmad Muhammad Shakir → Sahih; Al-Albani → Sahih; Bashar Awad Maarouf → Hasan; Zubair Ali Zai → Isnaad Hasan | compiler grade (structured field): not in corpus; remark embedded in text field: «قال أبو عيسى هذا حديث غريب لا نعرفه إلا من هذا الوجه»,"later scholar/editor (grades as printed by the hadith-api corpus grade field; not independently re-verified, sunnah.com/dorar blocked): Ahmad Muhammad Shakir, Al-Albani, Bashar Awad Maarouf, Zubair Ali Zai | compiler grade (structured field): not in corpus; remark embedded in text field: «قال أبو عيسى هذا حديث غريب لا نعرفه إلا من هذا الوجه»",SAHIH-PER-GRADERS,«তিরমিযি-এ বর্ণিত (আহমাদ শাকির: সহীহ; আলবানী: সহীহ; বাশশার আওয়াদ মারূফ: হাসান; যুবাইর আলী যাঈ: সনদ হাসান) — …» — গ্রেডারদের তালিকা অনুযায়ী; «রাসূল ﷺ বলেছেন» লিখতে হলে সংস্করণ-পৃষ্ঠা লক (PAGE-CHECK মুক্ত) হওয়ার পর,Print the graders; no change to claim; PAGE-CHECK (edition/page lock) before print.
REF-012; REF-237,Tirmidhi,3713,من كنت مولاه فعلي مولاه,Ahmad Muhammad Shakir → Sahih; Al-Albani → Sahih; Zubair Ali Zai → Isnaad Sahih | compiler grade (structured field): not in corpus; remark embedded in text field: «قال أبو عيسى هذا حديث حسن غريب»,"later scholar/editor (grades as printed by the hadith-api corpus grade field; not independently re-verified, sunnah.com/dorar blocked): Ahmad Muhammad Shakir, Al-Albani, Zubair Ali Zai | compiler grade (structured field): not in corpus; remark embedded in text field: «قال أبو عيسى هذا حديث حسن غريب»",SAHIH-PER-GRADERS,«তিরমিযি-এ বর্ণিত (আহমাদ শাকির: সহীহ; আলবানী: সহীহ; যুবাইর আলী যাঈ: সনদ সহীহ) — …» — গ্রেডারদের তালিকা অনুযায়ী; «রাসূল ﷺ বলেছেন» লিখতে হলে সংস্করণ-পৃষ্ঠা লক (PAGE-CHECK মুক্ত) হওয়ার পর,Print the graders; no change to claim; PAGE-CHECK (edition/page lock) before print.
REF-012; REF-085,Tirmidhi,3768,سيدا شباب أهل الجنة,Ahmad Muhammad Shakir → Sahih; Al-Albani → Sahih; Bashar Awad Maarouf → Hasan Sahih; Zubair Ali Zai → Sahih | compiler grade (structured field): not in corpus; remark embedded in text field: «قال أبو عيسى هذا حديث حسن صحيح»,"later scholar/editor (grades as printed by the hadith-api corpus grade field; not independently re-verified, sunnah.com/dorar blocked): Ahmad Muhammad Shakir, Al-Albani, Bashar Awad Maarouf, Zubair Ali Zai | compiler grade (structured field): not in corpus; remark embedded in text field: «قال أبو عيسى هذا حديث حسن صحيح»",SAHIH-PER-GRADERS,«তিরমিযি-এ বর্ণিত (আহমাদ শাকির: সহীহ; আলবানী: সহীহ; বাশশার আওয়াদ মারূফ: হাসান সহীহ; যুবাইর আলী যাঈ: সহীহ) — …» — গ্রেডারদের তালিকা অনুযায়ী; «রাসূল ﷺ বলেছেন» লিখতে হলে সংস্করণ-পৃষ্ঠা লক (PAGE-CHECK মুক্ত) হওয়ার পর,Print the graders; no change to claim; PAGE-CHECK (edition/page lock) before print.
REF-010,Tirmidhi,3775,حسين مني وأنا من حسين,Ahmad Muhammad Shakir → Hasan; Al-Albani → Hasan; Bashar Awad Maarouf → Hasan; Zubair Ali Zai → Hasan | compiler grade (structured field): not in corpus; remark embedded in text field: «قال أبو عيسى هذا حديث حسن وإنما نعرفه من حديث عبد الله بن عثمان ابن خثيم وقد رواه غير واحد عن عبد الله بن عثما»,"later scholar/editor (grades as printed by the hadith-api corpus grade field; not independently re-verified, sunnah.com/dorar blocked): Ahmad Muhammad Shakir, Al-Albani, Bashar Awad Maarouf, Zubair Ali Zai | compiler grade (structured field): not in corpus; remark embedded in text field: «قال أبو عيسى هذا حديث حسن وإنما نعرفه من حديث عبد الله بن عثمان ابن خثيم وقد رواه غير واحد عن عبد الله بن عثما»",HASAN-PER-GRADERS,«তিরমিযি-এ বর্ণিত (আহমাদ শাকির: হাসান; আলবানী: হাসান; বাশশার আওয়াদ মারূফ: হাসান; যুবাইর আলী যাঈ: হাসান) — …» — সব গ্রেডার «হাসান» বলেছেন («সহীহ» নয়); «সহীহ» লেখা যাবে না,Print «হাসান» with graders; never «সহীহ»; PAGE-CHECK edition number.
REF-186,Tirmidhi,3871,فقالت أم سلمة وأنا معهم يا رسول الله,Ahmad Muhammad Shakir → Sahih; Al-Albani → Sahih; Bashar Awad Maarouf → Hasan Sahih; Zubair Ali Zai → Hasan | compiler grade (structured field): not in corpus; remark embedded in text field: «هذا حديث حسن صحيح وهو أحسن شيء روي في هذا الباب»,"later scholar/editor (grades as printed by the hadith-api corpus grade field; not independently re-verified, sunnah.com/dorar blocked): Ahmad Muhammad Shakir, Al-Albani, Bashar Awad Maarouf, Zubair Ali Zai | compiler grade (structured field): not in corpus; remark embedded in text field: «هذا حديث حسن صحيح وهو أحسن شيء روي في هذا الباب»",SAHIH-PER-GRADERS,«তিরমিযি-এ বর্ণিত (আহমাদ শাকির: সহীহ; আলবানী: সহীহ; বাশশার আওয়াদ মারূফ: হাসান সহীহ; যুবাইর আলী যাঈ: হাসান) — …» — গ্রেডারদের তালিকা অনুযায়ী; «রাসূল ﷺ বলেছেন» লিখতে হলে সংস্করণ-পৃষ্ঠা লক (PAGE-CHECK মুক্ত) হওয়ার পর,"Print the graders; no change to claim; PAGE-CHECK (edition/page lock) before print. Umm Salama's chain, wording «إنك على خير»."
REF-068; REF-252; REF-262,Tirmidhi,3872,أشبه سمتا ودلا وهديا,Ahmad Muhammad Shakir → Sahih; Al-Albani → Sahih; Bashar Awad Maarouf → Hasan Sahih; Zubair Ali Zai → Sahih | compiler grade (structured field): not in corpus; remark embedded in text field: «قال أبو عيسى هذا حديث حسن صحيح غريب من هذا الوجه وقد روي هذا الحديث من غير وجه عن عائشة»,"later scholar/editor (grades as printed by the hadith-api corpus grade field; not independently re-verified, sunnah.com/dorar blocked): Ahmad Muhammad Shakir, Al-Albani, Bashar Awad Maarouf, Zubair Ali Zai | compiler grade (structured field): not in corpus; remark embedded in text field: «قال أبو عيسى هذا حديث حسن صحيح غريب من هذا الوجه وقد روي هذا الحديث من غير وجه عن عائشة»",SAHIH-PER-GRADERS,«তিরমিযি-এ বর্ণিত (আহমাদ শাকির: সহীহ; আলবানী: সহীহ; বাশশার আওয়াদ মারূফ: হাসান সহীহ; যুবাইর আলী যাঈ: সহীহ) — …» — গ্রেডারদের তালিকা অনুযায়ী; «রাসূল ﷺ বলেছেন» লিখতে হলে সংস্করণ-পৃষ্ঠা লক (PAGE-CHECK মুক্ত) হওয়ার পর,Print the graders; no change to claim; PAGE-CHECK (edition/page lock) before print.
