Part,Chapter,Claim_Count,Sunni_Claims,Shia_Claims,Quran_Claims,Verified,Page_Check,Conflict,Not_Found,Ledger_Rows_Bound
UNKNOWN,UNKNOWN,413,76,70,92,86,214,112,1,186
UNKNOWN,০২  ওয়াশরুমের দরজা আর নামাজের কোণ,2,0,0,1,1,1,0,0,0
UNKNOWN,০৩  আমার ভেতরেও একটি বন্ধ কুঠুরি,4,0,0,1,1,2,0,1,2
UNKNOWN,"০৫  ধন-সম্পদ, অভাব আর দানের পরীক্ষা",3,1,0,2,2,0,1,0,1
UNKNOWN,০৬  “জানি না” বলার সাহস,3,1,1,0,0,3,0,0,0
UNKNOWN,০৭  জুমার খুতবায় যা বলা হলো না,7,4,0,1,1,3,3,0,3
UNKNOWN,০৮  রাসূলুল্লাহ ﷺ-এর পরে ইমামত কেন?,4,1,0,1,1,3,0,0,0
UNKNOWN,০৯  মা সাইয়্যিদা ফাতিমাতুয্ যাহরা (আলাইহাস্ সালাম)-কে কেন জানতে হবে,3,0,0,3,3,0,0,0,0
UNKNOWN,১০  ফয়সালের ভোরের স্বপ্ন,1,0,0,0,0,1,0,0,0
UNKNOWN,১১  শুনেছি মানেই কি জেনেছি?,4,1,0,1,1,2,1,0,3
UNKNOWN,১২  জানা কি আমাকে বদলেছে?,1,0,0,0,0,1,0,0,0
UNKNOWN,০২  আসলে ইবাদত বলতে কী বোঝায়?,4,1,0,1,1,3,0,0,1
UNKNOWN,০৩  ইবলিস চিনেও কেন সিজদা করল না,5,1,0,2,1,3,1,0,3
UNKNOWN,০৪  ‘পরে করব’ বলার ফাঁদ,2,0,0,1,1,1,0,0,0
UNKNOWN,০৭  রাত পর্যন্ত: কুরআনের আলোকে ইফতার,3,1,1,0,0,3,0,0,0
UNKNOWN,০৮  দানবাক্সের তিনশো বিশ টাকা,1,0,0,0,0,0,1,0,1
UNKNOWN,০৯  কার ব্যাখ্যা মেনে আমল করব?,1,0,0,0,0,1,0,0,1
UNKNOWN,১০  মা সাইয়্যিদা যেভাবে ইবাদত করতেন,3,0,2,0,0,1,2,0,3
UNKNOWN,"০১  জান্নাত চাই, কিন্তু জানি কতটা?",2,2,0,0,0,2,0,0,0
UNKNOWN,"০২  জন্মসূত্রে মুসলমান, নাকি বেছে নেওয়া?",8,3,0,4,4,3,1,0,1
UNKNOWN,০৩  ইবাদত কি আমাকে বদলাচ্ছে?,6,2,1,0,0,2,4,0,4
UNKNOWN,০৪  ঘরের ভেতরে ইসার আর ভালোবাসা,9,3,0,2,1,4,4,0,5
UNKNOWN,"০৫  “রাদিয়াল্লাহু আনহা”, নাকি “আলাইহাস্ সালাম”?",15,8,2,1,1,12,2,0,2
UNKNOWN,"০৬  ফাদাক, আর চুপ না থাকার সাহস",16,3,0,0,0,15,1,0,1
UNKNOWN,০৭  আমার যুগের ইমাম কে?,4,1,1,0,0,3,1,0,2
UNKNOWN,০৮  আহলুল বাইতকে একসঙ্গে চেনা,8,2,0,5,5,3,0,0,0
UNKNOWN,০৯  শাফায়াত কি আমলের বদলি?,9,2,0,4,4,4,1,0,1
UNKNOWN,১০  এক সপ্তাহের হিসাবের রাত,5,1,0,1,1,4,0,0,0
UNKNOWN,০১  অন্ধ আর চক্ষুষ্মান কি সমান?,6,6,1,0,0,6,0,0,0
UNKNOWN,০২  কাফির থেকে মুত্তাকী পর্যন্ত ধাপগুলো,4,1,2,0,0,4,0,0,0
UNKNOWN,০৩  নিজেকে করা পাঁচটি প্রশ্ন,5,4,2,0,0,5,0,0,0
UNKNOWN,"০৪  “নামটা গায়ে লাগানো সহজ, সমর্পণটা কঠিন”",10,6,2,3,3,7,0,0,0
UNKNOWN,০৫  ইবাদত কীভাবে ভেতরটা বদলায়,5,4,0,0,0,5,0,0,0
UNKNOWN,০৬  প্রকৃত মুমিনকে চেনা যায় কীভাবে?,2,1,1,0,0,2,0,0,0
UNKNOWN,০৭  মুত্তাকীর পরিচয়,1,0,0,1,1,0,0,0,0
UNKNOWN,"০১  আগে আয়াত, তারপর দাবি",1,0,0,1,1,0,0,0,0
UNKNOWN,০৩  ভালোবাসা কি শুধু অনুভূতি?,5,0,0,2,1,2,1,1,3
UNKNOWN,০৪  সূরা কাওসার নতুন করে পড়া,1,0,0,0,0,1,0,0,0
UNKNOWN,০৫  মুবাহালার দিন রাসূলুল্লাহ ﷺ কাদের ডাকলেন,4,3,0,0,0,4,0,0,0
UNKNOWN,০৬  নিজে ক্ষুধার্ত থেকেও অন্যকে খাওয়ানো,4,0,0,2,2,2,0,0,3
UNKNOWN,০৮  আনুগত্য করলে আমার স্বাধীনতা কোথায়?,3,0,0,2,2,1,0,0,0
UNKNOWN,"০৯  সাতটি আয়াত, সাতটি প্রশ্ন",1,0,0,1,1,0,0,0,0
UNKNOWN,"০৩  দুই খাতা, এক জমি",6,0,0,1,1,5,0,0,0
UNKNOWN,০৪  পর্দার আড়াল থেকে খুতবা,2,1,1,0,0,2,0,0,0
UNKNOWN,"০৫  উত্তরাধিকার, উপহার, নাকি ব্যবস্থাপনা?",26,1,7,0,0,26,0,0,0
UNKNOWN,০৬  বারবার ফাদাকে ফেরা কেন?,12,3,0,0,0,11,1,0,1
UNKNOWN,০৭  তাঁর শেষ ইচ্ছা,8,3,0,2,0,6,2,0,3
UNKNOWN,০৯  ওলায়াত মানে আমানত,14,1,0,0,0,14,0,0,0
UNKNOWN,১০  এবার নিজের ঘরে,16,0,0,0,0,16,0,0,0
UNKNOWN,০১  দুটি ভারী জিনিস রেখে গেলেন,3,3,0,0,1,2,0,0,0
UNKNOWN,০৩  কুরআনই কি যথেষ্ট নয়?,2,0,0,0,0,2,0,0,0
UNKNOWN,০৪  এক বিয়ের ছয়টি বর্ণনা,9,0,0,0,0,9,0,0,7
UNKNOWN,"০৫  বারোজন কারা, নূরের তাক কে?",2,0,0,0,0,2,0,0,0
UNKNOWN,০৬  মসজিদে বুরুল্লাহর আব্বুর সেই সকাল,3,3,0,0,0,3,0,0,0
UNKNOWN,০৭  সূরা ফুরকানের দোয়ায় বংশধর ও ইমাম,2,1,0,0,0,2,0,0,0
UNKNOWN,০৮  কিতাবের জ্ঞান আছে কার কাছে?,7,1,0,0,0,7,0,0,1
UNKNOWN,০৯  “ঈমানেরও কি দাম দিতে হয়?”,2,0,1,0,0,1,1,0,1
UNKNOWN,১০  রোজ নামাজে কেন সরল পথ চাই,9,2,1,3,2,4,3,0,4
UNKNOWN,১১  আল্লাহর সরল পথ কোনটি?,5,1,1,1,2,0,3,0,3
UNKNOWN,"০২  সায়েম কাকা জানতে চাইলেন, সত্যবাদী কারা",8,0,1,1,1,7,0,0,5
UNKNOWN,"০৩  আহলুল বাইত কারা, রাসূলুল্লাহ ﷺ নিজেই দেখালেন",5,3,0,1,2,1,2,0,2
UNKNOWN,০৪  মা সাইয়্যিদা ফাতিমাতুয্ যাহরা (আলাইহাস্ সালাম)-এর মুখে চাদরের ঘটনা,7,2,0,2,2,1,4,0,4
UNKNOWN,০৬  “দ্বীনের খুঁটি কয়টা?”,1,1,0,0,0,1,0,0,0
UNKNOWN,০৭  চল্লিশ রাত ধরে বুরুল্লাহর আব্বুর পড়া,3,2,0,0,0,3,0,0,0
UNKNOWN,"০৮  কেউ কাছে আসে, কেউ দূরে সরে",3,0,1,0,0,3,0,0,2
UNKNOWN,"০৯  “আমি কি এমন কারও ইবাদত করব, যাঁকে দেখিনি?”",4,0,3,0,0,4,0,0,3
UNKNOWN,১০  রাসূলুল্লাহ ﷺ-এর বিছানায় ইমাম আলী (আলাইহিস্ সালাম),4,0,1,2,2,2,0,0,3
UNKNOWN,১১  স্বপ্নে রাসূলুল্লাহ ﷺ-কে দেখলে কী হয়?,4,2,0,1,1,1,2,0,3
UNKNOWN,১২  আল্লাহ কি দেখতে মানুষের মতো?,2,0,1,1,1,1,0,0,1
UNKNOWN,০২  চোখের সামনের জিনিসও আমরা দেখি না কেন?,2,0,1,0,0,1,1,0,1
UNKNOWN,০৩  জন্মদিনের কেক কি বিদআত?,4,0,1,0,0,3,1,0,2
UNKNOWN,"০৪  যা বলি, তা কি নিজে করি?",5,0,2,0,0,4,1,0,1
UNKNOWN,০৫  এক গ্রামের দুই আলেম,10,8,2,0,0,10,0,0,0
UNKNOWN,০৬  কুরআনে খলিফা কাকে বলা হয়েছে?,2,0,0,0,0,1,1,0,2
UNKNOWN,০৮  সূরা দুখানের বরকতময় রাত কোনটি?,4,0,2,0,0,4,0,0,0
UNKNOWN,০৯  ফুঁ দিয়ে কি আল্লাহর আলো নেভানো যায়?,1,0,0,0,0,1,0,0,0
UNKNOWN,১০  রাসূলুল্লাহ ﷺ তাঁর মেয়েকে কোন চোখে দেখতেন,1,0,0,0,0,1,0,0,0
UNKNOWN,১১  আহলুল বাইত কি জাহান্নামে যেতে পারেন?,2,0,0,0,0,1,1,0,1
UNKNOWN,০১  নামাজে আল্লাহর সঙ্গে কথা বলা,8,1,0,1,1,4,3,0,4
UNKNOWN,০২  নয় মাস ধরে মেয়ের দরজায় রাসূলুল্লাহ ﷺ,4,0,0,0,0,2,2,0,3
UNKNOWN,০৪  আঠারো হাজার ওয়াক্তের পরও হারিয়ে গেল?,9,1,0,1,1,4,4,0,5
UNKNOWN,০৫  রুকু অবস্থায় যে দান করল,5,0,0,1,1,1,3,0,4
UNKNOWN,০৬  ঘরের দরজায় নদী,4,1,0,2,2,1,1,0,1
UNKNOWN,০৮  নব্বই বছরের ইবাদত কেন হার মানল?,13,2,2,1,1,5,6,1,10
UNKNOWN,০৯  ইবাদতকে ভালোবাসা যায় কীভাবে?,9,1,0,1,1,7,1,0,3
UNKNOWN,"১০  ভয়ের ইবাদত, না ভালোবাসার?",4,0,1,1,1,3,0,0,2
UNKNOWN,০২  স্বভাব চেনার চার উপাদান,1,0,0,0,0,0,1,0,1
UNKNOWN,০৪  নিদর্শন দেখেও মানুষ মুখ ফেরায় কেন?,3,1,0,1,1,0,2,0,2
UNKNOWN,০৬  প্রশান্ত আত্মার দিকে পথ,4,1,0,1,1,1,2,0,2
UNKNOWN,০৭  মানুষের হক কি নামাজে মাফ হয়?,4,1,0,1,1,2,1,0,3
UNKNOWN,০৮  যে আলেম জানে কিন্তু করে না,6,2,0,1,1,1,4,0,5
UNKNOWN,০৯  ভুলে যাওয়া ভুলগুলো ফিরে আসে,2,0,0,1,1,1,0,0,0
UNKNOWN,"১৮ মাকামে তিন ধাপেতে নফসের আত্মশুদ্ধি হয়,",6,0,0,0,0,5,1,0,5
UNKNOWN,১১  কাজের চেয়ে নিয়ত বড়,3,0,0,0,0,3,0,0,2
