"Row_ID","Part","Chapter","Claim_Short","Arabic_Search_Terms_Tried","Classification","Book","Author","Volume","Page_or_Report","Hadith_Number","Arabic_Key_Wording","Source_Type","Edition","Verification_Status","Recommended_Manuscript_Handling","Note"
"REF-002","1","০৩  আমার ভেতরেও একটি বন্ধ কুঠুরি","ইমাম সাদিক (আ.)-এর নামে «বিনা হিসাবে প্রথম জান্নাতে» প্রবেশ","بغير حساب [9] ; يدخلون الجنة بغير حساب [3] ; أول من يدخل الجنة [3] ; اول من يدخل الجنة [0] ; بغير حساب ولا عذاب [1] ; شيعتنا [0] — [n]=hit count via verify_sunni.py corpus","NO_SOURCE_LOCATED","SUNNI: none for this claim ‖ SHIA: candidate family only (Bihar al-Anwar; al-Amali of al-Saduq) — exact report not identified","SUNNI: — ‖ SHIA: al-Majlisi / al-Saduq (family only)","location not known","PAGE-CHECK","—","(manuscript wording not available; ledger key HAD-SHIA-BIGHAYR-HISAB)","none","EDITION NOT LOCKED","NOT FOUND in six books (≠ does not exist); SOURCE-MISSING","KEEP-ATTRIBUTION-ONLY «বর্ণিত আছে»","[Scope: UNID; ledger ¶233; manuscript page PAGE-CHECK (docx not available)] Six-book hits for «بغير حساب» are the «سبعون ألفا يدخلون الجنة بغير حساب» reports (Bukhari 5705/5752/6472; Muslim 216/218/220; Tirmidhi 2446) — a DIFFERENT claim (no Imam al-Sadiq, no Ahl al-Bayt); must not be substituted. Ledger candidate family (Bihar vols. 43/65) is not an identification."
"REF-004","1","০৫  ধন-সম্পদ, অভাব আর দানের পরীক্ষা","«সাদাকাহ গুনাহ নিভিয়ে দেয়, যেমন পানি আগুন» — তিরমিযির নামে","تطفئ الخطيئة كما يطفئ الماء النار [3] ; الصدقة تطفئ [4] — [n]=hit count via verify_sunni.py corpus","CANONICAL_SOURCE_FOUND","SUNNI: Jami' al-Tirmidhi (also Sunan Ibn Majah) ‖ SHIA: not checked","SUNNI: al-Tirmidhi; Ibn Majah ‖ SHIA: —","—","Tirmidhi 614 (Kitab al-Safar; Ka'b b. 'Ujra) & 2616 (Kitab al-Iman; Mu'adh); Ibn Majah 3973","Tirmidhi 614; Tirmidhi 2616; Ibn Majah 3973","والصدقة تطفئ الخطيئة كما يطفئ الماء النار","digital primary","fawazahmed0/hadith-api Arabic ed. (GitHub), sunnah.com numbering; Muslim = Abd al-Baqi; print edition EDITION NOT LOCKED","VERIFIED-LIVE (verify_sunni.py 2026-10-03: show tirmidhi 614/2616 + search «تطفئ الخطيئة كما يطفئ الماء النار» → tirmidhi 614, 2616; ibnmajah 4210 [Anas, different hadith]); EDITION-LOCK PENDING","ADD-SOURCE","[Scope: KNOWN-CASE; ledger ¶397; manuscript page PAGE-CHECK (docx not available)] Tool quote: tirmidhi 614 «…يا كعب بن عجرة الصلاة برهان والصوم جنة حصينة والصدقة تطفئ الخطيئة كما يطفئ الماء النار…» (grades shown: Shakir Sahih; Albani Sahih). tirmidhi 2616 «…الصوم جنة والصدقة تطفئ الخطيئة كما يطفئ الماء النار وصلاة الرجل من جوف الليل…» (Albani Sahih). Ibn Majah 3973 (Mu'adh) has «كما يطفئ النار الماء». Print page of Tirmidhi still PAGE-CHECK."
"REF-006","1","০৬  “জানি না” বলার সাহস","«চারবার বিয়ের ঘটনা» (জানি না বলার সাহস অধ্যায়)","أربعة أزواج [0] ; تزوجت أربعة [0] ; لا أدري [248] — [n]=hit count via verify_sunni.py corpus","NO_SOURCE_LOCATED","SUNNI: not identified ‖ SHIA: not identified","—","location not known","PAGE-CHECK","—","(story text not available; no Arabic wording derivable)","none","EDITION NOT LOCKED","NOT FOUND in six books (≠ does not exist); SOURCE-MISSING","KEEP-ATTRIBUTION-ONLY «বর্ণিত আছে»","[Scope: UNID; ledger ¶498; manuscript page PAGE-CHECK (docx not available)] Story content unknown from ledger; searches for marriage-count wordings returned nothing; «لا أدري» has 248 generic hits (not discriminating). Ledger already instructs printing without a book name."
"REF-007","1","০৬  “জানি না” বলার সাহস","ইমাম আলী (আ.)-এর «তিন মিসকিন» ও «সমালোচনায় আনন্দ» বাণী","ثلاثة مساكين [0] ; المساكين ثلاثة [0] ; أهدى إلي عيوبي [0] ; عيوبي [0] — [n]=hit count via verify_sunni.py corpus","NO_SOURCE_LOCATED","SUNNI: not identified ‖ SHIA: Nahj al-Balagha / Ghurar al-Hikam family (ledger) — not identified; adjacent: «أحب إخواني إلي من أهدى إلي عيوبي» attributed to Imam al-Sadiq in al-Kafi (Kitab al-'Ishra)","SHIA: al-Sharif al-Radi / al-Amidi (family); al-Kulayni (adjacent, al-Sadiq)","location not known","PAGE-CHECK","—","ثلاثة مساكين (not located); أهدى إلي عيوبي (adjacent, different speaker)","none","EDITION NOT LOCKED","NOT FOUND in six books (≠ does not exist); SOURCE-MISSING","KEEP-ATTRIBUTION-ONLY «বর্ণিত আছে»","[Scope: TASK-LIST (CSV Triage=CAND); ledger ¶499; manuscript page PAGE-CHECK (docx not available)] Included because it is in the task's 30-row list; in the v1.2 CSV its Triage is CAND, not UNID. The adjacent al-Kafi saying is attributed to Imam al-Sadiq, not Imam Ali — must not be silently re-attributed. Six-book searches: no hits."
"REF-014","1","১১  শুনেছি মানেই কি জেনেছি?","চিট-লিস্টের বাণী: চিন্তাহীন ইবাদত; জ্ঞানার্জন-শিক্ষাদান; চার ব্যক্তির পুরস্কার","لأربعة نفر [1] ; عبادة لا تفكر [0] ; لا خير في عبادة [0] ; تعلم العلم وعلمه [2] ; معلم الناس الخير [1] ; فضل العالم على العابد [4] ; شريكان في الأجر [1] ; تفكر [2] — [n]=hit count via verify_sunni.py corpus","CANONICAL_SOURCE_FOUND","SUNNI: Jami' al-Tirmidhi (four persons) ‖ SHIA: al-Kafi, Kitab Fadl al-'Ilm (candidate for «no good in worship without understanding», Ali) — not verified","SUNNI: al-Tirmidhi ‖ SHIA: al-Kulayni (candidate)","SUNNI: — ‖ SHIA: vol. 1 (page not locked)","Tirmidhi 2325 (Kitab al-Zuhd; Abu Kabsha al-Anmari)","Tirmidhi 2325","إنما الدنيا لأربعة نفر","digital primary","fawazahmed0/hadith-api Arabic ed. (GitHub), sunnah.com numbering; Muslim = Abd al-Baqi; print edition EDITION NOT LOCKED","PARTIAL: VERIFIED-LIVE that Tirmidhi 2325 exists with this wording (search «لأربعة نفر» → tirmidhi 2325 only); IDENTITY WITH MANUSCRIPT WORDING UNCONFIRMED (docx not available). Other two sayings NOT VERIFIED.","FLAG-FOR-AUTHOR-DECISION","[Scope: UNID; ledger ¶817; manuscript page PAGE-CHECK (docx not available)] Tool quote: tirmidhi 2325 «…إنما الدنيا لأربعة نفر عبد رزقه الله مالا وعلما فهو يتقي فيه ربه ويصل فيه رحمه ويعلم لله فيه حقا فهذا بأفضل المنازل…» (grades shown: Shakir Sahih; Albani Sahih; Zubair Ali Zai Daif). For «জ্ঞানার্জন-শিক্ষাদান» the nearest six-book hits are Ibn Majah 228 «العالم والمتعلم شريكان في الأجر» (graded Daif by Albani/Arnaut/Abd al-Baqi) and Tirmidhi 2685 «…ليصلون على معلم الناس الخير» — related, NOT identified. «চিন্তাহীন ইবাদত»: no six-book hit. Author must confirm that the «চার ব্যক্তি» saying is Tirmidhi 2325 before ADD-SOURCE."
"REF-020","2","০৩  ইবলিস চিনেও কেন সিজদা করল না","শো'বার কাহিনী (ইবলিস অধ্যায়)","شعبة [3193] ; قال شعبة [132] — [n]=hit count via verify_sunni.py corpus","NO_SOURCE_LOCATED","not identified","—","location not known","PAGE-CHECK","—","(story text not available)","none","EDITION NOT LOCKED","NOT FOUND in six books (≠ does not exist); SOURCE-MISSING","KEEP-ATTRIBUTION-ONLY «বর্ণিত আছে»","[Scope: UNID; ledger ¶1159; manuscript page PAGE-CHECK (docx not available)] «شعبة» gives 3193 hits (mostly the transmitter Shu'ba b. al-Hajjaj in isnads, and «شعبة من الإيمان») — not discriminating; no Arabic wording of the story derivable from the ledger."
"REF-041","2","০৬  আল্লাহর কাছে না পৌঁছানো নামাজ","নূরের প্রথম সৃষ্টি (অংশ ১২৬)","أول ما خلق الله [3] ; اول ما خلق الله [0] ; نور نبيك [0] ; خلق الله نوري [0] — [n]=hit count via verify_sunni.py corpus","PLAUSIBLE_SOURCE_ONLY","SUNNI: report «أول ما خلق الله نور نبيك يا جابر» is ascribed to Musannaf 'Abd al-Razzaq by al-Qastallani, al-Mawahib al-Laduniyya (later compilation; not located in printed Musannaf) ‖ SHIA: Bihar al-Anwar (Jabir report; also «أول ما خلق الله نوري»)","SUNNI: al-Qastallani (citing 'Abd al-Razzaq) ‖ SHIA: al-Majlisi","SUNNI: location not known ‖ SHIA: Bihar vols. 1 and 15 (page not locked)","PAGE-CHECK","—","أول ما خلق الله نور نبيك يا جابر / أول ما خلق الله نوري","none (candidate work named from research knowledge; not consulted here)","EDITION NOT LOCKED","NOT VERIFIED (knowledge-based CANDIDATE; Shia & non-six-book works cannot be checked in this environment)","KEEP-ATTRIBUTION-ONLY «বর্ণিত আছে»","[Scope: CSV-UNID (not in task list); ledger ¶1638; manuscript page PAGE-CHECK (docx not available)] In the CSV this row has Triage=UNID (it is the 30th UNID row), though not in the task's list (task listed REF-007 instead). Six-book search: «أول ما خلق الله» → Abu Dawud 4700, Tirmidhi 2155, 3319: «إن أول ما خلق الله القلم» — a DIFFERENT (pen) report; do not silently reconcile. Normalise with REF-154 / register HAD-NUR-AWWAL."
"REF-084","3","০৭  আমার যুগের ইমাম কে?","সালমানের প্রশ্ন ও «মুশরিক/জাহিল» ভাগ (যুগের ইমাম অধ্যায়)","ميتة جاهلية [9] ; إمام زمانه [0] ; سلمان [165] ; مات وليس في عنقه بيعة [1] ; من مات وليس له إمام [0] — [n]=hit count via verify_sunni.py corpus","NO_SOURCE_LOCATED","SUNNI: not identified ‖ SHIA: family of reports in al-Kafi, Kitab al-Hujja (on not knowing the Imam) — Salman report not identified","—","location not known","PAGE-CHECK","—","(not available)","none","EDITION NOT LOCKED","NOT FOUND in six books (≠ does not exist); SOURCE-MISSING","KEEP-ATTRIBUTION-ONLY «বর্ণিত আছে»","[Scope: UNID; ledger ¶2880; manuscript page PAGE-CHECK (docx not available)] Six-book hits for «ميتة جاهلية» (Bukhari 7053/7054/7143; Muslim 1848, 1849, 1851 «من مات وليس في عنقه بيعة مات ميتة جاهلية») concern bay'a/jama'a, not Salman's question — related only (Muslim 1851 already in ledger as REF-083). «إمام زمانه»: 0 hits."
"REF-087","4","০৫  ইবাদত কীভাবে ভেতরটা বদলায়","«অন্তরে সরিষা দানা পরিমাণ অহংকার» (খাতা: এই শব্দে সূত্র নেই)","مثقال حبة من خردل من كبر [4] ; حبة خردل من كبر [1] ; مثقال ذرة من كبر [3] — [n]=hit count via verify_sunni.py corpus","CANONICAL_SOURCE_FOUND","SUNNI: Sahih Muslim (Kitab al-Iman); Sunan Abi Dawud; Jami' al-Tirmidhi; Sunan Ibn Majah ‖ SHIA: not checked","SUNNI: Muslim b. al-Hajjaj; Abu Dawud; al-Tirmidhi; Ibn Majah","—","Muslim 91 (sub-reports 91.01–91.03, Abd al-Baqi); Abu Dawud 4091; Tirmidhi 1998, 1999; Ibn Majah 59, 4173","Muslim 91; Abu Dawud 4091; Tirmidhi 1998; Ibn Majah 59/4173","لا يدخل الجنة من كان في قلبه مثقال حبة من خردل من كبر","digital primary","fawazahmed0/hadith-api Arabic ed. (GitHub), sunnah.com numbering; Muslim = Abd al-Baqi; print edition EDITION NOT LOCKED","VERIFIED-LIVE (verify_sunni.py [fixed] show muslim 91 → 91.01/91.02/91.03; search «مثقال حبة من خردل من كبر» → abudawud 4091, tirmidhi 1998, ibnmajah 59, 4173; «حبة خردل من كبر» → muslim 91.02; «مثقال ذرة من كبر» → muslim 91.01, 91.03, tirmidhi 1999); EDITION-LOCK PENDING","ADD-SOURCE","[Scope: KNOWN-CASE / «সূত্র খাতায় নেই»; ledger ¶3495; manuscript page PAGE-CHECK (docx not available)] Tool quote: muslim 91.02 «لا يدخل النار أحد في قلبه مثقال حبة خردل من إيمان ولا يدخل الجنة أحد في قلبه مثقال حبة خردل من كبرياء»; muslim 91.01 «لا يدخل الجنة من كان في قلبه مثقال ذرة من كبر»; abudawud 4091 «لا يدخل الجنة من كان في قلبه مثقال حبة من خردل من كبر» (Albani Sahih). The exact «حبة من خردل من كبر» wording is Abu Dawud/Tirmidhi/Ibn Majah; Muslim's wording is «ذرة» (91.01/91.03) or «حبة خردل من كبرياء» (91.02). RE-RUN AFTER TOOL FIX (coordinator, 2026-10-03): `show muslim 91` now lists all three sub-reports — 91.01 (num 265), 91.02 (num 266), 91.03 (num 267), Kitab al-Iman — matching the search hits above. Before the fix, `show muslim 91` printed an EMPTY Introduction entry, so the earlier ✅ for Muslim 91 in sunni_six_books_check_2026-10-03.md was not backed by displayed text; it is now confirmed."
"REF-090","4","০৬  প্রকৃত মুমিনকে চেনা যায় কীভাবে?","চারটি বাণী: «তিনটি গুণ… ঈমান পূর্ণ», «আমানতদার… প্রাচুর্যকে বিপদ», «সবকিছুই তাকে ভয় করে», «ফেরেশতারা মুমিনের নূর দেখে»","استكمل الإيمان [1] ; ثلاث من كن فيه [12] ; أخاف الله منه كل شيء [0] ; نور المؤمن [2] ; الرخاء بلاء [0] ; من أمنه الناس [3] ; يحب لأخيه [7] — [n]=hit count via verify_sunni.py corpus","PLAUSIBLE_SOURCE_ONLY","SUNNI: «ثلاث من أخلاق الإيمان…» type — al-Tabarani, al-Mu'jam al-Saghir (candidate) ‖ SHIA: al-Kafi, Kitab al-Iman wa-l-Kufr — bab al-mu'min wa 'alamatuh (three qualities) and bab al-khawf wa-l-raja' («من خاف الله أخاف الله منه كل شيء») (candidates)","SUNNI: al-Tabarani ‖ SHIA: al-Kulayni","SHIA: vol. 2 (pages not locked); SUNNI: location not known","PAGE-CHECK","—","من خاف الله أخاف الله منه كل شيء (candidate wording for «সবকিছুই তাকে ভয় করে»)","none (candidate work named from research knowledge; not consulted here)","EDITION NOT LOCKED","NOT VERIFIED (knowledge-based CANDIDATE; Shia & non-six-book works cannot be checked in this environment)","FLAG-FOR-AUTHOR-DECISION","[Scope: UNID; ledger ¶3599; manuscript page PAGE-CHECK (docx not available)] Six-book: no exact hit. Related only: Abu Dawud 4681 «من أحب لله وأبغض لله وأعطى لله ومنع لله فقد استكمل الإيمان» (four acts, not three; Albani Sahih); Bukhari 16/Muslim 43 «ثلاث من كن فيه وجد حلاوة الإيمان» (sweetness, not completion); Tirmidhi 2627 «المؤمن من أمنه الناس…». None may be substituted. «أخاف الله منه كل شيء», «الرخاء بلاء»: 0 hits. Four separate sayings — author decides per saying."
"REF-091","4","০৬  প্রকৃত মুমিনকে চেনা যায় কীভাবে?","«আল্লাহ মুমিনকে দুনিয়ার বিপদ থেকে মুক্ত রাখেননি…»","بلايا الدنيا [0] ; لم يؤمن المؤمن [0] ; أشد الناس بلاء [0] ; أشد بلاء [3] ; الناس أشد بلاء [3] ; إذا أحب الله قوما ابتلاهم [0] — [n]=hit count via verify_sunni.py corpus","PLAUSIBLE_SOURCE_ONLY","SUNNI: none identified ‖ SHIA: al-Kafi, Kitab al-Iman wa-l-Kufr, bab shiddat ibtila' al-mu'min (Imam al-Sadiq) — candidate","SHIA: al-Kulayni","SHIA: vol. 2 (page not locked)","PAGE-CHECK","—","إن الله لم يؤمن المؤمن من بلايا الدنيا ولكن آمنه من العمى فيها والشقاء في الآخرة (candidate wording, from memory — not verified)","none (candidate work named from research knowledge; not consulted here)","EDITION NOT LOCKED","NOT VERIFIED (knowledge-based CANDIDATE; Shia & non-six-book works cannot be checked in this environment)","KEEP-ATTRIBUTION-ONLY «বর্ণিত আছে»","[Scope: UNID; ledger ¶3600; manuscript page PAGE-CHECK (docx not available)] Six-book: «بلايا الدنيا», «لم يؤمن المؤمن»: 0 hits. Related only: Tirmidhi 2398 / Ibn Majah 4023 «أي الناس أشد بلاء قال الأنبياء ثم الأمثل فالأمثل» (different saying)."
"REF-096","5","০২  চাদরের নিচে কারা ছিলেন?","হাদীসে কিসা — দীর্ঘ জাবির-পাঠ ও সংক্ষিপ্ত চাদর-রেওয়ায়েত (মুসলিম)","مرط مرحل [3] ; إنما يريد الله ليذهب عنكم الرجس أهل البيت [4] — [n]=hit count via verify_sunni.py corpus","CANONICAL_SOURCE_FOUND","SUNNI: Sahih Muslim, Kitab Fada'il al-Sahaba (short version only) ‖ SHIA: long Jabir version — later Shia compilations (see REF-190), not checked","SUNNI: Muslim b. al-Hajjaj","—","Muslim 2424 (Aisha; Abd al-Baqi)","Muslim 2424","خرج النبي صلى الله عليه وسلم غداة وعليه مرط مرحل من شعر أسود","digital primary","fawazahmed0/hadith-api Arabic ed. (GitHub), sunnah.com numbering; Muslim = Abd al-Baqi; print edition EDITION NOT LOCKED","VERIFIED-LIVE for the SHORT version only (show muslim 2424 → num 6261/ar 2424, re-run with fixed tool: same result; search «مرط مرحل» → muslim 2081, 2424, abudawud 4032 [2081/4032 = garment only]); long Jabir text NOT in six books; EDITION-LOCK PENDING","ADD-SOURCE","[Scope: KNOWN-CASE; ledger ¶4017; manuscript page PAGE-CHECK (docx not available)] Tool quote: muslim 2424 «قالت عائشة خرج النبي صلى الله عليه وسلم غداة وعليه مرط مرحل من شعر أسود فجاء الحسن بن علي فأدخله ثم جاء الحسين فدخل معه ثم جاءت فاطمة فأدخلها ثم جاء علي فأدخله ثم قال {إنما يريد الله ليذهب عنكم الرجس أهل البيت ويطهركم تطهيرا}». ADD-SOURCE applies only to the short report; the long Jabir kisa text keeps «বর্ণিত আছে». Related six-book kisa reports (Umm Salama): Tirmidhi 3205, 3787."
"REF-097","5","০২  চাদরের নিচে কারা ছিলেন?","তাসনিম-সংক্রান্ত হাদীস (ক্ষুধার্তকে খাওয়ানো, মাদক পরিত্যাগ, «আমি প্রথম ব্যক্তি হব», আবু জাফর ও ইমাম সাদিক (আ.)-এর ব্যাখ্যা)","تسنيم [1] ; الرحيق المختوم [2] ; أطعم مؤمنا على جوع [1] ; ترك الخمر [0] ; سقاه الله من الرحيق [1] ; حرمها في الآخرة [4] — [n]=hit count via verify_sunni.py corpus","PLAUSIBLE_SOURCE_ONLY","SUNNI: none for Tasnim wording ‖ SHIA: Tafsir al-Qummi on 83:27 (Tasnim explanations); al-Kafi, bab it'am al-mu'min (feeding) and Kitab al-Ashriba (leaving intoxicants) — candidates","SHIA: 'Ali b. Ibrahim al-Qummi; al-Kulayni","location not known","PAGE-CHECK","—","تسنيم (no hadith-text hit)","none (candidate work named from research knowledge; not consulted here)","EDITION NOT LOCKED","NOT VERIFIED (knowledge-based CANDIDATE; Shia & non-six-book works cannot be checked in this environment)","KEEP-ATTRIBUTION-ONLY «বর্ণিত আছে»","[Scope: UNID; ledger ¶4018; manuscript page PAGE-CHECK (docx not available)] Six-book: «تسنيم» hits only a transmitter's name (Abu Dawud 4519 «محمد بن الحسن بن تسنيم»). Related, not identical: Tirmidhi 2449 «أيما مؤمن أطعم مؤمنا على جوع أطعمه الله يوم القيامة من ثمار الجنة وأيما مؤمن سقى مؤمنا على ظمإ سقاه الله يوم القيامة من الرحيق المختوم» (grades shown: Shakir Daif; Albani Daif) and Abu Dawud 1682 (Albani Daif) — no mention of Tasnim; Bukhari 5575/Muslim 2003 «من شرب الخمر في الدنيا… حرمها في الآخرة» (inverse statement). If author uses Tirmidhi 2449 it must carry its weak grading; never as flat «রাসূল ﷺ বলেছেন»."
"REF-100","5","০৩  ভালোবাসা কি শুধু অনুভূতি?","«সর্বপ্রথম জান্নাতে… আশেকরা পশ্চাতে», «আশেকরা একই স্থানে… পানাহার একত্রে» (খাতায় আরবি আছে)","العاشق [0] ; عشق [0] ; أول من يدخل الجنة [3] ; المرء مع من أحب [10] ; المتحابون [2] — [n]=hit count via verify_sunni.py corpus","NO_SOURCE_LOCATED","not identified (Sunni or Shia)","—","location not known","PAGE-CHECK","—","(notebook Arabic not in ledger)","none","EDITION NOT LOCKED","NOT FOUND in six books (≠ does not exist); SOURCE-MISSING","FLAG-FOR-AUTHOR-DECISION","[Scope: UNID; ledger ¶4093; manuscript page PAGE-CHECK (docx not available)] Six-book: «العاشق», «عشق»: 0 hits. Related only: Bukhari 6168 «المرء مع من أحب»; Muslim 2566 «أين المتحابون بجلالي»; Tirmidhi 2390. Author should supply the notebook Arabic so it can be searched verbatim."
"REF-103","5","০৪  সূরা কাওসার নতুন করে পড়া","«আল্লাহ সকল নবির বংশ তাঁদের ঔরসে… আমার বংশ আলীর ঔরসে»","ذريتي في صلب [0] ; ذرية كل نبي [0] ; في صلبه [0] — [n]=hit count via verify_sunni.py corpus","PLAUSIBLE_SOURCE_ONLY","SUNNI: al-Tabarani, al-Mu'jam al-Kabir (Jabir); al-Khatib, Tarikh Baghdad; Kanz al-'Ummal (later compilation) ‖ SHIA: location not known","SUNNI: al-Tabarani; al-Khatib al-Baghdadi; al-Muttaqi al-Hindi","SUNNI: ledger cites al-Kabir 3:43 / Tarikh Baghdad 1:316-317 / Kanz 11:600 — NOT confirmed here","PAGE-CHECK","ledger: al-Kabir h. 2630 — NOT confirmed","إن الله جعل ذرية كل نبي في صلبه وجعل ذريتي في صلب علي","none (candidate work named from research knowledge; not consulted here)","EDITION NOT LOCKED","NOT VERIFIED (knowledge-based CANDIDATE; Shia & non-six-book works cannot be checked in this environment)","KEEP-ATTRIBUTION-ONLY «বর্ণিত আছে»","[Scope: «সূত্র নেই» (CSV Triage=CAND); ledger ¶4180; manuscript page PAGE-CHECK (docx not available)] Status contains «সূত্র নেই». Six-book: «ذريتي في صلب», «ذرية كل نبي», «في صلبه»: 0 hits — not in the six books. Ledger volume/page/number figures are unverified candidates."
"REF-104","5","০৪  সূরা কাওসার নতুন করে পড়া","আবু আবদুল্লাহ (আ.): নামাজে সূরা কাওসার পাঠের ফজিলত; «আত্মার সন্তান»","إنا أعطيناك الكوثر [7] ; سورة الكوثر [0] — [n]=hit count via verify_sunni.py corpus","PLAUSIBLE_SOURCE_ONLY","SUNNI: none ‖ SHIA: al-Saduq, Thawab al-A'mal, bab thawab qira'at surat al-Kawthar — candidate","SHIA: al-Shaykh al-Saduq","location not known","PAGE-CHECK (ledger: «p. 126 region» — unverified)","—","من كان قراءته إنا أعطيناك الكوثر في فرائضه ونوافله سقاه الله من الكوثر (candidate wording, from memory — not verified)","none (candidate work named from research knowledge; not consulted here)","EDITION NOT LOCKED","NOT VERIFIED (knowledge-based CANDIDATE; Shia & non-six-book works cannot be checked in this environment)","KEEP-ATTRIBUTION-ONLY «বর্ণিত আছে»","[Scope: «সূত্রহীন» (CSV Triage=CAND); ledger ¶4181; manuscript page PAGE-CHECK (docx not available)] Status contains «সূত্রহীন». Six-book hits for «إنا أعطيناك الكوثر» (Bukhari 4965; Muslim 400; Abu Dawud 784, 4747; Tirmidhi 3350; Nasa'i 904) are about the river/revelation, NOT the merit of reciting it in prayer. «আত্মার সন্তান» not identified."
"REF-105","5","০৪  সূরা কাওসার নতুন করে পড়া","ইবনে আব্বাস: «আল কাওসার কী?» (খাতা: সূত্রহীন)","الخير الذي أعطاه الله [2] ; الكوثر [18] — [n]=hit count via verify_sunni.py corpus","CANONICAL_SOURCE_FOUND","SUNNI: Sahih al-Bukhari, Kitab al-Tafsir (and Kitab al-Riqaq) ‖ SHIA: not checked","SUNNI: al-Bukhari","—","Bukhari 4966 (also 6578)","Bukhari 4966; Bukhari 6578","الكوثر هو الخير الذي أعطاه الله إياه","digital primary","fawazahmed0/hadith-api Arabic ed. (GitHub), sunnah.com numbering; Muslim = Abd al-Baqi; print edition EDITION NOT LOCKED","VERIFIED-LIVE (show bukhari 4966; search «الخير الذي أعطاه الله» → bukhari 4966, 6578); EDITION-LOCK PENDING","ADD-SOURCE","[Scope: KNOWN-CASE / «সূত্রহীন»; ledger ¶4182; manuscript page PAGE-CHECK (docx not available)] Tool quote: bukhari 4966 «عن سعيد بن جبير، عن ابن عباس رضى الله عنهما أنه قال في الكوثر هو الخير الذي أعطاه الله إياه. قال أبو بشر قلت لسعيد بن جبير فإن الناس يزعمون أنه نهر في الجنة. فقال سعيد النهر…»; bukhari 6578 «الكوثر الخير الكثير الذي أعطاه الله إياه». Note: this is Ibn Abbas's statement (mawquf), not a Prophetic saying."
"REF-115","6","০২  যেদিন মদিনা দুই ভাগ হলো","আমিরুল মুমিনীন (আ.) আবু বকরের হাত ধরে দেখান (৩:১৬৯ প্রসঙ্গ)","ولا تحسبن الذين قتلوا [7] ; أخذ بيد أبي بكر [0] ; مسجد قباء [17] — [n]=hit count via verify_sunni.py corpus","PLAUSIBLE_SOURCE_ONLY","SUNNI: none ‖ SHIA: al-Saffar, Basa'ir al-Darajat (report of Ali taking Abu Bakr to Masjid Quba where the Prophet is shown) — low-confidence candidate","SHIA: Muhammad b. al-Hasan al-Saffar al-Qummi","location not known","PAGE-CHECK","—","(candidate narrative; wording not established)","none (candidate work named from research knowledge; not consulted here)","EDITION NOT LOCKED","NOT VERIFIED (knowledge-based CANDIDATE; Shia & non-six-book works cannot be checked in this environment)","KEEP-ATTRIBUTION-ONLY «বর্ণিত আছে»","[Scope: UNID; ledger ¶4751; manuscript page PAGE-CHECK (docx not available)] Six-book: «أخذ بيد أبي بكر»: 0; «ولا تحسبن الذين قتلوا» hits (Muslim 1887; Abu Dawud 2520; Tirmidhi 3010/3011; Ibn Majah 190/2800) concern martyrs' souls, not this episode; «مسجد قباء» hits unrelated. Candidate identification is from memory and is low-confidence."
"REF-125","6","০৫  উত্তরাধিকার, উপহার, নাকি ব্যবস্থাপনা?","ফাদাক সাইয়্যেদা খাদিজা (আ.)-এর মোহরানা","مهر خديجة [0] ; فدك [33] ; صداق خديجة [0] — [n]=hit count via verify_sunni.py corpus","NO_SOURCE_LOCATED","not identified (no classical source known — Sunni or Shia)","—","location not known","PAGE-CHECK","—","—","none","EDITION NOT LOCKED","NOT FOUND in six books (≠ does not exist); SOURCE-MISSING","FLAG-FOR-AUTHOR-DECISION","[Scope: UNID; ledger ¶5294; manuscript page PAGE-CHECK (docx not available)] Six-book: «مهر خديجة», «صداق خديجة»: 0 hits; «فدك» hits (Bukhari 3092/3093/3711/3712/4035/4036…) are the Fatima–Abu Bakr inheritance reports and say nothing about Khadija's mahr. Per global law the claim is not removed merely for lack of source — author decides between «কেউ কেউ বলেন», attribution-only, or removal. Keep separate from S-181 Umm Ayman/Fadak material."
"REF-134","6","০৯  ওলায়াত মানে আমানত","(সম্প্রসারিত) «কাবা মানুষের কাছে যায় না» — উপ-দাবি","الكعبة لا [0] ; تأتي الكعبة [0] ; الكعبة [225] — [n]=hit count via verify_sunni.py corpus","NO_SOURCE_LOCATED","not identified (proverbial)","—","location not known","PAGE-CHECK","—","(not available)","none","EDITION NOT LOCKED","NOT FOUND in six books (≠ does not exist); SOURCE-MISSING","KEEP-«বলা হয়»","[Scope: EXTENDED (sub-claim of VL row); ledger ¶5621; manuscript page PAGE-CHECK (docx not available)] Extended sweep: unsourced sub-claim inside a VL row (pen-and-paper part = Bukhari 114/4431, Muslim 1637, already VL). Six-book: «الكعبة لا», «تأتي الكعبة»: 0 hits; «الكعبة» 225 generic hits."
"REF-140","6","১০  এবার নিজের ঘরে","আবান ইবনে তাগলিবের দুটি বর্ণনা (খাতায় কিতাবের নাম নেই)","أبان بن تغلب [8] ; أبان بن تغلب عن [0] — [n]=hit count via verify_sunni.py corpus","NO_SOURCE_LOCATED","not identified (report text not in ledger)","—","location not known","PAGE-CHECK","—","(not available)","none","EDITION NOT LOCKED","NOT FOUND in six books (≠ does not exist); SOURCE-MISSING","FLAG-FOR-AUTHOR-DECISION","[Scope: UNID; ledger ¶5759; manuscript page PAGE-CHECK (docx not available)] Aban b. Taghlib appears only as a TRANSMITTER in six-book isnads (Muslim 91.01/91.03, 124.02; Abu Dawud 621, 3987; Tirmidhi 1999) — this is NOT an identification of the two reports. Author must supply the text."
"REF-159","7","০৬  মসজিদে বুরুল্লাহর আব্বুর সেই সকাল","সূরা হুজরাত ১–১০ ও প্রথম দুই খলিফা (শ্রোতা ০৪, আব্বুর মুখে)","كاد الخيران [2] ; لا ترفعوا أصواتكم [6] ; لا تقدموا بين يدي الله [0] — [n]=hit count via verify_sunni.py corpus","CANONICAL_SOURCE_FOUND","SUNNI: Sahih al-Bukhari, Kitab al-Tafsir (Surat al-Hujurat) & Kitab al-I'tisam; Jami' al-Tirmidhi, Tafsir ‖ SHIA: not checked","SUNNI: al-Bukhari; al-Tirmidhi","—","Bukhari 4845 (also 7302); Tirmidhi 3266","Bukhari 4845; Bukhari 7302; Tirmidhi 3266","كاد الخيران أن يهلكا أبا بكر وعمر رفعا أصواتهما عند النبي","digital primary","fawazahmed0/hadith-api Arabic ed. (GitHub), sunnah.com numbering; Muslim = Abd al-Baqi; print edition EDITION NOT LOCKED","PARTIAL: VERIFIED-LIVE that the 49:2 raised-voices narration naming Abu Bakr and Umar exists (search «كاد الخيران» → bukhari 4845, 7302; «لا ترفعوا أصواتكم» → bukhari 4845, 7302, muslim 119, tirmidhi 3266); IDENTITY WITH THE ORAL EXEGESIS UNCONFIRMED (docx not available)","FLAG-FOR-AUTHOR-DECISION","[Scope: UNID; ledger ¶6396; manuscript page PAGE-CHECK (docx not available)] Tool quote: bukhari 4845 «عن ابن أبي مليكة، قال كاد الخيران أن يهلكا أبا بكر وعمر رضى الله عنهما رفعا أصواتهما عند النبي صلى الله عليه وسلم حين قدم عليه ركب بني تميم… فأنزل الله {يا أيها الذين آمنوا لا ترفعوا أصواتكم} الآية». This covers only the 49:2 episode; the father's exegesis of 49:1–10 as a whole remains oral attribution. If the author confirms the passage refers to this episode → ADD-SOURCE Bukhari 4845."
"REF-175","7","১০  রোজ নামাজে কেন সরল পথ চাই","«সূর্য, চাঁদ, শুক্রতারা, দুই তারকা»","اقتدوا بالشمس [0] ; الفرقدين [0] ; الزهرة [0] ; الشمس والقمر والزهرة [0] — [n]=hit count via verify_sunni.py corpus","PLAUSIBLE_SOURCE_ONLY","SUNNI: location not known ‖ SHIA: al-Saduq, Ma'ani al-Akhbar (report «اقتدوا بالشمس… بالقمر… بالزهرة… بالفرقدين» = Prophet, Ali, Fatima, Hasan & Husayn) — candidate","SHIA: al-Shaykh al-Saduq","location not known","PAGE-CHECK","—","اقتدوا بالشمس فإذا غابت الشمس فاقتدوا بالقمر… بالزهرة… بالفرقدين (candidate wording, from memory — not verified)","none (candidate work named from research knowledge; not consulted here)","EDITION NOT LOCKED","NOT VERIFIED (knowledge-based CANDIDATE; Shia & non-six-book works cannot be checked in this environment)","KEEP-ATTRIBUTION-ONLY «বর্ণিত আছে»","[Scope: UNID; ledger ¶6739; manuscript page PAGE-CHECK (docx not available)] Six-book: «اقتدوا بالشمس», «الفرقدين», «الزهرة», «الشمس والقمر والزهرة»: 0 hits. Candidate identification from memory; not verified."
"REF-196","8","০৯  “আমি কি এমন কারও ইবাদত করব, যাঁকে দেখিনি?”","«সাত আসমানের আড়ালে লুক্কায়িত» বলে শপথকারীকে তিরস্কার","احتجب بسبع [0] ; احتجب [23] ; والذي احتجب [0] ; لا يحجبه [1] — [n]=hit count via verify_sunni.py corpus","PLAUSIBLE_SOURCE_ONLY","SUNNI: none ‖ SHIA: al-Saduq, al-Tawhid (bab on negating place of God; Amir al-Mu'minin rebukes a man swearing «لا والذي احتجب بسبع») — candidate","SHIA: al-Shaykh al-Saduq","location not known","PAGE-CHECK","—","لا والذي احتجب بسبع (candidate wording, from memory — not verified)","none (candidate work named from research knowledge; not consulted here)","EDITION NOT LOCKED","NOT VERIFIED (knowledge-based CANDIDATE; Shia & non-six-book works cannot be checked in this environment)","KEEP-ATTRIBUTION-ONLY «বর্ণিত আছে»","[Scope: UNID; ledger ¶7421; manuscript page PAGE-CHECK (docx not available)] Six-book: «احتجب بسبع», «والذي احتجب»: 0 hits; «احتجب» 23 hits all «احتجبي منه يا سودة» (unrelated); «لا يحجبه» → Ibn Majah 594 (unrelated)."
"REF-199","8","১০  রাসূলুল্লাহ ﷺ-এর বিছানায় ইমাম আলী (আলাইহিস্ সালাম)","কুরাইশদের ভুলের কারণ «একই নূর» — খাতায় বিহারুল আনওয়ার ৫ম খণ্ড","نور واحد [0] ; من نور واحد [0] ; نام علي على فراش [0] ; فراش النبي [2] ; شرى علي نفسه [0] ; نام مكانه [0] — [n]=hit count via verify_sunni.py corpus","NO_SOURCE_LOCATED","SUNNI: none ‖ SHIA: notebook cites Bihar al-Anwar vol. 5 — not confirmed (vol. 5 subject matter makes this doubtful; may be a different volume)","SHIA: al-Majlisi (as cited by notebook)","notebook: vol. 5 — NOT confirmed","PAGE-CHECK","—","(not available)","none","EDITION NOT LOCKED","NOT FOUND in six books (≠ does not exist); SOURCE-MISSING","FLAG-FOR-AUTHOR-DECISION","[Scope: UNID; ledger ¶7478; manuscript page PAGE-CHECK (docx not available)] Six-book: «نور واحد», «من نور واحد», «نام علي على فراش», «شرى علي نفسه», «نام مكانه»: 0 hits; «فراش النبي» → Abu Dawud 5044, Tirmidhi 1761 (unrelated). Do not print «Bihar vol. 5» until the volume is checked; author decides whether to keep the kitab name."
"REF-202","8","১১  স্বপ্নে রাসূলুল্লাহ ﷺ-কে দেখলে কী হয়?","(সম্প্রসারিত) «এক হাজার খাযরাজি» — উপ-দাবি (আবদুল্লাহ ইবনে উবাইয়ের জামা প্রসঙ্গ)","ألف من الخزرج [0] ; من الخزرج [4] — [n]=hit count via verify_sunni.py corpus","PLAUSIBLE_SOURCE_ONLY","SUNNI: tafsir reports on 9:84 that about a thousand Khazrajis accepted Islam after the shirt episode — candidates: al-Zamakhshari, al-Kashshaf; al-Baghawi, Ma'alim al-Tanzil ‖ SHIA: location not known","SUNNI: al-Zamakhshari; al-Baghawi","location not known","PAGE-CHECK","—","أسلم ألف من الخزرج (candidate wording, from memory — not verified)","none (candidate work named from research knowledge; not consulted here)","EDITION NOT LOCKED","NOT VERIFIED (knowledge-based CANDIDATE; Shia & non-six-book works cannot be checked in this environment)","KEEP-ATTRIBUTION-ONLY «বর্ণিত আছে»","[Scope: EXTENDED (sub-claim of VL row); ledger ¶7523; manuscript page PAGE-CHECK (docx not available)] Extended sweep: unsourced sub-claim inside a VL row (shirt/funeral = Bukhari 1350, already VL). Six-book: «ألف من الخزرج»: 0 hits; «من الخزرج» hits (Bukhari 2661/4141/4750; Tirmidhi 3180) are the Ifk episode — unrelated."
"REF-209","9","০১  হেদায়াত দেখতে কেমন?","«আমাকে ভালোবাসো, তার আগে আমার রাসূলকে… ওলিকে»","أحبوا الله لما [1] ; أحبوني لحب الله [0] ; أحبوا وليي [0] ; وأحبوني بحب الله [1] — [n]=hit count via verify_sunni.py corpus","PLAUSIBLE_SOURCE_ONLY","SUNNI: nearest six-book text Jami' al-Tirmidhi (Manaqib Ahl al-Bayt) — DIFFERENT wording ‖ SHIA: not identified","SUNNI: al-Tirmidhi (nearest only)","—","nearest: Tirmidhi 3789 (NOT the manuscript wording)","(nearest) Tirmidhi 3789","أحبوا الله لما يغذوكم من نعمه وأحبوني بحب الله وأحبوا أهل بيتي لحبي (nearest; manuscript has «ولي» not «أهل بيتي»)","digital primary (nearest six-book text only; manuscript wording not found)","fawazahmed0/hadith-api Arabic ed. (GitHub), sunnah.com numbering; Muslim = Abd al-Baqi; print edition EDITION NOT LOCKED","Manuscript wording NOT FOUND in six books («أحبوا وليي», «أحبوني لحب الله»: 0 hits). Nearest text present in six-book corpus (tool hit, NOT the claim): tirmidhi 3789 (grades shown: Shakir Daif; Albani Daif; Bashar Awad Hasan)","FLAG-FOR-AUTHOR-DECISION","[Scope: UNID; ledger ¶7735; manuscript page PAGE-CHECK (docx not available)] Tool quote: tirmidhi 3789 «أحبوا الله لما يغذوكم من نعمه وأحبوني بحب الله وأحبوا أهل بيتي لحبي» — structurally similar (three-tier love chain) but speaker/terms differ. Must not be silently substituted; if used, it carries its weak grading and must not be rendered as flat «রাসূল ﷺ বলেছেন» in the manuscript's form."
"REF-215","9","০৩  জন্মদিনের কেক কি বিদআত?","অতীত যুগের এক ব্যক্তি হালাল ও হারাম উভয় উপায়ে দুনিয়া চেয়ে ব্যর্থ — (বিদআত অধ্যায়ের কাহিনী)","طلب الدنيا من حلال [0] ; ابتدع دينا [0] ; تبتدع دينا [0] — [n]=hit count via verify_sunni.py corpus","PLAUSIBLE_SOURCE_ONLY","SUNNI: none ‖ SHIA: report of Imam al-Sadiq «كان رجل في الزمن الأول طلب الدنيا من حلال فلم يقدر عليها…» (Satan advises him to invent a religion; ends with him chaining his neck) — candidates: al-Saduq, 'Iqab al-A'mal (with Thawab al-A'mal); al-Barqi, al-Mahasin; reproduced in Bihar al-Anwar (Kitab al-'Ilm, bab al-bida')","SHIA: al-Shaykh al-Saduq; Ahmad b. Muhammad al-Barqi; al-Majlisi","location not known","PAGE-CHECK","—","كان رجل في الزمن الأول طلب الدنيا من حلال فلم يقدر عليها وطلبها من حرام فلم يقدر عليها (candidate wording, from memory — not verified)","none (candidate work named from research knowledge; not consulted here)","EDITION NOT LOCKED","NOT VERIFIED (knowledge-based CANDIDATE; Shia & non-six-book works cannot be checked in this environment)","KEEP-ATTRIBUTION-ONLY «বর্ণিত আছে»","[Scope: UNID; ledger ¶7917; manuscript page PAGE-CHECK (docx not available)] Six-book: «طلب الدنيا من حلال», «ابتدع دينا», «تبتدع دينا»: 0 hits. Probably the SAME narration as REF-219 (the chain-wearing man = its ending) — author to confirm; ledger log B3 says not in al-Kafi, consistent with the candidate sources above."
"REF-219","9","০৩  জন্মদিনের কেক কি বিদআত?","শিকল-পরা লোকের ঘটনা (আল-কাফিতে পাওয়া যায়নি, লগ B3)","سلسلة [11] ; في عنقه سلسلة [0] ; جعل في عنقه [1] — [n]=hit count via verify_sunni.py corpus","PLAUSIBLE_SOURCE_ONLY","SUNNI: none ‖ SHIA: same candidate as REF-215 — al-Saduq, 'Iqab al-A'mal; al-Barqi, al-Mahasin; Bihar al-Anwar (bab al-bida')","SHIA: al-Shaykh al-Saduq; al-Barqi; al-Majlisi","location not known","PAGE-CHECK","—","فعمد إلى سلسلة فوتد لها وتدا ثم جعلها في عنقه (candidate wording, from memory — not verified)","none (candidate work named from research knowledge; not consulted here)","EDITION NOT LOCKED","NOT VERIFIED (knowledge-based CANDIDATE; Shia & non-six-book works cannot be checked in this environment)","KEEP-ATTRIBUTION-ONLY «বর্ণিত আছে»","[Scope: UNID; ledger ¶8010; manuscript page PAGE-CHECK (docx not available)] Six-book: «في عنقه سلسلة»: 0; «سلسلة» 11 hits unrelated (cup repair, angels' wings); «جعل في عنقه» → Nasa'i 5139 (unrelated). Linked to REF-215 as one narrative (candidate)."
"REF-228","9","০৫  এক গ্রামের দুই আলেম","«রাসূলুল্লাহ ﷺ জাবিরকে বলেছিলেন… জ্ঞান-দ্বার»","مدينة العلم [0] ; دار الحكمة [1] ; يا جابر [30] ; باب العلم [0] ; أنا مدينة [0] — [n]=hit count via verify_sunni.py corpus","PLAUSIBLE_SOURCE_ONLY","SUNNI: al-Hakim, al-Mustadrak, Kitab Ma'rifat al-Sahaba («أنا مدينة العلم وعلي بابها», incl. a Jabir route) — candidate; nearest six-book: Tirmidhi 3723 (Ali narrator, «دار الحكمة») ‖ SHIA: Amali family — location not known","SUNNI: al-Hakim al-Naysaburi; al-Tirmidhi (nearest)","SUNNI: Mustadrak vol. 3 (page not locked)","PAGE-CHECK","nearest six-book: Tirmidhi 3723","أنا مدينة العلم وعلي بابها / أنا دار الحكمة وعلي بابها","digital primary (nearest six-book text Tirmidhi 3723 only); candidate al-Mustadrak not consulted","EDITION NOT LOCKED","NOT VERIFIED (knowledge-based CANDIDATE; Shia & non-six-book works cannot be checked in this environment); nearest six-book text Tirmidhi 3723 present in corpus (tool hit, NOT the claim; grades shown: Shakir Daif; Albani Daif; al-Tirmidhi: «غريب منكر»)","KEEP-ATTRIBUTION-ONLY «বর্ণিত আছে»","[Scope: UNID; ledger ¶8207; manuscript page PAGE-CHECK (docx not available)] Six-book: «مدينة العلم», «أنا مدينة», «باب العلم»: 0 hits; «دار الحكمة» → tirmidhi 3723 «أنا دار الحكمة وعلي بابها. هذا حديث غريب منكر» — different wording and narrator (Ali, not Jabir). Register HAD-MADINAT-ILM."
"REF-239","9","০৬  কুরআনে খলিফা কাকে বলা হয়েছে?","«চতুর্থ খলিফা» উক্তি","الخليفة الرابع [0] ; يربع بعلي [0] ; خلافة النبوة ثلاثون [2] ; الخلافة ثلاثون [0] ; الرابع [109] — [n]=hit count via verify_sunni.py corpus","NO_SOURCE_LOCATED","not identified (wording not available)","—","location not known","PAGE-CHECK","—","(not available)","none","EDITION NOT LOCKED","NOT FOUND in six books (≠ does not exist); SOURCE-MISSING","KEEP-ATTRIBUTION-ONLY «বর্ণিত আছে»","[Scope: UNID; ledger ¶8352; manuscript page PAGE-CHECK (docx not available)] Six-book: «الخليفة الرابع», «يربع بعلي»: 0 hits; «الرابع» 109 generic hits. Related only: Abu Dawud 4646/4647 «خلافة النبوة ثلاثون سنة» (Safina) — does not contain «fourth caliph» wording."
"REF-244","9","০৮  সূরা দুখানের বরকতময় রাত কোনটি?","«আমি, আলী, ফাতিমা, হাসান, হুসাইন আরশের কাছে ছিলাম… আদমের এক হাজার বছর আগে»","قبل أن يخلق آدم [0] ; بألف عام [0] ; حول العرش [1] ; نورا بين يدي [0] ; قبل أن يخلق [16] — [n]=hit count via verify_sunni.py corpus","PLAUSIBLE_SOURCE_ONLY","SUNNI: Ahmad b. Hanbal, Fada'il al-Sahaba («كنت أنا وعلي نورا بين يدي الله… قبل أن يخلق آدم بأربعة عشر ألف عام» — two persons, 14,000 years) — family candidate ‖ SHIA: al-Saduq ('Ilal al-Shara'i' / Ma'ani al-Akhbar) and Bihar al-Anwar (nur reports) — family candidate","SUNNI: Ahmad b. Hanbal ‖ SHIA: al-Saduq; al-Majlisi","location not known","PAGE-CHECK","—","كنت أنا وعلي وفاطمة والحسن والحسين … قبل آدم بألف عام (manuscript form; not located verbatim)","none (candidate work named from research knowledge; not consulted here)","EDITION NOT LOCKED","NOT VERIFIED (knowledge-based CANDIDATE; Shia & non-six-book works cannot be checked in this environment)","KEEP-ATTRIBUTION-ONLY «বর্ণিত আছে»","[Scope: UNID; ledger ¶8559; manuscript page PAGE-CHECK (docx not available)] Six-book: «قبل أن يخلق آدم», «بألف عام», «نورا بين يدي»: 0 relevant hits («قبل أن يخلقني» hits = Adam–Musa debate). Known variants differ in persons (2 vs 5) and span (1,000 / 2,000 / 14,000 years) — do NOT silently reconcile. Register HAD-NUR-AWWAL."
"REF-248","9","০৯  ফুঁ দিয়ে কি আল্লাহর আলো নেভানো যায়?","ফেরেশতাদের ইবলিসকে ঘিরে ফেলা ও সমুদ্রে নিক্ষেপ","إبليس في البحر [0] ; عرش إبليس [3] ; ألقوه في البحر [0] ; إبليس [21] — [n]=hit count via verify_sunni.py corpus","NO_SOURCE_LOCATED","not identified","—","location not known","PAGE-CHECK","—","(not available)","none","EDITION NOT LOCKED","NOT FOUND in six books (≠ does not exist); SOURCE-MISSING","KEEP-ATTRIBUTION-ONLY «বর্ণিত আছে»","[Scope: UNID; ledger ¶8677; manuscript page PAGE-CHECK (docx not available)] Six-book: «إبليس في البحر», «ألقوه في البحر»: 0 hits. Related only: Muslim 2813 / 2925, Tirmidhi 2247 «عرش إبليس على البحر» (Iblis's throne on the sea) — a different report, not this event."
"REF-265","10","০১  নামাজে আল্লাহর সঙ্গে কথা বলা","«কুরআন পড়ো, আল্লাহ কথা বলবেন; দোয়া করো, তুমি কথা বলবে»","أن يحدث ربه [0] ; فليقرأ القرآن [0] ; يحدثك الله [0] ; يناجي ربه [7] ; إذا أحب أحدكم أن يحدث [0] — [n]=hit count via verify_sunni.py corpus","SECONDARY_SOURCE_ONLY","SUNNI: «إذا أحب أحدكم أن يحدث ربه فليقرأ القرآن» known to me only via later compilation Kanz al-'Ummal (citing al-Khatib / al-Daylami) — and its direction differs ‖ SHIA: not identified","SUNNI: al-Muttaqi al-Hindi (later compilation)","location not known","PAGE-CHECK","—","إذا أحب أحدكم أن يحدث ربه فليقرأ القرآن (nearest known; NOT the manuscript wording)","none (only later compilations / popular usage known; not consulted here)","EDITION NOT LOCKED","NOT VERIFIED (knowledge-based CANDIDATE; Shia & non-six-book works cannot be checked in this environment)","KEEP-«বলা হয়»","[Scope: UNID; ledger ¶9050; manuscript page PAGE-CHECK (docx not available)] Six-book: «أن يحدث ربه», «فليقرأ القرآن», «يحدثك الله», «إذا أحب أحدكم أن يحدث»: 0 hits. Related only: Bukhari 405/413/531 «إذا قام في صلاته فإنه يناجي ربه» (praying = intimate converse) — different statement. Recommend «বলা হয়» unless a primary source is produced."
"REF-266","10","০১  নামাজে আল্লাহর সঙ্গে কথা বলা","«নামাজ মুমিনের মেরাজ»","معراج المؤمن [0] ; الصلاة معراج [0] ; معراج [1] — [n]=hit count via verify_sunni.py corpus","SECONDARY_SOURCE_ONLY","no hadith-collection source known (Sunni or Shia); circulates in later devotional / irfani literature","—","location not known","PAGE-CHECK","—","الصلاة معراج المؤمن","none (only later compilations / popular usage known; not consulted here)","EDITION NOT LOCKED","NOT FOUND in six books (≠ does not exist); SOURCE-MISSING","KEEP-«বলা হয়»","[Scope: UNID; ledger ¶9051; manuscript page PAGE-CHECK (docx not available)] Six-book: «معراج المؤمن», «الصلاة معراج»: 0 hits; «معراج» → Tirmidhi 3157 (Night Journey, unrelated). Manuscript already uses «বলা হয়» — keep; never present as hadith."
"REF-272","10","০২  নয় মাস ধরে মেয়ের দরজায় রাসূলুল্লাহ ﷺ","আলী (আ.)-এর বাজার-পরিদর্শন; «নামাজ যেদিকে, আমি সেদিকে»","الصلاة حيث [0] ; في السوق [34] ; يا معشر التجار [8] — [n]=hit count via verify_sunni.py corpus","PLAUSIBLE_SOURCE_ONLY","SUNNI: Kanz al-'Ummal (later compilation) for the market patrol — location not known ‖ SHIA: al-Kafi, Kitab al-Ma'isha, bab adab al-tijara (Ali patrolling the Kufa market) — candidate; Bihar al-Anwar vol. 40 (ledger)","SUNNI: al-Muttaqi al-Hindi ‖ SHIA: al-Kulayni; al-Majlisi","SHIA: al-Kafi vol. 5 (page not locked); Bihar 40 (page not locked)","PAGE-CHECK","—","الصلاة حيث أنا (not located)","none (candidate work named from research knowledge; not consulted here)","EDITION NOT LOCKED","NOT VERIFIED (knowledge-based CANDIDATE; Shia & non-six-book works cannot be checked in this environment); «الصلاة حيث أنا» SOURCE-MISSING","KEEP-ATTRIBUTION-ONLY «বর্ণিত আছে»","[Scope: UNID; ledger ¶9160; manuscript page PAGE-CHECK (docx not available)] Six-book: «الصلاة حيث»: 0 hits; «يا معشر التجار» hits (Abu Dawud 3326; Tirmidhi 1210; Ibn Majah 2145/2146; Nasa'i 3797/3798) are the Prophet addressing merchants, not Ali's patrol. Two separate claims — the second («নামাজ যেদিকে, আমি সেদিকে») has no candidate at all."
"REF-273","10","০২  নয় মাস ধরে মেয়ের দরজায় রাসূলুল্লাহ ﷺ","নবীর ডাকে সাড়া না দেওয়া সাহাবি (বুখারি) — সালমানের দেখানোর অংশ «উৎস পাওয়া যায়নি»","ابن المعلى [1] ; استجيبوا لله وللرسول [7] — [n]=hit count via verify_sunni.py corpus","NO_SOURCE_LOCATED","Salman part: not identified ‖ (first part: Sahih al-Bukhari 4474 — already VL)","Salman part: — ‖ first part: al-Bukhari","—","first part: Bukhari 4474 (also 4647, 4703, 5006; Abu Dawud 1458; Tirmidhi 2875)","Bukhari 4474 (first part only)","(Salman part: not available)","digital primary (context part only); none for the unsourced component","EDITION NOT LOCKED","Salman part: NOT FOUND in six books (≠ does not exist); SOURCE-MISSING; first part (outside this classification; ledger triage VL): tool hits (show bukhari 4474; search «استجيبوا لله وللرسول» → bukhari 4474, 4647, 4703, 5006; abudawud 1458; tirmidhi 2875)","KEEP-ATTRIBUTION-ONLY «বর্ণিত আছে»","[Scope: «উৎস পাওয়া যায়নি» (CSV Triage=VL); ledger ¶9161; manuscript page PAGE-CHECK (docx not available)] Classification refers to the Salman component (the «উৎস পাওয়া যায়নি» part). Tool quote for the first part: bukhari 4474 «عن أبي سعيد بن المعلى، قال كنت أصلي في المسجد فدعاني رسول الله صلى الله عليه وسلم فلم أجبه، فقلت يا رسول الله إني كنت أصلي. فقال ألم يقل الله {استجيبوا لله وللرسول إذا دعاكم}…». Note tirmidhi 2875 is a parallel with Ubayy b. Ka'b."
"REF-292","10","০৮  নব্বই বছরের ইবাদত কেন হার মানল?","মুবাহালা — নাজরানের পাদ্রির «নব্বই বছর» উক্তি","تسعين سنة [0] ; نجران [24] ; ندع أبناءنا [4] ; تسعين [55] — [n]=hit count via verify_sunni.py corpus","NO_SOURCE_LOCATED","priest's «ninety years» remark: not identified ‖ Mubahala itself: Sahih Muslim; Jami' al-Tirmidhi; Sahih al-Bukhari (Najran delegation)","—","—","Mubahala context: Muslim 2404 (.04); Tirmidhi 2999, 3724; Bukhari 4380","(context only) Muslim 2404; Tirmidhi 2999","(priest's remark: not available)","digital primary (context part only); none for the unsourced component","EDITION NOT LOCKED","Remark: NOT FOUND in six books (≠ does not exist); SOURCE-MISSING; Mubahala context only: tool hits (search «ندع أبناءنا» → muslim 2404.04, tirmidhi 2999, 3724)","KEEP-ATTRIBUTION-ONLY «বর্ণিত আছে»","[Scope: UNID; ledger ¶9547; manuscript page PAGE-CHECK (docx not available)] Six-book: «تسعين سنة»: 0 hits; «تسعين» 55 generic hits. Tool quote (context): muslim 2404.04 «ولما نزلت هذه الآية {فقل تعالوا ندع أبناءنا وأبناءكم} دعا رسول الله صلى الله عليه وسلم عليا وفاطمة وحسنا وحسينا…»; bukhari 4380 «جاء العاقب والسيد صاحبا نجران… يريدان أن يلاعناه». None contains the «ninety years» remark."
"REF-295","10","০৮  নব্বই বছরের ইবাদত কেন হার মানল?","রাসূলুল্লাহ ﷺ ও মা সাইয়্যিদার কথোপকথন (ইবাদতের তৌফিক)","يا فاطمة [21] ; أعني على ذكرك [2] ; التوفيق [4] — [n]=hit count via verify_sunni.py corpus","NO_SOURCE_LOCATED","not identified","—","location not known","PAGE-CHECK","—","(not available)","none","EDITION NOT LOCKED","NOT FOUND in six books (≠ does not exist); SOURCE-MISSING","KEEP-ATTRIBUTION-ONLY «বর্ণিত আছে»","[Scope: UNID; ledger ¶9550; manuscript page PAGE-CHECK (docx not available)] Six-book: «يا فاطمة» 21 hits (warning to kin, «سيدة نساء المؤمنين», etc.) — none is a dialogue on tawfiq for worship. Related only: Abu Dawud 1522 / Nasa'i 1303 «اللهم أعني على ذكرك وشكرك وحسن عبادتك» — addressed to Mu'adh, NOT Fatima; must not be substituted."
"REF-321","11","১৮ মাকামে তিন ধাপেতে নফসের আত্মশুদ্ধি হয়,","«আমি বিসমিল্লাহর বা-এর নিচের বিন্দু» — আলী (আ.)-এর নামে প্রচলিত","النقطة تحت الباء [0] ; النقطة [0] ; بسم الله الرحمن الرحيم باء [0] ; تحت الباء [0] — [n]=hit count via verify_sunni.py corpus","SECONDARY_SOURCE_ONLY","SUNNI: later compilation al-Qunduzi, Yanabi' al-Mawadda (19th c.) ‖ SHIA/irfani: Rajab al-Bursi, Mashariq Anwar al-Yaqin (late) — no early chain known","al-Qunduzi; Rajab al-Bursi","location not known","PAGE-CHECK","—","أنا النقطة تحت الباء","none (only later compilations / popular usage known; not consulted here)","EDITION NOT LOCKED","NOT VERIFIED (knowledge-based CANDIDATE; Shia & non-six-book works cannot be checked in this environment); no reliable chain","KEEP-«বলা হয়»","[Scope: UNID; ledger ¶10656; manuscript page PAGE-CHECK (docx not available)] Six-book: «النقطة تحت الباء», «النقطة», «تحت الباء»: 0 hits. Keep as an irfani saying («বলা হয়» / «প্রচলিত আছে»), never as hadith (register HAD-NUQTA)."
