Register_Key,Topic,Canonical_Citation_Sunni,Canonical_Citation_Shia,Arabic_Key_Wording,Verification_Status,Grading_Note,Rows,Row_Count,Status_Conflict,Normalisation_Rule
HAD-12-KHALIFA,বারো খলিফা/আমীর (কুরাইশ),"Sahih al-Bukhari 7222 (Jabir b. Samura, «اثنا عشر أميرا»); Sahih Muslim 1821 (Abd al-Baqi no., «اثنا عشر خليفة»; related 1822)",— (none cited for this key in the ledger),«يكون اثنا عشر أميرا … كلهم من قريش» (Bukhari 7222); «لا ينقضي حتى يمضي فيهم اثنا عشر خليفة … كلهم من قريش» (Muslim 1821),VERIFIED-LIVE,"Sahihayn: no grade field in the corpus (none needed). Two distinct wordings (amir / khalifa) - do not merge. Row 240 also carries the 30-year-khilafa claim (see HAD-KHILAFA-30) and unattributed «ওসী ও খলিফা» items (CANDIDATE, Shia + late Sunni).","REF-143, REF-152, REF-240",3,YES - Status column: «PAGE-CHECK; মেলানো বাকি» (143) | «PAGE-CHECK» (152) | «PAGE-CHECK; বর্ণিত আছে» (240); in-text markers: PAGE-CHECK + মেলানো বাকি (143) | PAGE-CHECK (152) | PAGE-CHECK + বর্ণিত আছে (240),"Print one block: «সহীহ বুখারি ৭২২২» for the «বারো আমীর» wording and «সহীহ মুসলিম ১৮২১» for the «বারো খলিফা» wording, each quoted only under its own number, with plain attribution «হাদীসে এসেছে» and no added commentary."
HAD-98-5,৯৮:৫ আয়াতের তাবিল (সালাত = আমিরুল মুমিনীন; দ্বীনুল কাইয়্যিমা = ফাতিমা),— (none cited),Ta'wil al-Ayat 2:813 (ledger REF-270/192); Tafsir al-Qummi named in REF-192 text; Bihar al-Anwar vol. 24 (page not located),— (Arabic wording not given in the ledger),PAGE-CHECK,No Shia corpus reachable here. Qummi vs Ta'wil al-Ayat not reconciled. Rows 192 and 270 are the same report.,"REF-192, REF-270",2,YES - Status column: «PAGE-CHECK; বর্ণিত আছে» (192) | «PAGE-CHECK» (270); in-text markers: PAGE-CHECK + বর্ণিত আছে (192) | PAGE-CHECK (270),"Print one attribution - «ইমাম আল-বাকির (আ.) থেকে বর্ণিত; তাবিলুল আয়াত ২:৮১৩ (সংস্করণ ⟦lock⟧)» - identically in both places, with «বর্ণিত আছে» wording and no Sunni attribution."
HAD-AHABB-FATIMA,"ফাতিমা/আলী সবচেয়ে প্রিয় (আয়েশা, বুরাইদা, উসামা; কুফার মিম্বর)","Jami' al-Tirmidhi 3874 (Jumay' b. Umayr), 3868 (Buraydah), 3819 (Usama); for the Abu Hurayra / Kufa-minbar item: al-Hakim, Mustadrak 3:155 (h. 4735) and al-Tabarani, al-Awsat 7675 (CANDIDATE, not in six books)",—,Tirmidhi 3874/3868: «أحب النساء إلى رسول الله ﷺ فاطمة ومن الرجال علي»; Abu Hurayra: «فاطمة أحب إلي منك وأنت أعز علي منها» (Hakim 3:155),VERIFIED-LIVE (Tirmidhi 3874/3868/3819 numbers); Hakim/Tabarani CANDIDATE,"Tirmidhi 3874 and 3868: MUNKAR (Albani, Shakir); 3819: da'if (Albani) / isnad hasan (Zubair). A munkar/da'if report may never be rendered as flat «রাসূল ﷺ বলেছেন». Row 161 notebook name «Ibn Abi Nujayh» is probably a garbled rawi name. [dataset grades: Tirmidhi 3874: Shakir=Munkar; Albani=Munkar; Zubair Ali Zai=Daif | Tirmidhi 3868: Shakir=Munkar; Albani=Munkar; Zubair Ali Zai=Daif | Tirmidhi 3819: Shakir=Daif; Albani=Daif; Bashar=Daif; Zubair Ali Zai=Isnaad Hasan]","REF-073, REF-161",2,YES - Status column: «PAGE-CHECK; বর্ণিত আছে» (073) | «PAGE-CHECK» (161); in-text markers: PAGE-CHECK + বর্ণিত আছে (073) | PAGE-CHECK (161),"Print Tirmidhi 3874, 3868 and 3819 each with its grade in the source block (e.g. «জামে তিরমিযি ৩৮৭৪ - আলবানী: মুনকার»), and word the text «বর্ণিত আছে»; cite the Hakim/Tabarani item separately with its own number once locked."
HAD-ANA-MUNDHIR,"১৩:৭ - «আমি সতর্ককারী, আলী পথপ্রদর্শক»","al-Tabari, Jami' al-Bayan 13:72 (Ibn Abbas); al-Hakim al-Haskani, Shawahid al-Tanzil 1:381-395; Ibn Asakir, Tarikh Dimashq 42:359; Ibn Mardawayh (all via ledger candidate; not live-checked)",—,«أنا المنذر وعلي الهادي»,CANDIDATE,Sunni works outside the six books - not live-verifiable here. REF-180 notes three views on 13:7 (God / every prophet / Ali) in al-Tabari 13:72.,"REF-179, REF-180",2,NO - all rows «PAGE-CHECK» (in-text: PAGE-CHECK),"Print one citation - al-Tabari, Jami' al-Bayan on 13:7, edition ⟦lock⟧ vol/page - and word the report «ইবনে আব্বাস থেকে বর্ণিত»; list Shawahid al-Tanzil only as a second named source after its volume/page is locked."
HAD-ARROW-SALAT,আলী (আ.)-এর নামাজে তীর বের করা,—,"Bihar al-Anwar 41:17 (Manaqib Ali); Ibn Shahrashub, Manaqib 2:124 (ledger candidate)",— (no wording in ledger),CANDIDATE,"Ledger: widely told, weak chain. Prose row 058 uses «বর্ণিত আছে».","REF-058, REF-060",2,NO - all rows «বর্ণিত আছে» (in-text: বর্ণিত আছে),"Keep attribution-only wording «বর্ণিত আছে» in prose and print one source line - Bihar al-Anwar 41:17, edition ⟦lock⟧ - with no hadith-grade language."
HAD-BAB-FATIMA-SALAT,"ফজরে ফাতিমা (আ.)-এর দরজায় «আস-সালাত, ইয়া আহলাল বাইত» + ৩৩:৩৩","Jami' al-Tirmidhi 3206 (Anas, six months); Ibn Abbas nine months: Shawahid al-Tanzil 2:11-14; Abu al-Hamra: al-Tabarani, al-Kabir 22:200 (CANDIDATE)",—,«كان يمر بباب فاطمة ستة أشهر … الصلاة يا أهل البيت إنما يريد الله ليذهب عنكم الرجس»,VERIFIED-LIVE (Tirmidhi 3206); Shawahid/Tabarani CANDIDATE,Tirmidhi 3206: DA'IF (Albani/Shakir/Zubair - per dataset grades). Six months (Anas) vs eight/nine months (other reports) are different recensions. [dataset grades: Tirmidhi 3206: Shakir=Daif; Albani=Daif; Zubair Ali Zai=Daif],"REF-144, REF-187, REF-189, REF-269, REF-274",5,"YES - Status column: «PAGE-CHECK» (144, 187, 189, 274) | «বর্ণিত আছে» (269); in-text markers: CONFIRMED + PAGE-CHECK (144) | PAGE-CHECK (187, 189, 274) | বর্ণিত আছে (269)","Print «জামে তিরমিযি ৩২০৬ (আনাস; ছয় মাস) - দাঈফ» as the single canonical citation and word the scene «বর্ণিত আছে»; the nine-month report is cited separately under Shawahid al-Tanzil, never merged."
HAD-BASRA-SALAT,"ইমরান ইবনে হুসাইন: আলীর পেছনে নামাজ - বসরা, কুফা নয়","Sahih al-Bukhari 784 (Imran b. Husayn, «صلى مع علي بالبصرة»); 786 (Mutarrif: prayed behind Ali with Imran)",—,«صلى مع علي رضي الله عنه بالبصرة فقال ذكرنا هذا الرجل صلاة كنا نصليها مع رسول الله ﷺ» (Bukhari 784),VERIFIED-LIVE (Bukhari 784 = Basra); Kufa claim NOT VERIFIED,Correction to audit md: in this corpus only Bukhari 784 contains «بالبصرة»; Bukhari 786 (Mutarrif) has the prayer behind Ali but no place name in its text. «Mishkat / Tajrid al-Bukhari» are secondary and must not be cited.,"REF-276, REF-279",2,YES - Status column: «বর্ণিত আছে» (276) | «PAGE-CHECK; বর্ণিত আছে» (279); in-text markers: বর্ণিত আছে (276) | PAGE-CHECK + বর্ণিত আছে (279),"Print «সহীহ বুখারি ৭৮৪» alone for the Imran b. Husayn report and write «বসরায়» (not «কুফার মসজিদে»); if the Kufa scene is kept, mark it «বর্ণিত আছে» with no kitab name."
HAD-BIDAA-KAFI,"আল-কাফি: বিদআত, নিজস্ব মত ও কিয়াস অধ্যায়",—,"al-Kafi 1:54-58 (bab al-bida' wal-ra'y wal-maqayis): h. 3, 4, 5, 8 (REF-217); h. 6 = Nahj al-Balagha khutba 17 (REF-226/231)",— (wording not given in the ledger; h. 6 «رجلان … أبغض الخلائق»),PAGE-CHECK,"Ledger says hadith numbers were matched in an earlier pass (log B3/B5 of the author's notebook) - that log is not in this repo, so numbers are unverified here. REF-219 (man in chains) was NOT found in al-Kafi per that log.","REF-217, REF-226, REF-231",3,NO - all rows «PAGE-CHECK» (in-text: PAGE-CHECK),"Print one block «আল-কাফি ১:৫৪-৫৮ (সংস্করণ ⟦lock⟧), বাব: বিদআত, নিজস্ব মত ও কিয়াস, হা. ৩, ৪, ৫, ৮» and cite h. 6 once, as «আল-কাফি ১:৫৪ হা. ৬ = নাহজুল বালাগা খুতবা ১৭»; remove the phrase «আগের পাসে মেলানো (লগ B3/B5)» from reader-facing text."
HAD-BIDAA-MINNI,«ফাতিমা আমার অংশ; যে তাকে রাগান্বিত করে সে আমাকে রাগান্বিত করে»,"Sahih al-Bukhari 3714 (Miswar b. Makhrama, only «فاطمة بضعة مني فمن أغضبها أغضبني»); for «يريبني ما أرابها ويؤذيني ما آذاها»: Sahih Muslim 2449 / Sahih al-Bukhari 5230",—,«فاطمة بضعة مني، فمن أغضبها أغضبني» (Bukhari 3714); «يريبني ما رابها ويؤذيني ما آذاها» (Muslim 2449; Bukhari 5230 «يريبني ما أرابها ويؤذيني ما آذاها»),VERIFIED-LIVE,"Sahihayn - no grade needed. Clauses «যার প্রতি সে সন্তুষ্ট…», «আমার অন্তরের ধন», «أنت أعز/ذخر» are NOT in 3714 - attribution-only. Bukhari 3767 (not cited in ledger) carries the same «بضعة مني» sentence.","REF-072, REF-076, REF-142, REF-153, REF-250",5,"YES - Status column: «বর্ণিত আছে» (072, 076) | «PAGE-CHECK» (142, 153, 250); in-text markers: CONFIRMED + বর্ণিত আছে (072, 076) | CONFIRMED + PAGE-CHECK (142) | PAGE-CHECK (153, 250)",Print «সহীহ বুখারি ৩৭১৪» once for «ফাতিমা আমার অংশ; যে তাকে রাগান্বিত করে…» and a separate «সহীহ মুসলিম ২৪৪৯» for «যা তাকে কষ্ট দেয় তা আমাকে কষ্ট দেয়»; any extra clause stays «বর্ণিত আছে» without a kitab name.
HAD-BIHAR43-AGE,ফাতিমা (আ.)-এর বয়স ও ওফাত-পরবর্তী সময়কাল (৪০ দিন-৮ মাস; ১৮-২৮ বছর),—,"Bihar al-Anwar 43:6-9 (age), 43:212-215 (duration after the Prophet) - ledger candidate",—,PAGE-CHECK,"Rows 130/135 identical. Bukhari 4240 gives six months («عاشت بعد النبي ﷺ ستة أشهر») - a different, Sunni figure; do not merge.","REF-130, REF-135",2,NO - all rows «PAGE-CHECK» (in-text: PAGE-CHECK),"Print one line «বিহারুল আনওয়ার ৪৩:৬-৯ (বয়স), ৪৩:২১২-২১৫ (সময়কাল), সংস্করণ ⟦lock⟧» and word the ranges «বিভিন্ন বর্ণনায়»; the six-month figure is cited separately to Bukhari 4240."
HAD-BUKHARI-4240,"বুখারি ৪২৪০: ফাতিমা-আবু বকর (মিরাস, হিজরান, রাতে দাফন)",Sahih al-Bukhari 4240-4241 (Aisha). Related Abu Dawud 2968/2972 are listed under HAD-ABUDAWUD-FADAK,Concealment-of-grave wasiyya: Bihar al-Anwar 43:183 ff (ledger candidate; REF-131),«فوجدت فاطمة على أبي بكر فهجرته فلم تكلمه حتى توفيت … فلما توفيت دفنها زوجها علي ليلا ولم يؤذن بها أبا بكر وصلى عليها» (Bukhari 4240),VERIFIED-LIVE (Bukhari 4240-4241); concealment wasiyya Shia PAGE-CHECK,Night burial + not informing Abu Bakr ARE in 4240 (audit v1.1 BUG-17). Only the wasiyya to conceal the grave is absent from 4240. Singular «فهجرته» (4240) - note Bukhari 6726 reads «فهجرته فاطمة»; do not alter. Rows 079/126/131.,"REF-079, REF-126, REF-131",3,"YES - Status column: «VERIFIED (numbers); GRADING CORRECTED» (079) | «PAGE-CHECK» (126) | «PAGE-CHECK; বর্ণিত আছে» (131); in-text markers: CONFIRMED + PAGE-CHECK (079, 126) | CONFIRMED + PAGE-CHECK + বর্ণিত আছে (131)","Print «সহীহ বুখারি ৪২৪০ (আয়েশা)» for the Arabic text, the night burial and the non-notification of Abu Bakr, and attribute the grave-concealment wasiyya separately to «বিহারুল আনওয়ার ৪৩:১৮৩ প্রভৃতি» as «বর্ণিত আছে»."
HAD-DIRHAM-YATIM,«এতিমের এক দিরহাম… আমরাই সেই এতিম» (৫৭:১১),—,al-Kafi 1:537-538 (bab silat al-imam) - ledger candidate,«درهم … أعظم من أحد» (ledger candidate),PAGE-CHECK,Rows 169/170 are the same chapter of al-Kafi.,"REF-169, REF-170",2,YES - Status column: «PAGE-CHECK; বর্ণিত আছে» (169) | «PAGE-CHECK» (170); in-text markers: PAGE-CHECK + বর্ণিত আছে (169) | PAGE-CHECK (170),"Print «আল-কাফি ১:৫৩৭-৫৩৮ (বাব সিলাতিল ইমাম), সংস্করণ ⟦lock⟧» once with the Imam named as in the ledger (Reza / Kazim / Sadiq as the locked hadith states) and «বর্ণিত আছে»."
HAD-FADAK-1726,১৭:২৬ - ফাদাক ফাতিমাকে দান,"al-Suyuti, al-Durr al-Manthur 4:177 (Egypt ed.) from al-Bazzar, Abu Ya'la, Ibn Abi Hatim, Ibn Mardawayh (Abu Sa'id al-Khudri); Atiyya al-Awfi chain (REF-138)","al-Kafi 1:543 h. 5 (bab al-fay' wal-anfal; Imam Sadiq); al-Tabrisi, Majma' al-Bayan 6:634",— (wording not given in the ledger),CANDIDATE,"Notebook names al-Tabarani, al-Mu'jam al-Kabir (REF-121) - ledger says Tabarani is not the primary carrier. Zayn al-Abidin / Syrian-man report (REF-137): source unresolved («Mi'raj al-Nubuwwa» is a Persian secondary).","REF-121, REF-136, REF-137, REF-138",4,"YES - Status column: «PAGE-CHECK» (121, 137, 138) | «PAGE-CHECK; বর্ণিত আছে» (136); in-text markers: PAGE-CHECK (121, 137, 138) | PAGE-CHECK + বর্ণিত আছে (136)","Print al-Suyuti, al-Durr al-Manthur 4:177 for the Sunni chain and al-Kafi 1:543 h. 5 for the Shia chain as two separate lines, each «বর্ণিত আছে», and drop Tabarani and Mi'raj al-Nubuwwa unless a page is found."
HAD-FADAK-KHUTBA,ফাদাকের খুতবা,"Ibn Tayfur, Balaghat al-Nisa' pp. 23-30 (ledger candidate)","al-Tabrisi, al-Ihtijaj (al-Khurasan ed.) 1:131-149; Abdullah b. al-Hasan veil detail: al-Ihtijaj 1:131",—,PAGE-CHECK,Ties to S-181 §3-D (al-Ihtijaj edition choice: pp. 90-92 vs 119-127 in S-181 checklist vs 131-149 here - three different page ranges across the repo; edition must be locked).,"REF-117, REF-118",2,YES - Status column: «PAGE-CHECK; মেলানো বাকি» (117) | «PAGE-CHECK» (118); in-text markers: PAGE-CHECK + মেলানো বাকি (117) | PAGE-CHECK (118),"Print one al-Ihtijaj citation with a single locked edition («আল-ইহতিজাজ, খণ্ড ১, সংস্করণ ⟦lock⟧, পৃ. ⟦ ⟧») and a separate Balaghat al-Nisa' line; keep both marked as the author-named recensions, never merged."
HAD-FADAK-TESTIMONY,ফাদাকে উম্মে আইমান ও আলী (আ.)-এর সাক্ষ্য; আউস ইবনুল হাদাসান আলাদা,"al-Baladhuri, Futuh al-Buldan (two recensions; Ali + Umm Ayman; Abu Bakr: two men or one man + two women) - S-181 §3-A","al-Tabrisi, al-Ihtijaj 1 (S-181 §3-D); Kitab Sulaym b. Qays (§3-C); Ibn Abi al-Hadid, Sharh Nahj al-Balagha 16:213-214, 216, 225, 273-275 (§3-E); Aus b. al-Hadathan (counter-testimony on «لا نورث»): Qurb al-Isnad h. 99/335; Bihar 22/101 h. 59 (§3-B)","«وشهد لها علي بن أبي طالب … فشهدت لها أم أيمن» / «لا تجوز إلا شهادة رجلين أو رجل وامرأتين» (Baladhuri, as quoted in the patch file)",PAGE-CHECK (S-181 research-verified; EDITION-LOCK PENDING),"S-181 report marks Baladhuri, Ihtijaj, Ibn Abi al-Hadid VERIFIED and Sulaym TEXT FOUND; none can be re-verified here (sources not in repo corpus). Aus ibn al-Hadathan is NOT Umm Ayman's witness. Sunni and Shia recensions must stay separate.","REF-078, REF-081, REF-122, REF-141",4,YES - Status column: «ATTRIBUTED; EDITION-LOCK PENDING» (078) | «VERIFIED (split 081a/081b); EDITION-LOCK PENDING» (081) | «PAGE-CHECK» (122) | «PAGE-CHECK; মেলানো বাকি» (141); in-text markers: বর্ণিত আছে (078) | PAGE-CHECK + বর্ণিত আছে (081) | PAGE-CHECK (122) | PAGE-CHECK + মেলানো বাকি (141),"Print the S-181 patch block (manuscript-patches/B1_P03_C06_FADAK_S-181_PATCH.md, section B) as the only citation, with each recension on its own line and Aus ibn al-Hadathan only under the «لا نورث» counter-testimony; strip the internal «— S-181 §…» pointers before print."
HAD-FATIMA-IBADA,ফাতিমা (আ.)-এর ইবাদত: হাসান (আ.) ও হাসান বসরীর উক্তি; ভয়ে কাঁপা,—,"Bihar al-Anwar 43:76 (from Ibn Shahrashub, Manaqib 3:341); Bihar 43:172 (from Amali al-Saduq) - ledger candidates",«ما كان في هذه الأمة أعبد من فاطمة كانت تقوم حتى تتورم قدماها»; «يا ملائكتي انظروا إلى أمتي فاطمة»,CANDIDATE,Notebook source «Fatima Zahra in the Words of the Infallibles» is a secondary English anthology - replace with the primaries.,"REF-287, REF-288, REF-290, REF-294",4,"YES - Status column: «বর্ণিত আছে» (287, 288) | «PAGE-CHECK; বর্ণিত আছে» (290) | «PAGE-CHECK» (294); in-text markers: বর্ণিত আছে (287, 288) | PAGE-CHECK + বর্ণিত আছে (290) | PAGE-CHECK (294)","Print «বিহারুল আনওয়ার ৪৩:৭৬ (মানাকিব ইবনে শাহরআশুব ৩:৩৪১ থেকে)» for the Hasan/Hasan al-Basri sayings and «বিহারুল আনওয়ার ৪৩:১৭২» for the angels report, worded «বর্ণিত আছে»; delete the English anthology title."
HAD-FATIMA-NAR,«আল্লাহ তোমাকে ও তোমার সন্তানদের আগুনে শাস্তি দেবেন না / ফাতিমা সতীত্ব রক্ষা করেছেন»,"al-Hakim, Mustadrak 3:152 (h. 4726) «أحصنت فرجها…»; al-Tabarani, al-Kabir 11:263 (h. 11685 region); Majma' al-Zawa'id 9:202; Kanz al-'Ummal (al-Risala) 12:109 (h. 34227) «فطم ابنتي فاطمة…» (Hyderabad ed. 6/219)",—,«إن الله غير معذبك ولا ولدك»; «أحصنت فرجها فحرمها الله وذريتها على النار»; «إن الله فطم ابنتي فاطمة وولدها ومن أحبهم من النار»,CANDIDATE,None of the three wordings is in the six books (corpus search 2026-10-03 for «أحصنت فرجها» / «فطم»). Kanz «6/219» is Hyderabad numbering. Hakim numbers must be locked (BUG-21).,"REF-086, REF-256, REF-259",3,YES - Status column: «PAGE-CHECK» (086) | «বর্ণিত আছে» (256) | «PAGE-CHECK; বর্ণিত আছে» (259); in-text markers: PAGE-CHECK (086) | বর্ণিত আছে (256) | PAGE-CHECK + বর্ণিত আছে (259),"Print each wording under its own source (Hakim 4726 / Tabarani al-Kabir / Kanz al-Risala 12:109) with edition named, each as «বর্ণিত আছে» and with the chain-strength note the sources carry; never a single merged quotation."
HAD-FITRA,«প্রত্যেক নবজাতক ফিতরাতের ওপর জন্মায়»,"Sahih al-Bukhari 1385 (Abu Hurayra); also 1358-1359 (ledger candidate, not text-checked)",—,«كل مولود يولد على الفطرة»,VERIFIED-LIVE,"Sahih al-Bukhari. Ledger notes the number came from the author's outline, not the printed page - edition page only if the book prints page numbers.",REF-065,1,NO - single row «PAGE-CHECK; মেলানো বাকি» (in-text: PAGE-CHECK + মেলানো বাকি),"Print «সহীহ বুখারি ১৩৮৫ (আবু হুরায়রা)» as the single citation, worded «হাদীসে এসেছে»."
HAD-GHADAB-WUDU,"রাগ ও ওজু; দাঁড়ালে বসা, বসলে শোয়া",Sunan Abu Dawud 4784 (anger from Shaytan -> wudu); 4782 (Abu Dharr: sit if standing),—,«إن الغضب من الشيطان … فإذا غضب أحدكم فليتوضأ» (4784); «إذا غضب أحدكم وهو قائم فليجلس» (4782),VERIFIED-LIVE,"Abu Dawud 4784: DA'IF (Albani, Arnaut, per dataset) - must print grade; 4782: sahih (Abu Dharr). Prose row 304 puts both under one flat «রাসূলুল্লাহ ﷺ বলেছেন». [dataset grades: Abu Dawud 4784: Albani=Daif; Muhyi=Daif; Arnaut=Daif; Zubair Ali Zai=Isnaad Hasan | Abu Dawud 4782: Albani=Sahih; Muhyi=Sahih; Zubair Ali Zai=Sahih]","REF-304, REF-305",2,YES - Status column: «বর্ণিত আছে» (304) | «PAGE-CHECK» (305); in-text markers: বর্ণিত আছে (304) | PAGE-CHECK (305),Print 4782 (sahih) and 4784 (with «আলবানী/আরনাউত: দাঈফ») as two separate numbered citations and word the prose «বর্ণিত আছে» for the wudu clause - never as flat «রাসূল ﷺ বলেছেন».
HAD-HAQQ-ALI,"«আলী হকের সাথে, হক আলীর সাথে»","al-Hakim, Mustadrak 3:124 (h. 4629) and Jami' al-Tirmidhi 3714 carry «رحم الله عليا، اللهم أدر الحق معه حيث دار»; the wording «علي مع الحق والحق مع علي»: al-Khatib, Tarikh Baghdad 14:321; Ibn Qutayba, al-Imama wal-Siyasa (CANDIDATE)",—,«رحم الله عليا اللهم أدر الحق معه حيث دار» (Tirmidhi 3714),"VERIFIED-LIVE (Tirmidhi 3714, different wording); Hakim/Khatib CANDIDATE",Tirmidhi 3714: VERY DA'IF (per audit md; dataset grades below). The ledger's «علي مع الحق» is NOT the wording Hakim/Tirmidhi carry. [dataset grades: Tirmidhi 3714: Shakir=Very Daif; Albani=Very Daif; Zubair Ali Zai=Daif],REF-280,1,NO - single row «PAGE-CHECK» (in-text: PAGE-CHECK),"Print the wording the book actually quotes under its own source - «اللهم أدر الحق معه» to Tirmidhi 3714 with its grade, or «علي مع الحق والحق مع علي» to al-Khatib 14:321 - and never attribute one wording to the other's source."
HAD-HUSAYN-MINNI,"«হুসাইন আমার অংশ, আমি হুসাইনের অংশ»",Jami' al-Tirmidhi 3775 (Ya'la b. Murra),—,«حسين مني وأنا من حسين أحب الله من أحب حسينا»,VERIFIED-LIVE,"Hasan (Albani, Shakir - per dataset). [dataset grades: Tirmidhi 3775: Shakir=Hasan; Albani=Hasan; Bashar=Hasan; Zubair Ali Zai=Hasan]",REF-010,1,NO - single row «PAGE-CHECK» (in-text: PAGE-CHECK),Print «জামে তিরমিযি ৩৭৭৫ (ইয়ালা ইবনে মুররা) - হাসান» as the single citation.
HAD-IFTAR-TAMR,"ইফতার: উমরের হাদীস, খেজুর/পানি, আনাসের দুধ","Sahih al-Bukhari 1954 (Umar; ledger's «1815» is a Bengali-edition number); suggested for dates/water: Abu Dawud 2356, Tirmidhi 696 (named in ledger note; wording not matched here); Muwatta' Malik «Bengali ed. vol. 1 p. 239 h. 694» (edition-specific)","Makarim al-Akhlaq (al-Tabrisi), Anas's milk story (REF-049 text)",«إذا أقبل الليل من هاهنا … فقد أفطر الصائم» (Bukhari 1954),VERIFIED-LIVE (Bukhari 1954 only); Malik 694 / Abu Dawud 2356 / Tirmidhi 696 / Makarim PAGE-CHECK,Bengali numbers must be mapped to standard (BUG-12). Prose row 048 («পানি কিংবা খেজুর») is unattributed until Abu Dawud/Tirmidhi are chosen and wording-checked.,"REF-048, REF-049",2,NO - all rows «বর্ণিত আছে» (in-text: বর্ণিত আছে),Print only standard numbering - «সহীহ বুখারি ১৯৫৪ (উমর)» - and drop «আধুনিক প্রকাশনী ১৮১৫»; the dates/water line gets one separately locked citation or stays «বর্ণিত আছে».
HAD-IMAM-JAHILIYYA,«ইমামকে না চিনে মরলে জাহিলিয়াতের মৃত্যু» vs বাইয়াতের হাদীস,Sahih Muslim 1851 (Ibn Umar): «من مات وليس في عنقه بيعة مات ميتة جاهلية» (allegiance wording),"al-Kafi 1:376-377 (bab man dana Allah bi-ghayr imam): «من مات وليس له إمام فميتته ميتة جاهلية»; Kamal al-Din (al-Saduq) 2:409-413 (bab 39); al-Kafi 1:183-184 h. 8 (Muhammad b. Muslim; «من أصبح من هذه الأمة لا إمام له…», REF-037)",«من مات وليس في عنقه بيعة مات ميتة جاهلية» (Muslim 1851) ≠ «من مات لا يعرف إمامه مات ميتة جاهلية» (Shia),VERIFIED-LIVE (Muslim 1851); Shia wordings PAGE-CHECK,"Different wordings, different books - audit BUG-06. Notebook cited «Muslim vol. 3 p. 1478» for the 'know his Imam' wording; that page is Muslim 1851 (bay'a wording), not the Shia wording. REF-037 is a third wording and stays separate.","REF-037, REF-059, REF-083",3,NO - all rows «PAGE-CHECK» (in-text: PAGE-CHECK),"Print three lines, never merged: «সহীহ মুসলিম ১৮৫১ (বাইয়াতের শব্দ)», «আল-কাফি ১:৩৭৬-৩৭৭ / কামালুদ্দীন ২:৪০৯-৪১৩ (ইমামের শব্দ)», and «আল-কাফি ১:১৮৩-১৮৪ হা. ৮», each under its own wording."
HAD-JAR-DAR,ফাতিমা (আ.)-এর জুমার রাতের দোয়া - «আল-জার সুম্মাদ-দার»,—,"al-Saduq, 'Ilal al-Shara'i' 1:181-182 (bab 146); Bihar al-Anwar 43:81-82 (Hasan a.s.)",«الجار ثم الدار»,PAGE-CHECK,"Same 'Ilal volume as HAD-ZAHRA-NAME (1:180-181, bab 142) - bab numbers differ (142 vs 146), edition-lock needed.","REF-062, REF-063",2,YES - Status column: «বর্ণিত আছে» (062) | «PAGE-CHECK» (063); in-text markers: বর্ণিত আছে (062) | PAGE-CHECK (063),"Print «ইলালুশ শারায়ি ১:১৮১-১৮২ (সংস্করণ ⟦lock⟧)» as the single source, wording «ইমাম হাসান (আ.) থেকে বর্ণিত»."
HAD-KHATAM-RUKU,রুকুতে আংটি দান (৫:৫৫) ও আবু যারের বর্ণনা,"al-Tabari, Jami' al-Bayan on 5:55 (al-Suddi, Utba b. Abi Hakim, Mujahid); al-Tha'labi, al-Kashf wal-Bayan (Abu Dharr); Shawahid al-Tanzil 1:230; al-Durr al-Manthur 2:293 (Ibn Mardawayh, al-Khatib, Tabarani - Ammar)",al-Kafi 1:288-289 h. 3 (bab ma nassa Allah ... ala al-a'imma; the robe/hulla report); Ibn Shahrashub,— (wording not given in the ledger; Abu Dharr's du'a «اللهم اشرح لي صدري…»),CANDIDATE,"Abu Dharr narration text in the book comes from the author's notebook with no kitab named (REF-056, 282). Links: Tabari URL (quran.ksu.edu.sa) and thaqalayn.net chapter URL appear in REF-056.","REF-051, REF-056, REF-281, REF-282, REF-283",5,"YES - Status column: «বর্ণিত আছে» (051, 056, 281) | «PAGE-CHECK; বর্ণিত আছে» (282) | «PAGE-CHECK» (283); in-text markers: বর্ণিত আছে (051, 056, 281) | PAGE-CHECK + বর্ণিত আছে (282) | PAGE-CHECK (283)","Print al-Tabari on 5:55 (ring), al-Kafi 1:288-289 h. 3 (robe) and al-Tha'labi (Abu Dharr du'a) as three separate lines, each «বর্ণিত আছে», with edition and page locked before print."
HAD-KISA,হাদীসে কিসা (চাদর),"Sahih Muslim 2424 (Aisha, «مرط مرحل»); Jami' al-Tirmidhi 3871 (Umm Salama, «إنك على خير»), 3205 and 3787 (Umar b. Abi Salama, «أنت على مكانك وأنت على خير»)",Long Jabir version: 'Awalim al-'Ulum 11:930-934; Mafatih al-Jinan (REF-190),«خرج النبي ﷺ غداة وعليه مرط مرحل من شعر أسود» (Muslim 2424); «أنت على مكانك وأنت على خير» (Tirmidhi 3205/3787),VERIFIED-LIVE (Muslim 2424; Tirmidhi 3205/3787/3871); long Jabir version Shia PAGE-CHECK,Correction to ledger candidate/audit md: «أنت على مكانك» is in Tirmidhi 3205 and 3787 (Umar b. Abi Salama); Tirmidhi 3871 (Umm Salama) reads «إنك على خير». REF-096 (Jabir long text) is NOT Muslim 2424 - different report. [dataset grades: Tirmidhi 3871: Shakir=Sahih; Albani=Sahih; Bashar=Hasan Sahih; Zubair Ali Zai=Hasan | Tirmidhi 3205: Shakir=Sahih; Albani=Sahih; Zubair Ali Zai=Sahih | Tirmidhi 3787: Shakir=Sahih; Albani=Sahih; Zubair Ali Zai=Sahih],"REF-096, REF-186, REF-188, REF-190",4,"YES - Status column: «PAGE-CHECK; বর্ণিত আছে» (096) | «PAGE-CHECK; মেলানো বাকি» (186) | «PAGE-CHECK» (188, 190); in-text markers: PAGE-CHECK + বর্ণিত আছে (096) | PAGE-CHECK + মেলানো বাকি (186) | CONFIRMED + PAGE-CHECK (188) | PAGE-CHECK (190)","Print «সহীহ মুসলিম ২৪২৪» for the short Aisha report and «জামে তিরমিযি ৩২০৫/৩৭৮৭» for «তুমি স্বস্থানে, কল্যাণের মধ্যে» (উমর ইবনে আবি সালামা), and keep the long Jabir text on its Shia source line, never under Muslim."
HAD-KITAB-SUNNA,«কিতাবুল্লাহ ও সুন্নাতি»,"al-Hakim, Mustadrak 1:93 (h. 318-319, Ibn Abbas; weak chain); Malik, al-Muwatta' 2:899 (h. 1395, al-Risala numbering; balagh)",—,«كتاب الله وسنتي»,CANDIDATE,Not in the six books. Numbers 318/319 are plausible per ledger; lock edition (BUG-21). Wording differs from Tirmidhi 3786 «كتاب الله وعترتي» (HAD-THAQALAYN) - never conflate.,REF-156,1,NO - single row «PAGE-CHECK» (in-text: PAGE-CHECK),"Print al-Hakim 1:93 h. ⟦locked⟧ and Muwatta' (balagh) h. ⟦locked⟧ as two separate lines with the chain-strength note, and keep the «سنتي» wording apart from the Thaqalayn «عترتي» wording."
HAD-LA-NURITH,«আমরা নবীগণ উত্তরাধিকার রেখে যাই না»,"Sahih al-Bukhari 3093 (Khumus), 6726 (Fara'id) - Abu Bakr; Sahih Muslim 1759 (Aisha; also 1757-1758)",—,«لا نورث ما تركنا صدقة» (Bukhari 6726; 3093); Muslim 1759,VERIFIED-LIVE,Sahihayn. Bukhari 6726 also contains «فهجرته فاطمة فلم تكلمه حتى ماتت». Counter-testimony of Aus b. al-Hadathan with Aisha/Hafsa is HAD-FADAK-TESTIMONY (Shia chain) - never merged with Umm Ayman.,REF-123,1,NO - single row «PAGE-CHECK» (in-text: PAGE-CHECK),Print one pair «সহীহ বুখারি ৩০৯৩ ও ৬৭২৬; সহীহ মুসলিম ১৭৫৯» and word it «আবু বকর বর্ণনা করেন: নবী ﷺ বলেছেন…» exactly as the reports state.
HAD-MADINAT-ILM,"«আমি জ্ঞানের নগরী, আলী তার দরজা» / «আমি হিকমতের ঘর»","«مدينة العلم»: al-Hakim, Mustadrak 3:126-127 (h. 4637-4639); al-Tabarani, al-Kabir 11:65 (h. 11061); al-Khatib, Tarikh Baghdad 11:48-50 (CANDIDATE). «دار الحكمة»: Jami' al-Tirmidhi 3723",—,«أنا مدينة العلم وعلي بابها» (Hakim/Tabarani/Khatib); «أنا دار الحكمة وعلي بابها» (Tirmidhi 3723),CANDIDATE («مدينة العلم»); VERIFIED-LIVE for Tirmidhi 3723 («دار الحكمة»),"Tirmidhi 3723: DA'IF (per dataset). «مدينة العلم» is ABSENT from the six books (corpus search 2026-10-03; absence here is not proof of non-existence elsewhere). Ledger has 6 rows incl. prose row 308; BUG-26 lists 5. [dataset grades: Tirmidhi 3723: Shakir=Daif; Albani=Daif; Zubair Ali Zai=Daif] Row-set note: audit v1.1 BUG-26 lists 164, 207, 240, 245, 309; ledger v1.2 Register_Key has 164, 207, 240, 245, 308, 309.","REF-164, REF-207, REF-240, REF-245, REF-308, REF-309",6,"YES - Status column: «PAGE-CHECK; মেলানো বাকি» (164) | «PAGE-CHECK; বর্ণিত আছে» (207, 240, 245) | «বর্ণিত আছে» (308) | «PAGE-CHECK» (309); in-text markers: PAGE-CHECK + মেলানো বাকি (164) | PAGE-CHECK + বর্ণিত আছে (207, 240, 245) | বর্ণিত আছে (308) | PAGE-CHECK (309)",Print two separate wordings - «আমি জ্ঞানের নগরী…» to al-Hakim 3:126-127 (h. ⟦locked⟧) and «আমি হিকমতের ঘর…» to «জামে তিরমিযি ৩৭২৩ - দাঈফ» - and never write «তিরমিযিতে» for the «নগরী» wording.
HAD-MAHR-KHUMS,ফাতিমা (আ.)-এর মোহর: পৃথিবীর এক-পঞ্চমাংশ; দর্জির সূঁচের খুমস; পাঁচ নদী,—,"Fiqh al-Rida (p. 294 region; notebook attribution, page not matched); Bihar al-Anwar 43:105 ff (bab tazwij Fatima) carries the «خمس الدنيا» reports - ledger candidate",«خمس الدنيا» (ledger candidate),PAGE-CHECK,Notebook attributes to Fiqh al-Rida; original page not matched (REF-057 itself says so). Prose row 050 attributes it to Imam Reza.,"REF-050, REF-057, REF-168",3,"YES - Status column: «বর্ণিত আছে» (050, 057) | «PAGE-CHECK» (168); in-text markers: বর্ণিত আছে (050, 057) | PAGE-CHECK (168)",Print «বিহারুল আনওয়ার ৪৩:১০৫ প্রভৃতি (সংস্করণ ⟦lock⟧)» once and keep the wording «বর্ণিত আছে / এক হাদিসে বর্ণিত হয়েছে»; name Fiqh al-Rida only after its page is matched.
HAD-MANZILA,"«হারুন মূসার কাছে যে মর্যাদায়, তুমি আমার কাছে সে মর্যাদায়»",Sahih al-Bukhari 3706 (Sa'd b. Abi Waqqas); Sahih Muslim 2404 (first sub-report),—,«أنت مني بمنزلة هارون من موسى إلا أنه لا نبي بعدي» (Muslim 2404); «أما ترضى أن تكون مني بمنزلة هارون من موسى» (Bukhari 3706),VERIFIED-LIVE,Sahihayn. Muslim 2404 also holds the mubahala report (HAD-MUBAHALA) as a different sub-number.,REF-236,1,NO - single row «PAGE-CHECK» (in-text: PAGE-CHECK),"Print «সহীহ বুখারি ৩৭০৬; সহীহ মুসলিম ২৪০৪» once, quoting each wording under its own number."
HAD-MAWLA,"গাদীর: «আমি যার মাওলা, আলীও তার মাওলা» + অভিনন্দন","Jami' al-Tirmidhi 3713 (Zayd b. Arqam / Abu Sariha); congratulation «بخ بخ لك يا ابن أبي طالب»: Musnad Ahmad 18479/18502 (al-Bara', CANDIDATE); Ibn Majah 116 carries the mawla text but (per ledger) not the congratulation",—,«من كنت مولاه فعلي مولاه» (Tirmidhi 3713; Ibn Majah 116 adds «اللهم وال من والاه»),VERIFIED-LIVE (Tirmidhi 3713); Ahmad congratulation CANDIDATE,Tirmidhi 3713: sahih (per dataset). Ahmad is outside the six books - not checkable here. Ibn Majah 116: dataset gives Albani sahih / Zubair da'if. [dataset grades: Tirmidhi 3713: Shakir=Sahih; Albani=Sahih; Zubair Ali Zai=Isnaad Sahih | Ibn Majah 116: Albani=Sahih; F.A. Baqi=Sahih; Arnaut=Sahih Lighairihi; Zubair Ali Zai=Daif],"REF-012, REF-233, REF-237",3,"YES - Status column: «PAGE-CHECK» (012, 237) | «বর্ণিত আছে» (233); in-text markers: PAGE-CHECK (012) | বর্ণিত আছে (233) | CONFIRMED + PAGE-CHECK (237)","Print «জামে তিরমিযি ৩৭১৩» for the mawla sentence and, only after the number is locked, «মুসনাদে আহমাদ ⟦১৮৪৭৯/১৮৫০২⟧» for the congratulation - the latter worded «বর্ণিত আছে»."
HAD-MUBAHALA,মুবাহালা: «এরাই আমার পরিবার» (৩:৬১),"Sahih Muslim 2404 (Sa'd; fourth sub-report «اللهم هؤلاء أهلي»); al-Suyuti, al-Durr al-Manthur 2:38-39 (Egypt ed.); al-Baydawi; al-Jalalayn; al-Zamakhshari, al-Kashshaf 1:368-370 (the «banar/khinzir» warning)",—,«ادع لي عليا وفاطمة وحسنا وحسينا … اللهم هؤلاء أهلي» (Muslim 2404),VERIFIED-LIVE (Muslim 2404); tafsir works CANDIDATE,"Bengali ed. «6062 / p. 917» (REF-107) is edition-specific - use 2404 only. Jalalayn 1/60 and Baydawi 1/118 pages are notebook numbers, unverified. Row-set note: audit v1.1 BUG-26 lists 080, 106, 107, 236; ledger v1.2 Register_Key has 080, 106, 107.","REF-080, REF-106, REF-107",3,"YES - in-text markers: CONFIRMED + PAGE-CHECK (080) | PAGE-CHECK (106, 107)",Print «সহীহ মুসলিম ২৪০৪» as the single Hadith citation and list the tafsir works on a separate line with locked volume/page; drop «বাংলা সংস্করণ ৯১৭/৬০৬২».
HAD-MUNAJAT-ALI,আলী (আ.)-এর মুনাজাত «আমি তোমার আগুনের ভয়ে ইবাদত করিনি»,"Ibn Abi al-Hadid, Sharh Nahj al-Balagha 10:157",Bihar al-Anwar 41:14 and 70:186,«ما عبدتك خوفا من نارك ولا طمعا في جنتك»,CANDIDATE,"Ledger: widely quoted; each location from the research layer, not page-checked.","REF-300, REF-301",2,YES - Status column: «বর্ণিত আছে» (300) | «PAGE-CHECK» (301); in-text markers: বর্ণিত আছে (300) | PAGE-CHECK (301),"Print one line «বিহারুল আনওয়ার ৪১:১৪ (সংস্করণ ⟦lock⟧)» with «বর্ণিত আছে», adding Ibn Abi al-Hadid 10:157 only once its page is verified."
HAD-NAHJ-179,নাহজুল বালাগা খুতবা ১৭৯ - «আমি না-দেখা প্রভুর ইবাদত করি না»,—,Nahj al-Balagha khutba 179 (Dhi'lib al-Yamani; numbering by Subhi al-Salih per REF-195),—,PAGE-CHECK,Khutba numbers differ by edition (REF-195 says «সংস্করণভেদে নম্বর»).,"REF-194, REF-195",2,NO - all rows «PAGE-CHECK» (in-text: PAGE-CHECK),"Print «নাহজুল বালাগা, খুতবা ১৭৯ (সুবহী সালিহ সংস্করণ)» once, naming the edition whose numbering is used, in rows 194 and 195 alike."
HAD-NIYYA-KAZIM,ইমাম কাযিম (আ.): নিয়তের সুগন্ধ ও ফেরেশতা,—,al-Kafi 2:429 h. 3 (bab man yahummu bil-hasana aw al-sayyi'a),«إذا هم العبد بالحسنة خرج نفسه طيب الريح …»,PAGE-CHECK,REF-328 says 'prevalent as al-Kafi' - the candidate location is from the research layer; not matched here.,"REF-325, REF-328",2,YES - Status column: «বর্ণিত আছে» (325) | «PAGE-CHECK» (328); in-text markers: বর্ণিত আছে (325) | PAGE-CHECK (328),Print «আল-কাফি ২:৪২৯ হা. ৩ (সংস্করণ ⟦lock⟧)» with the Imam's name and «বর্ণিত আছে».
HAD-NUQTA,বিসমিল্লাহর «বা»: «বাহাউল্লাহ» (কাফি) বনাম «বা-এর নিচের বিন্দু আলী»,—,"al-Kafi 1:114 h. 1 (Kitab al-Tawhid, bab ma'ani al-asma'): «الباء بهاء الله والسين سناء الله والميم مجد الله»","«الباء بهاء الله…» (Kafi); «أنا النقطة تحت الباء» (irfani saying, no chain)",PAGE-CHECK (Kafi 1:114 h. 1); NOT VERIFIED (nuqta saying),"The nuqta saying appears only in later irfani works (Rajab Bursi, Mashariq Anwar al-Yaqin; Qunduzi, Yanabi' al-Mawadda) without sanad.","REF-024, REF-033, REF-321",3,YES - Status column: «বর্ণিত আছে» (024) | «PAGE-CHECK; বর্ণিত আছে» (033) | «PAGE-CHECK» (321); in-text markers: বর্ণিত আছে (024) | PAGE-CHECK + বর্ণিত আছে (033) | PAGE-CHECK (321),"Print «আল-কাফি ১:১১৪ হা. ১» for the «বাহা» hadith and label the nuqta saying «ইরফানি উক্তি, হাদীস নয়» with no kitab-page pretending to be hadith."
HAD-NUR-AWWAL,প্রথম সৃষ্টি নূর; «আদমের এক হাজার বছর আগে আরশের কাছে»,"Jabir «أول ما خلق الله نور نبيك»: attributed to Abd al-Razzaq (lost part of the Musannaf); quoted by al-Qastallani, al-Mawahib 1:71 - disputed","Bihar al-Anwar 15:24, 25:21-22 (ledger candidate)",«أول ما خلق الله نور نبيك»; «كنت أنا وعلي وفاطمة والحسن والحسين … قبل آدم بألف عام» (not located verbatim),NOT VERIFIED,Absent from extant works per ledger; Qastallani is a late secondary. Rows 041/244 carry no kitab; 154 a Jabir attribution.,"REF-027, REF-041, REF-154, REF-244",4,"YES - Status column: «বর্ণিত আছে» (027, 041) | «PAGE-CHECK; বর্ণিত আছে» (154, 244); in-text markers: বর্ণিত আছে (027, 041) | PAGE-CHECK + বর্ণিত আছে (154, 244)",Keep attribution-only wording «বর্ণিত আছে» everywhere and print no kitab name for it until a sanad is found; Bihar 15:24 may be named as a Shia compilation only after page-check.
HAD-QALAM,বৃহস্পতিবারের ঘটনা: কাগজ-কলম ও «কিতাবুল্লাহ আমাদের জন্য যথেষ্ট»,"Sahih al-Bukhari 114, 4431 (Ibn Abbas; also 3053, 4432, 5669, 7366 per ledger); Sahih Muslim 1637; Musnad Ahmad (REF-158 text says 3/364, ledger candidate says 3/346 - discrepancy)","Bihar al-Anwar 22:468-469 (REF-158 text says 22/469); al-Mufid, al-Irshad 1:184",«ائتوني بكتاب أكتب لكم كتابا لا تضلوا بعده»; «حسبنا كتاب الله»,"VERIFIED-LIVE (Bukhari 114/4431, Muslim 1637); Ahmad/Bihar/Irshad PAGE-CHECK",Ahmad page: ledger text «৩/৩৬৪» vs candidate «3/346» - one is a typo; lock against the edition. «কাবা মানুষের কাছে যায় না» is a saying with no source (row 134).,"REF-134, REF-158",2,YES - Status column: «PAGE-CHECK; বর্ণিত আছে» (134) | «PAGE-CHECK» (158); in-text markers: PAGE-CHECK + বর্ণিত আছে (134) | PAGE-CHECK (158),"Print «সহীহ বুখারি ১১৪, ৪৪৩১; সহীহ মুসলিম ১৬৩৭» as the Sunni citation and the Shia works on a separate line, and resolve Ahmad «৩/৩৪৬ বনাম ৩/৩৬৪» before printing it."
HAD-QIYAM-FATIMA,নবী ﷺ ফাতিমার সম্মানে দাঁড়াতেন; চাল-চলনের সাদৃশ্য,"Sunan Abu Dawud 5217 (Aisha); Jami' al-Tirmidhi 3872 (Aisha). Separate: Bukhari 3752 (see HAD-HASAN-ASHBAH), Bukhari 3623/3624 (see HAD-SIRR-FATIMA-MARHABAN)",—,«ما رأيت أحدا أشبه سمتا ودلا وهديا برسول الله ﷺ … من فاطمة … وكان إذا دخلت عليه قام إليها»,VERIFIED-LIVE,Abu Dawud 5217: sahih (Albani); Tirmidhi 3872: sahih (per audit md). Row 252's «চাদর বিছানো» is unattributed (বর্ণিত আছে). [dataset grades: Abu Dawud 5217: Albani=Sahih; Muhyi=Sahih; Arnaut=Hasan Sahih; Zubair Ali Zai=Isnaad Hasan | Tirmidhi 3872: Shakir=Sahih; Albani=Sahih; Bashar=Hasan Sahih; Zubair Ali Zai=Sahih],"REF-068, REF-252, REF-262",3,"YES - Status column: «PAGE-CHECK» (068, 262) | «PAGE-CHECK; বর্ণিত আছে» (252); in-text markers: PAGE-CHECK (068, 262) | PAGE-CHECK + বর্ণিত আছে (252)","Print «সুনানে আবু দাউদ ৫২১৭; জামে তিরমিযি ৩৮৭২ (আয়িশা)» once and attach the rows 252/262 detail «স্বাগতম, হে আমার কন্যা» to Bukhari 3623/3624 instead of to these numbers."
HAD-RIDA-3SUNAN,"ইমাম রেযা (আ.): মুমিনের তিন সুন্নাত - রব, নবী, ওলী",—,"al-Kafi 2:241 h. 39; 'Uyun Akhbar al-Rida 1:256; al-Saduq, al-Khisal p. 82",«لا يكون المؤمن مؤمنا حتى يكون فيه ثلاث خصال: سنة من ربه وسنة من نبيه وسنة من وليه»,PAGE-CHECK,Row 089 says 'known to be in al-Kafi 2 and 'Uyun'; page not matched; rows 216/220 are the same item.,"REF-089, REF-216, REF-220",3,YES - Status column: «PAGE-CHECK» (089) | «বর্ণিত আছে» (216) | «PAGE-CHECK; বর্ণিত আছে» (220); in-text markers: PAGE-CHECK (089) | বর্ণিত আছে (216) | PAGE-CHECK + বর্ণিত আছে (220),"Print «আল-কাফি ২:২৪১ হা. ৩৯ (সংস্করণ ⟦lock⟧)» as primary with 'Uyun Akhbar al-Rida as secondary parallel, wording «ইমাম রেযা (আ.) থেকে বর্ণিত»."
HAD-RUYA,«যে স্বপ্নে আমাকে দেখল সে আমাকেই দেখল» ও স্বপ্নের তিন প্রকার,"Sahih al-Bukhari 110, 6993; Sahih Muslim 2266; Sunan Abu Dawud 5023 («من رآني في المنام فقد رآني») and 5019 («الرؤيا ثلاث»); NOT 5021",—,«من رآني في المنام فقد رآني» (Bukhari 110; Abu Dawud 5023); «الرؤيا ثلاث» (Abu Dawud 5019),VERIFIED-LIVE,Abu Dawud 5021 is Abu Qatada «الرؤيا من الله والحلم من الشيطان» (sahih) - wrong for both clauses (audit BUG-13). Internal lock S-174 (Satan cannot take the Prophet's form) is a separate open lock. [dataset grades: Abu Dawud 5019: Albani=Sahih; Muhyi=Sahih; Zubair Ali Zai=Sahih Bukhari (7017) Sahih Muslim (2263) | Abu Dawud 5023: Albani=Sahih; Muhyi=Sahih; Arnaut=Sahih; Zubair Ali Zai=Sahih Bukhari (6993) Sahih Muslim (2266)],"REF-013, REF-201",2,YES - Status column: «PAGE-CHECK» (013) | «PAGE-CHECK; মেলানো বাকি; বর্ণিত আছে» (201); in-text markers: PAGE-CHECK (013) | PAGE-CHECK + বর্ণিত আছে + মেলানো বাকি (201),"Print «সহীহ বুখারি ১১০; সহীহ মুসলিম ২২৬৬; সুনানে আবু দাউদ ৫০২৩» for «আমাকে দেখল» and «আবু দাউদ ৫০১৯» for the three kinds, and delete «আবু দাউদ ৫০২১» and «শ্রোতা ০৪-এ»."
HAD-SADAQA-NAR,"«সাদাকাহ গুনাহ নিভিয়ে দেয়, যেমন পানি আগুন»","Jami' al-Tirmidhi 614 (Ka'b b. Ujra), 2616 (Mu'adh); Sunan Ibn Majah 3973 (Mu'adh)",—,«والصدقة تطفئ الخطيئة كما يطفئ الماء النار»,VERIFIED-LIVE,"Sahih (Albani, per dataset); resolves REF-004 'prevalent claim'. [dataset grades: Tirmidhi 614: Shakir=Sahih; Albani=Sahih; Zubair Ali Zai=Isnaad Hasan | Tirmidhi 2616: Shakir=Sahih; Albani=Sahih; Bashar=Hasan Sahih; Zubair Ali Zai=Hasan | Ibn Majah 3973: Albani=Sahih; F.A. Baqi=Sahih; Zubair Ali Zai=Hasan]",REF-004,1,NO - single row «PAGE-CHECK; মেলানো বাকি» (in-text: PAGE-CHECK + মেলানো বাকি),Print «জামে তিরমিযি ৬১৪ ও ২৬১৬; ইবনে মাজাহ ৩৯৭৩» and replace «তিরমিযিতে বর্ণিত বলে প্রচলিত» with a plain citation.
HAD-SAFINA,আহলুল বাইত নূহের কিশতীর মতো,"al-Hakim, Mustadrak 2:343 (h. 3312) and 3:151 (h. 4720); al-Tabarani, al-Awsat 5870, al-Kabir 3:45 (h. 2636-2638); al-Bazzar (CANDIDATE)",—,«مثل أهل بيتي فيكم كمثل سفينة نوح»,CANDIDATE (Hakim/Tabarani); «Musnad Ahmad 3786» NOT VERIFIED,"Not in the six books (corpus search). The notebook's «Musnad Ahmad 3786» cannot be checked here (Musnad not in corpus); Tirmidhi 3786 is the Thaqalayn hadith, a different text. PRINT BLOCKED on the Ahmad number stays.","REF-011, REF-191, REF-208",3,"YES - Status column: «PRINT BLOCKED; বর্ণিত আছে» (011) | «PAGE-CHECK; বর্ণিত আছে» (191, 208); in-text markers: বর্ণিত আছে + PRINT BLOCKED (011) | PAGE-CHECK + বর্ণিত আছে (191, 208)","Print al-Hakim 2:343 (h. 3312) / 3:151 (h. 4720) after number-lock, worded «বর্ণিত আছে» with the chain note, and delete «মুসনাদে আহমদ ৩৭৮৬»."
HAD-SALAT-BATRA,«লেজকাটা দরূদ» নিষেধ,"Ibn Hajar al-Haytami, al-Sawa'iq al-Muhriqa (Egypt ed. p. 146); Qunduzi, Yanabi' al-Mawadda 1:37 (CANDIDATE)","al-Kafi 2:495 h. 21 «لا تبترها» (thaqalayn.net URL in REF-034); al-Saduq, al-Amali majlis 36 h. 12 «من صلى علي ولم يصل على آلي لم يجد ريح الجنة»","«لا تصلوا علي الصلاة البتراء» (Sunni, not in six books); «يا عبد الله لا تبترها لا تظلمنا حقنا» (Kafi)",PAGE-CHECK (Shia lines); CANDIDATE (Sunni «الصلاة البتراء»),«الصلاة البتراء» absent from the six books (corpus). The prose version (row 025) quotes the Prophet at length with no source - must read «বর্ণিত আছে» only.,"REF-025, REF-034, REF-302, REF-303",4,"YES - Status column: «বর্ণিত আছে» (025, 034, 302) | «PAGE-CHECK; বর্ণিত আছে» (303); in-text markers: বর্ণিত আছে (025, 034, 302) | PAGE-CHECK + বর্ণিত আছে (303)","Print the Shia lines (al-Kafi 2:495 h. 21; al-Amali 36/12) and the Sunni al-Sawa'iq line separately, each with its own wording, and keep the prose «বর্ণিত আছে» without a flat «রাসূল ﷺ বলেছেন»."
HAD-SARAQU-AYA,«তারা আল্লাহর কিতাবের সবচেয়ে সম্মানিত আয়াত চুরি করেছে» (বিসমিল্লাহ),—,"Tafsir al-Ayyashi 1:21 (h. 14; mursal, no sanad); Bihar al-Anwar 82:20 (Beirut ed. numbering 85:20)",«سرقوا أكرم آية في كتاب الله: بسم الله الرحمن الرحيم»,PAGE-CHECK,Mursal / sanad-less; the ledger attribution wording is already correct. Bihar volume differs by edition (82 vs 85) - lock one.,"REF-023, REF-032",2,YES - Status column: «বর্ণিত আছে» (023) | «PAGE-CHECK» (032); in-text markers: বর্ণিত আছে (023) | PAGE-CHECK (032),Print «তাফসীরে আইয়াশি ১:২১ হা. ১৪ (সনদবিহীন/মুরসাল); বিহারুল আনওয়ার ⟦৮২/৮৫⟧:২০ (একটি সংস্করণ)» and keep «বর্ণিত আছে» in the prose.
HAD-SAYYIDA-NISA,«ফাতিমা জান্নাতি নারীদের সর্দার»,"Sahih al-Bukhari 3624 (Aisha, Masruq): «سيدة نساء أهل الجنة أو نساء المؤمنين»; Sahih Muslim 2450 reads «سيدة نساء المؤمنين / نساء هذه الأمة»",—,«أما ترضين أن تكوني سيدة نساء أهل الجنة أو نساء المؤمنين» (Bukhari 3624),VERIFIED-LIVE,Correction to audit v1.0 BUG-05: Bukhari 3767 is NOT a direct «سيدة نساء» reference in this corpus - it carries «فاطمة بضعة مني فمن أغضبها أغضبني». The phrase «أهل الجنة» is in Bukhari 3623/3624; Muslim 2450 has «المؤمنين / هذه الأمة» instead.,REF-085,1,NO - single row «PAGE-CHECK» (in-text: PAGE-CHECK),Print «সহীহ বুখারি ৩৬২৪» for «জান্নাতি নারীদের সর্দার» (with the «বা মুমিন নারীদের» alternative as the hadith has it) and use Muslim 2450 only when quoting the «মুমিন নারীদের» wording; do not cite Bukhari 3767 for this clause.
HAD-SHABAB-JANNA,«হাসান ও হুসাইন জান্নাতের যুবকদের সর্দার»,Jami' al-Tirmidhi 3768,—,«الحسن والحسين سيدا شباب أهل الجنة»,VERIFIED-LIVE,Sahih (per audit md/dataset). [dataset grades: Tirmidhi 3768: Shakir=Sahih; Albani=Sahih; Bashar=Hasan Sahih; Zubair Ali Zai=Sahih],"REF-012, REF-085",2,NO - all rows «PAGE-CHECK» (in-text: PAGE-CHECK),"Print «জামে তিরমিযি ৩৭৬৮» as the single citation, worded «হাদীসে এসেছে»."
HAD-SHIA-BIGHAYR-HISAB,"ইমাম সাদিক (আ.): ফাতিমা, আলী ও অনুসারীরা বিনা হিসাবে প্রথম জান্নাতে",—,"Candidate family only: Bihar al-Anwar vol. 65 and vol. 43; al-Saduq, al-Amali - exact wording «يدخلون الجنة بغير حساب» not located",«يدخلون الجنة بغير حساب» (not located),NOT VERIFIED,"SOURCE-MISSING: no sanad, no book (REF-002 «খাতায় সূত্র নেই»). The Bihar/Amali family is a guess, not a source.","REF-001, REF-002",2,YES - Status column: «বর্ণিত আছে» (001) | «PAGE-CHECK; সূত্র নেই; খাতায় সূত্র নেই; বর্ণিত আছে» (002); in-text markers: বর্ণিত আছে (001) | PAGE-CHECK + বর্ণিত আছে + সূত্র নেই (002),"Print attribution-only «ইমাম সাদিক (আ.) থেকে বর্ণিত আছে» with no kitab name and no volume, or drop the quotation until a source is found."
HAD-SIRAT-ALI,"সিরাত/সরল পথ = আলী (আ.) (১:৬, ৬:১৫৩, ৬৭:২২)","al-Haskani, Shawahid al-Tanzil 1:66 ff (on 1:6; Tha'labi, Ibn Buraydah, Ibn Abbas); Qunduzi, Yanabi' al-Mawadda (quoting al-Manaqib)","al-Saduq, Ma'ani al-Akhbar pp. 32-35 («نحن الصراط»; thinner than a hair); Tafsir al-Ayyashi 1:383-384 on 6:153 «هو والله علي، هو والله الصراط والميزان»; Tafsir al-Qummi on 67:22; Bihar 24:11",«هو والله علي، هو والله الصراط والميزان» (Ayyashi); «نحن الصراط» (Ma'ani al-Akhbar),PAGE-CHECK (Shia lines); CANDIDATE (Sunni lines),"Seven rows (3 prose, 4 source blocks); no live corpus. Yanabi' is a late compilation.","REF-172, REF-173, REF-174, REF-176, REF-177, REF-178, REF-230",7,"YES - Status column: «বর্ণিত আছে» (172, 176) | «PAGE-CHECK» (173, 174, 177, 178) | «PAGE-CHECK; বর্ণিত আছে» (230); in-text markers: বর্ণিত আছে (172, 176) | PAGE-CHECK (173, 174, 177, 178) | PAGE-CHECK + বর্ণিত আছে (230)","Print one Shia source line per report (Ayyashi 1:383-384; Ma'ani al-Akhbar pp. 32-35) and one Sunni line (Shawahid al-Tanzil 1:66 ff), each with imam named and «বর্ণিত আছে»; no mixed-source composite quotation."
HAD-TASBIH,তাসবিহে ফাতিমা (৩৪-৩৩-৩৩) ও জাঁতা/খাদেমের ঘটনা,"Sahih al-Bukhari 3705 (Ali: Fatima and the mill); also 5361, 6318 (Fatima ... same event)","al-Kafi 3:342-343 (bab al-ta'qib) OR al-Kafi 2:536 (Kitab al-Du'a, Hisham b. Salim); al-Saduq, Man la yahduruhu al-faqih 1:320-321",«فسبحا ثلاثا وثلاثين واحمدا ثلاثا وثلاثين وكبرا أربعا وثلاثين» (Bukhari 5361),"VERIFIED-LIVE (Bukhari 3705, 5361, 6318); Shia placement PAGE-CHECK",Order differs: Sunni text (Bukhari) 33 tasbih-33 hamd-34 takbir; Shia order 34-33-33 (REF-064). Rows 003 and 067 cite different Kafi volumes (2 vs 3) - choose one.,"REF-003, REF-064, REF-066, REF-067",4,"YES - Status column: «PAGE-CHECK; মেলানো বাকি» (003) | «PAGE-CHECK» (064, 067) | «বর্ণিত আছে» (066); in-text markers: PAGE-CHECK + মেলানো বাকি (003) | PAGE-CHECK (064, 067) | বর্ণিত আছে (066)","Print «সহীহ বুখারি ৩৭০৫» for the mill/servant episode and ONE Kafi placement (⟦২:৫৩৬ বা ৩:৩৪২-৩৪৩⟧) for the 34-33-33 order, stating that the Shia order differs; never print both Kafi volumes."
HAD-TAZWIJ,"ফাতিমা-আলীর বিয়ে: আল্লাহর নির্দেশ, ফেরেশতা সাক্ষী, দোয়া","al-Tabarani, al-Kabir 10:156 (h. 10305; Ibn Mas'ud) and 2:20 (h. 1153; Buraydah); al-Khatib, Tarikh Baghdad 4:195; al-Khwarizmi, al-Manaqib; Ibn Hajar al-Haytami, al-Sawa'iq; Qunduzi, Yanabi' 2; Ibn Sa'd 8:24; al-Haythami, Majma' al-Zawa'id 9:209",Bihar al-Anwar 43:103 ff,«إن الله أمرني أن أزوج فاطمة من علي»; «اللهم بارك فيهما وبارك عليهما وبارك لهما في شبليهما»,CANDIDATE,"Six rows (146-151, one per Anas/Ibn Mas'ud/Ibn Buraydah report). Ledger: weak chains; late Sunni compilations. Not in the six books.","REF-146, REF-147, REF-148, REF-149, REF-150, REF-151",6,NO - all rows «PAGE-CHECK» (in-text: PAGE-CHECK),"Print one source per report (Tabarani al-Kabir for Ibn Mas'ud/Buraydah; Bihar 43:103 ff for the 40,000-angels report) worded «বর্ণিত আছে» with the weakness note, and no merged narrative quotation."
HAD-THAQALAYN,সাকালাইন: কিতাবুল্লাহ ও আহলুল বাইত/ইতরাত,"Sahih Muslim 2408 (Zayd b. Arqam, «وأهل بيتي أذكركم الله في أهل بيتي»); Jami' al-Tirmidhi 3786 (Jabir, Arafa, «كتاب الله وعترتي أهل بيتي»); Jami' al-Tirmidhi 3788 («عترتي أهل بيتي … لن يتفرقا حتى يردا علي الحوض»); Abu Sa'id / Zayd b. Thabit versions: Musnad Ahmad 11104, 21578 (CANDIDATE)",—,«كتاب الله وعترتي أهل بيتي» (Tirmidhi 3786); «وأهل بيتي أذكركم الله في أهل بيتي» (Muslim 2408),"VERIFIED-LIVE (Muslim 2408, Tirmidhi 3786, 3788); Ahmad CANDIDATE","Tirmidhi 3786/3788: Albani sahih, Shakir sahih, Bashar hasan, Zubair Ali Zai da'if (dataset) - grades differ, say so. Muslim «أهل بيتي» ≠ Tirmidhi «عترتي». Internal ID S-173 currently bundles this with Ramadan date and Mawla. [dataset grades: Tirmidhi 3786: Shakir=Sahih; Albani=Sahih; Bashar=Hasan; Zubair Ali Zai=Daif | Tirmidhi 3788: Shakir=Sahih; Albani=Sahih; Zubair Ali Zai=Daif]","REF-043, REF-157, REF-206, REF-242, REF-258",5,"YES - in-text markers: PAGE-CHECK (043) | CONFIRMED + PAGE-CHECK (157, 206, 242, 258)","Print three numbered citations - Muslim 2408 («أهل بيتي»), Tirmidhi 3786 («كتاب الله وعترتي», grade note «মান নিয়ে মতভেদ: আলবানী সহিহ; যুবাইর আলী যাঈ দাঈফ»), Tirmidhi 3788 (Hawd clause) - each quoted only under its own number, never one flat «সহীহ মুসলিম»."
HAD-UMM-ABIHA,«উম্মে আবিহা» উপাধি,"Ibn Abd al-Barr, al-Isti'ab 4:1899; Ibn Hajar, al-Isaba 8:262 (entry Fatima)","Bihar al-Anwar 43:19 (from Maqatil al-Talibiyyin; row 255 says vol. 43 ch. 2, Imam Ja'far al-Sadiq chain)",«أم أبيها»,CANDIDATE,Absent from the six books (corpus search 2026-10-03). Rows 155/255 duplicate row 069.,"REF-069, REF-155, REF-255",3,YES - Status column: «বর্ণিত আছে» (069) | «PAGE-CHECK; বর্ণিত আছে» (155) | «PAGE-CHECK» (255); in-text markers: বর্ণিত আছে (069) | PAGE-CHECK + বর্ণিত আছে (155) | PAGE-CHECK (255),"Print one line «ইবনে আবদুল বার, আল-ইসতিআব ৪:১৮৯৯; ইবনে হাজার, আল-ইসাবা ৮:২৬২; বিহারুল আনওয়ার ৪৩:১৯» as epithet sources (not as a hadith) after editions are locked."
HAD-UMM-AYMAN-JANNA,«উম্মে আইমান জান্নাতি নারী»,"Ibn Sa'd, al-Tabaqat al-Kubra (reported vol. 8 p. 224; Sufyan b. Uqba; MURSAL; al-Suyuti mursal, al-Albani da'if, Silsilat al-Da'ifa 2260 reported) - S-181 §2","al-Majlisi, Bihar al-Anwar vol. 29 (p. 128 or p. 176 by edition): «إن أم أيمن امرأة من أهل الجنة» - S-181 §2-D",«من سره أن يتزوج امرأة من أهل الجنة فليتزوج أم أيمن» (Ibn Sa'd); «إن أم أيمن امرأة من أهل الجنة» (Bihar 29),"PAGE-CHECK (S-181: EXISTS, MURSAL/WEAK; EDITION-LOCK PENDING); Hakim NOT VERIFIED",Hakim/Mustadrak: no reference found - PRINT BLOCKED for any Hakim attribution. The Ibn Sa'd wording and the Bihar wording are two different reports (S-181 §2-D). Never render as flat «রাসূল ﷺ বলেছেন» (weak/munkar rule).,REF-082,1,NO - single row «FOUND — MURSAL (Ibn Sa'd); Bihar 29 VERIFIED; Hakim NOT VERIFIED» (in-text: PAGE-CHECK),"Print the S-181 patch wording «ইবনে সা'দের একটি মুরসাল বর্ণনায়…» with the Bihar 29 line separately, and delete any Hakim attribution; strip the internal «— S-181 §২» pointer before print."
HAD-UMM-TAWAF,মাকে কাঁধে নিয়ে তাওয়াফ - «এক মুহূর্তের কষ্টের প্রতিদানও হয়নি»,"al-Bayhaqi, Shu'ab al-Iman 7:502 (h. 7905 region); al-Bazzar (CANDIDATE)",al-Kafi 2:162-163 (bab al-birr bil-walidayn),«ولا بزفرة واحدة»,CANDIDATE,Wording absent from the six books (corpus search 2026-10-03). Prose row 167 says «হাদিসে বর্ণিত আছে» with no kitab.,"REF-167, REF-171",2,YES - Status column: «বর্ণিত আছে» (167) | «PAGE-CHECK; বর্ণিত আছে» (171); in-text markers: বর্ণিত আছে (167) | PAGE-CHECK + বর্ণিত আছে (171),"Print al-Kafi 2:162-163 and al-Bayhaqi, Shu'ab al-Iman as two named lines after page-lock, keeping the prose «বর্ণিত আছে» and no flat «রাসূলুল্লাহ ﷺ বললেন»."
HAD-WILAYA-KAFI,ওলায়াত ছাড়া আমল গ্রহণযোগ্য নয়,—,"al-Kafi 2:18-19 h. 5 (bab da'a'im al-islam, Zurara, Imam Baqir; Majlisi: sahih, Mir'at al-'Uqul 7:102; thaqalayn.net URL in REF-035) = rows 035/284; DIFFERENT report in row 046: Abu Hamza al-Thumali from Zayn al-Abidin, Bihar al-Anwar 27:172-173 h. 16 (Wafa ed.) ← Amali al-Tusi; Thawab al-A'mal p. 197; al-Mahasin p. 91",«لو أن رجلا قام ليله وصام نهاره وتصدق بجميع ماله وحج جميع دهره ولم يعرف ولاية ولي الله فيواليه … ما كان له على الله حق في ثوابه» (Kafi 2:18-19 h. 5),PAGE-CHECK,Register-key hygiene: REF-046 is a different hadith (Thumali) filed under the same key; treat as sub-key HAD-WILAYA-KAFI-B (rows 035/284 = A). Ledger: 'lock edition'.,"REF-035, REF-046, REF-284",3,NO - all rows «PAGE-CHECK» (in-text: PAGE-CHECK),"Print «আল-কাফি ২:১৮-১৯ হা. ৫ (যুরারা; ইমাম বাকির (আ.))» once for rows 035/284 and a separate «বিহারুল আনওয়ার ২৭:১৭২-১৭৩ হা. ১৬» line for row 046, each with «মজলিসী: সহিহ» only where the source states it."
HAD-ZAHRA-NAME,«যাহরা» নামের কারণ (মেহরাবে নূর),—,"al-Saduq, 'Ilal al-Shara'i' 1:180-181 (bab 142: «لم سميت فاطمة الزهراء»); Bihar al-Anwar 43:12",«لم سميت فاطمة الزهراء»,PAGE-CHECK,"Four rows (2 prose, 2 source blocks) - the prose quotes are unattributed paraphrases of the same report.","REF-246, REF-249, REF-289, REF-291",4,"YES - Status column: «বর্ণিত আছে» (246, 289) | «PAGE-CHECK; বর্ণিত আছে» (249) | «PAGE-CHECK» (291); in-text markers: বর্ণিত আছে (246, 289) | PAGE-CHECK + বর্ণিত আছে (249) | PAGE-CHECK (291)",Print «ইলালুশ শারায়ি ১:১৮০-১৮১ (সংস্করণ ⟦lock⟧)» as the single source and word the prose «বর্ণিত আছে»; do not add Ma'ani al-Akhbar unless its page is matched.
LIT-CHISHTI,"খাজা মঈনুদ্দিন চিশতীর কবিতা/উক্তি (সাহিত্য, হাদীস নয়)",—,—,—,NOT VERIFIED,Literary item - no diwan/edition identified; rows 015 and 322 are the same item. Not a hadith.,"REF-015, REF-322",2,YES - Status column: «মেলানো বাকি» (015) | «PAGE-CHECK» (322); in-text markers: মেলানো বাকি (015) | PAGE-CHECK (322),Print «খাজা মঈনুদ্দিন চিশতী (রহ.)-এর কবিতা/উক্তি হিসেবে প্রচলিত» with no diwan citation until an edition and poem number are located.
LIT-IQBAL,"ইকবাল, রুমুযে বেখুদি - ফাতিমা (আ.) প্রসঙ্গে ফারসি কবিতা",—,—,«مادر آن مرکز پرکار عشق / مادر آن کاروان سالار عشق» (corrected first word; notebook has «مادی»),CANDIDATE,"Identification from the research layer (Rumuz-e Bekhudi, section on Sayyida Fatima); edition page not matched. Notebook spelling «مادی» is a typo (audit BUG-24).",REF-074,1,NO - single row «PAGE-CHECK» (in-text: PAGE-CHECK),"Print «ইকবাল, রুমুযে বেখুদি, ⟦edition⟧, পৃ. ⟦ ⟧» with the Persian line spelt «مادر آن مرکز پرکار عشق / مادر آن کاروان سالار عشق»."
HAD-INNAMA-AL-AMAL,«কর্ম নিয়তের ওপর নির্ভরশীল»,Sahih al-Bukhari 1 (Umar); Sahih Muslim 1907 (Abd al-Baqi no.; first sub-report 1907.01),—,«إنما الأعمال بالنيات» (Bukhari 1); «إنما الأعمال بالنية» (Muslim 1907),VERIFIED-LIVE,Sahihayn - no grade needed. Wording differs by one letter between the two books (بالنيات / بالنية).,REF-326,1,NO - single row «PAGE-CHECK» (in-text: PAGE-CHECK),"Print «সহীহ বুখারি ১; সহীহ মুসলিম ১৯০৭ (আবদুল বাকী নম্বর)» once, quoting each wording under its own number."
HAD-NAHR-BAB-AHADIKUM,নদীর উদাহরণ: দিনে পাঁচবার গোসল ও ময়লা,Sahih al-Bukhari 528; Sahih Muslim 667 (Abu Hurayra),—,«أرأيتم لو أن نهرا بباب أحدكم يغتسل فيه كل يوم خمسا» (Bukhari 528),VERIFIED-LIVE,Sahihayn - no grade needed.,REF-285,1,NO - single row «PAGE-CHECK» (in-text: PAGE-CHECK),Print «সহীহ বুখারি ৫২৮; সহীহ মুসলিম ৬৬৭ (আবু হুরায়রা)» once.
HAD-ANAS-DIMASHQ-SALAT,"দামেশকে আনাসের কান্না: «এই নামাজটুকুই আছে, তাও নষ্ট হয়েছে»",Sahih al-Bukhari 530 (al-Zuhri),—,«لا أعرف شيئا مما أدركت إلا هذه الصلاة وهذه الصلاة قد ضيعت» (Bukhari 530),VERIFIED-LIVE,Sahih al-Bukhari - no grade needed. Verified text is al-Zuhri's visit to Anas in Damascus.,REF-278,1,NO - single row «PAGE-CHECK» (in-text: PAGE-CHECK),Print «সহীহ বুখারি ৫৩০ (যুহরী; আনাস ইবনে মালিক)» as the single citation and quote the Arabic from that number.
HAD-SALLU-KAMA-RAAYTUMUNI,«তোমরা আমাকে যেভাবে নামাজ পড়তে দেখেছ সেভাবে পড়ো»,"Sahih al-Bukhari 631 (Malik b. al-Huwayrith); also 6008 (ledger candidate, not text-checked)",—,«وصلوا كما رأيتموني أصلي» (Bukhari 631),VERIFIED-LIVE,Sahih al-Bukhari - no grade needed.,REF-277,1,NO - single row «PAGE-CHECK» (in-text: PAGE-CHECK),"Print «সহীহ বুখারি ৬৩১ (মালিক ইবনুল হুওয়াইরিস)» once, replacing the notebook's «খণ্ড/নম্বর PAGE-CHECK»."
HAD-JUMA-INFADDU-ILAYHA,জুমার খুতবা: ১২ জন থেকে গেলেন (৬২:১১),Sahih al-Bukhari 936 (Jabir); Sahih Muslim 863 (Abd al-Baqi no.; 863.01-.04),—,«حتى ما بقي مع النبي ﷺ إلا اثنا عشر رجلا» (Bukhari 936),VERIFIED-LIVE,Sahihayn. Muslim 863 (first sub-report) has «كان يخطب قائما يوم الجمعة فجاءت عير من الشام … حتى لم يبق إلا اثنا عشر رجلا».,REF-045,1,NO - single row «PAGE-CHECK» (in-text: PAGE-CHECK),"Print «সহীহ বুখারি ৯৩৬; সহীহ মুসলিম ৮৬৩ (জাবির)» once for the ১২ জন detail, quoting each under its own number."
HAD-EID-KHUTBA-BAD-SALAT,ঈদে নামাজের পরে খুতবা; মারওয়ানের আপত্তি,Sahih al-Bukhari 956 (Abu Sa'id al-Khudri; Marwan); 957 (Ibn Umar),—,«فقلت له غيرتم والله» (956); «يصلي في الأضحى والفطر ثم يخطب بعد الصلاة» (957),VERIFIED-LIVE,Sahih al-Bukhari - no grade needed. Row text carries internal pointers «SOURCE_REGISTER.md (CL-HAD-005/006)» and «sunnah.com ৪০৩» that must not reach print.,REF-044,1,NO - single row «PAGE-CHECK» (in-text: PAGE-CHECK),"Print «সহীহ বুখারি ৯৫৬ ও ৯৫৭» once and delete «দেখুন SOURCE_REGISTER.md (CL-HAD-005/006)» and «আরবি পাঠ-সংস্করণে, sunnah.com ৪০৩»."
HAD-KHASHIYTU-AN-TUFRAD,তারাবি: «আমি ভয় পেলাম এটা তোমাদের ওপর ফরজ হয়ে যাবে»,Sahih al-Bukhari 1129; Sahih Muslim 761 (Aisha),—,«خشيت أن تفرض عليكم» (Bukhari 1129; Muslim 761),VERIFIED-LIVE,Sahihayn. Row text carries «sunnah.com 403; বাহ্যিক যাচাই তালিকায়» - internal.,REF-053,1,NO - single row «PAGE-CHECK» (in-text: PAGE-CHECK),Print «সহীহ বুখারি ১১২৯; সহীহ মুসলিম ৭৬১ (আয়েশা)» once; delete the «sunnah.com 403» note.
HAD-QAMIS-IBN-UBAYY,আবদুল্লাহ ইবনে উবাইকে নবী ﷺ-এর জামা ও জানাজা,Sahih al-Bukhari 1350 (Jabir),—,«والبسه قميصه» (Bukhari 1350),VERIFIED-LIVE,Sahih al-Bukhari. «এক হাজার খাযরাজি» detail has no source.,REF-202,1,NO - single row «PAGE-CHECK» (in-text: PAGE-CHECK),Print «সহীহ বুখারি ১৩৫০ (জাবির)» once; the «এক হাজার খাযরাজি» detail stays «বর্ণিত আছে» with no kitab.
HAD-NIMAT-AL-BIDAA,উমর: «এটি কত উত্তম বিদআত»,Sahih al-Bukhari 2010 (Abd al-Rahman b. Abd al-Qari),—,«نعم البدعة هذه» (Bukhari 2010 as in this corpus; ledger prints «نعمت البدعة هذه»),VERIFIED-LIVE,Wording difference: the corpus text is «نعم البدعة هذه» whereas the ledger quotes «نعمت البدعة هذه» - quote the wording of the chosen printed edition.,REF-054,1,NO - single row «PAGE-CHECK» (in-text: PAGE-CHECK),Print «সহীহ বুখারি ২০১০ (আবদুর রহমান ইবনে আবদিল কারী)» once and copy the Arabic exactly from the chosen edition (corpus: «نعم البدعة هذه»).
HAD-SHAYTAN-MAJRA-AL-DAM,«শয়তান রক্তের পথে চলে» (সাফিয়্যার ঘটনা),"Sahih al-Bukhari 7171 and 2039 («يجري من ابن آدم مجرى الدم»; also 2038, 3281); Sahih Muslim 2175 (2175.01 «يجري من الإنسان مجرى الدم»; 2175.02 «يبلغ من الإنسان مبلغ الدم»); Bukhari 2035, 3101, 6219 carry «يبلغ من الإنسان مبلغ الدم»; the exact «من ابن آدم» wording is also in Abu Dawud 4719 and Ibn Majah 1779 (found by search today)",—,«إن الشيطان يجري من ابن آدم مجرى الدم» (Bukhari 2039/7171; Abu Dawud 4719),VERIFIED-LIVE,"Correction to audit v1.1 BUG-30: Bukhari 2035/3101 carry «مبلغ الدم» (same as Muslim 2175.02); «مجرى الدم» is in Bukhari 2038, 2039, 3281, 7171 and Muslim 2174, 2175.01. The ledger's pair (Bukhari 7171 + Muslim 2175) is consistent with the «مجرى الدم» wording. Row text also carries a hadithprophet.com URL (secondary site).",REF-039,1,NO - single row «PAGE-CHECK» (in-text: PAGE-CHECK),"Quote the wording of the book cited: «সহীহ বুখারি ৭১৭১ (সাফিয়্যা, আলী ইবনুল হুসাইন)» for «مجرى الدم», and mention Muslim 2175 as «মুসলিমে দুটি শব্দেই এসেছে (২১৭৫)»; delete the hadithprophet.com URL."
HAD-FATIMA-JUWAYRIYYA-BUKHARI,বুখারিতে «ফাতিমা আলাইহাস সালাম» (প্রমাণ ০১-০৪; বাংলা-সংস্করণ নম্বর),"Sahih al-Bukhari 520 (the Arabic «فاطمة عليها السلام وهي جويرية فأقبلت تسعى»); also containing «فاطمة عليها السلام»: 3092, 3093, 3110, 3705, 3711-3712, 4240-4241, 5361, 6318, 6726 (ledger candidate; 3110, 3092, 3711, 3712, 5361, 6318 text-checked)",—,«فانطلق منطلق إلى فاطمة عليها السلام وهي جويرية فأقبلت تسعى» (Bukhari 520),VERIFIED-LIVE (Bukhari 520; 3110 contains «فاطمة عليها السلام» but not the جويرية phrase); Bengali 2874/3446/6270/496 -> standard mapping NOT VERIFIED,"Correction to audit md (verification table row «Bukhari 3110 / 075 ... جويرية فأقبلت تسعى ✅»): in this corpus the جويرية phrase is in Bukhari 520 (only hit across Bukhari), not 3110; 3110 is the Miswar / bint Abu Jahl report. Which Bengali number maps to 520 is an inference (496 -> 520) and cannot be proven here.",REF-075,1,NO - single row «PAGE-CHECK» (in-text: PAGE-CHECK),"Print «সহীহ বুখারি ৫২০» for the «وهي جويرية فأقبلت تسعى» Arabic and list only standard (sunnah.com/Fath) numbers for the other «فاطمة عليها السلام» reports, deleting the Bengali edition numbers ২৮৭৪, ৩৪৪৬, ৬২৭০, ৪৯৬."
HAD-HIMAR-BI-RAHAHU,"জাঁতার গাধা: «অন্ত্র বেরিয়ে পড়বে, গাধা জাঁতার চারপাশে ঘোরার মতো ঘুরবে»",Sahih al-Bukhari 3267 (Usama b. Zayd); Sahih Muslim 2989 (2989.01-.02),—,«فتندلق أقتابه في النار فيدور كما يدور الحمار برحاه» (Bukhari 3267),VERIFIED-LIVE (Bukhari 3267); Muslim 2989 PAGE-CHECK per audit md (see note),"Audit md marks Muslim 2989 PAGE-CHECK («text not surfaced»); a corpus lookup by Abd al-Baqi prefix (2989.01/2989.02, not by `show`) finds «تندلق أقتاب بطنه فيدور بها كما يدور الحمار بالرحى» - md not updated; flagged for the parent to decide.",REF-317,1,NO - single row «PAGE-CHECK» (in-text: PAGE-CHECK),Print «সহীহ বুখারি ৩২৬৭ (উসামা)» as the single citation; add Muslim 2989 only after the Abd al-Baqi number is confirmed against the chosen edition.
HAD-INSHIQAQ-AL-QAMAR,চাঁদ দ্বিখণ্ডিত হওয়া,"Sahih al-Bukhari 3636 (Ibn Mas'ud; also 3637-3638, 4864-4868 per ledger); Sahih Muslim 2800-2802 (per ledger, not checked here)",—,«انشق القمر على عهد رسول الله ﷺ شقتين فقال النبي ﷺ اشهدوا» (Bukhari 3636),VERIFIED-LIVE (Bukhari 3636); Muslim 2800-2802 PAGE-CHECK,"The «Aqaba, 14 persons» detail from the notebook is not in Bukhari 3636 - sira-source claim, no citation.",REF-307,1,NO - single row «PAGE-CHECK» (in-text: PAGE-CHECK),"Print «সহীহ বুখারি ৩৬৩৬ (ইবনে মাসউদ)» as the single citation; the «আকাবা, ১৪ জন» detail stays «বর্ণিত আছে»."
HAD-FATIHA-ABU-SAID-MUALLA,নবীর ডাকে সাড়া না দেওয়া সাহাবি; সূরা ফাতিহা সর্বশ্রেষ্ঠ সূরা (৮:২৪),"Sahih al-Bukhari 4474 (Abu Sa'id b. al-Mu'alla; also 4703, 5006 per ledger)",—,«لأعلمنك سورة هي أعظم السور في القرآن … الحمد لله رب العالمين هي السبع المثاني» (Bukhari 4474),VERIFIED-LIVE,Sahih al-Bukhari. The Salman sub-story (row 273) was not located - «বর্ণিত আছে».,REF-273,1,NO - single row «PAGE-CHECK; বর্ণিত আছে» (in-text: PAGE-CHECK + বর্ণিত আছে),Print «সহীহ বুখারি ৪৪৭৪ (আবু সাঈদ ইবনুল মুআল্লা)» once; the Salman part stays «বর্ণিত আছে» with no kitab.
HAD-KAWTHAR-KHAYR,ইবনে আব্বাস: «আল-কাওসার হলো আল্লাহর দেওয়া কল্যাণ»,Sahih al-Bukhari 4966 (Ibn Abbas via Sa'id b. Jubayr),—,«الكوثر هو الخير الذي أعطاه الله إياه» (Bukhari 4966),VERIFIED-LIVE,Sahih al-Bukhari. The ledger/notebook said «সূত্রহীন»; a source exists (audit v1.1 BUG-16).,REF-105,1,NO - single row «বর্ণিত আছে» (in-text: বর্ণিত আছে + সূত্রহীন),"Print «সহীহ বুখারি ৪৯৬৬ (ইবনে আব্বাস)» as the single citation, replacing «সূত্রহীন - বর্ণিত আছে»."
HAD-LAN-YUNJIYA-AMAL,«তোমাদের কাউকে তার আমল নাজাত দেবে না»,Sahih al-Bukhari 6463 (Abu Hurayra); Sahih Muslim 2816-2818 (ledger cites 2818),—,«لن ينجي أحدا منكم عمله» (Bukhari 6463; Muslim 2816 first sub-reports); «لن يدخل الجنة أحدا عمله» (Muslim 2818),VERIFIED-LIVE,Sahihayn. Corpus quirk: Muslim 2816's first two sub-reports are unnumbered entries (dataset hadithnumber 7111-7112) found immediately before 2816.03. Muslim 2818 carries a different wording («لن يدخل الجنة أحدا عمله»).,REF-293,1,NO - single row «PAGE-CHECK» (in-text: PAGE-CHECK),Print «সহীহ বুখারি ৬৪৬৩; সহীহ মুসলিম ২৮১৬-২৮১৮» once; quote «لن ينجي أحدا منكم عمله» only from Bukhari 6463 / Muslim 2816 and the «لن يدخل الجنة» wording from Muslim 2818.
HAD-ALTAQA-AL-MUSLIMAN,«দুই মুসলিম তলোয়ার নিয়ে মুখোমুখি হলে হত্যাকারী ও নিহত দুজনই আগুনে»,Sahih al-Bukhari 7083 (Abu Bakra; «إذا تواجه المسلمان بسيفيهما»); Sahih Muslim 2888 (2888.01 «تواجه»; 2888.02 «التقى»),—,«إذا تواجه المسلمان بسيفيهما فكلاهما من أهل النار» (Bukhari 7083); «إذا التقى المسلمان بسيفيهما فالقاتل والمقتول في النار» (Muslim 2888.02),VERIFIED-LIVE,"Sahihayn. Wording «إذا التقى المسلمان بسيفيهما» is Bukhari 31, 6875 and Muslim 2888.02, Ibn Majah 3964; Bukhari 7083 reads «تواجه» (as the audit md's quote «التقى» is not Bukhari 7083's wording). Story context: Abu Bakra stopping al-Ahnaf from joining Ali.",REF-313,1,NO - single row «PAGE-CHECK» (in-text: PAGE-CHECK),"Quote the wording of the number cited: «সহীহ বুখারি ৭০৮৩ (তাওয়াজাহা)» or «সহীহ মুসলিম ২৮৮৮ (উভয় শব্দ)», not one wording under the other's number."
HAD-JIBRIL-IHSAN,জিবরাইলের হাদীস - ইহসান: «যেন তুমি তাঁকে দেখছ»,"Sahih Muslim 8 (Umar; sub-reports 8.01-8.05); Sahih al-Bukhari 50 (Abu Hurayra, ledger candidate)",—,«أن تعبد الله كأنك تراه فإن لم تكن تراه فإنه يراك»,VERIFIED-LIVE,"Sahihayn. Tool note: the committed `verify_sunni.py show muslim N` (git 5270d3c) matched the corpus' sequential hadithnumber and returned a different hadith; the corrected working-tree version matches the integer part of the Abd al-Baqi arabicnumber (N.01, N.02 ...) - this entry was confirmed by that prefix lookup.",REF-298,1,NO - single row «PAGE-CHECK» (in-text: PAGE-CHECK),"Print «সহীহ মুসলিম ৮ (জিবরাইলের হাদীস, উমর); সহীহ বুখারি ৫০ (আবু হুরায়রা)» once, quoting the wording of the number cited."
HAD-MITHQAL-KIBR,«অন্তরে সরিষা দানা পরিমাণ অহংকার থাকলে জান্নাতে নয়»,"Sunan Abu Dawud 4091; Jami' al-Tirmidhi 1998; Sunan Ibn Majah 59 and 4173 (all carry «مثقال حبة من خردل من كبر»); Sahih Muslim 91 (Ibn Mas'ud; carries «مثقال ذرة من كبر» (91.01, 91.03) and «حبة خردل من كبرياء» (91.02))",—,"«لا يدخل الجنة من كان في قلبه مثقال حبة من خردل من كبر» (Abu Dawud 4091; Tirmidhi 1998; Ibn Majah 59, 4173)",VERIFIED-LIVE,"Correction to audit v1.1 BUG-16 / md: the verbatim «حبة من خردل من كبر» wording is in Abu Dawud 4091, Tirmidhi 1998, Ibn Majah 59/4173; Muslim 91 carries the «ذرة» / «كبرياء» variants. Tool note: the committed `verify_sunni.py show muslim N` (git 5270d3c) matched the corpus' sequential hadithnumber and returned a different hadith; the corrected working-tree version matches the integer part of the Abd al-Baqi arabicnumber (N.01, N.02 ...) - this entry was confirmed by that prefix lookup. [dataset grades: Abu Dawud 4091: Albani=Sahih; Muhyi=Sahih; Zubair Ali Zai=Sahih Muslim (91) | Tirmidhi 1998: Shakir=Sahih; Albani=Sahih; Bashar=Hasan Sahih; Zubair Ali Zai=Sahih - Bukhari And Muslim | Ibn Majah 59: Albani=Sahih; F.A. Baqi=Sahih; Arnaut=Sahih; Zubair Ali Zai=Sahih Muslim]",REF-087,1,NO - single row «বর্ণিত আছে» (in-text: বর্ণিত আছে),Quote «مثقال حبة من خردل من كبر» under «সুনানে আবু দাউদ ৪০৯১» (or Tirmidhi 1998 / Ibn Majah 59) and cite «সহীহ মুসলিম ৯১» for the meaning with its own wording «مثقال ذرة من كبر».
HAD-QASAMTU-AS-SALAT,ফাতিহার দুই ভাগের হাদীসে কুদসি: «আমার বান্দা আমার প্রশংসা করেছে»,Sahih Muslim 395 (Abu Hurayra; 395.01-.03),—,«قسمت الصلاة بيني وبين عبدي نصفين ولعبدي ما سأل» (Muslim 395.01),VERIFIED-LIVE,"Sahih Muslim. Tool note: the committed `verify_sunni.py show muslim N` (git 5270d3c) matched the corpus' sequential hadithnumber and returned a different hadith; the corrected working-tree version matches the integer part of the Abd al-Baqi arabicnumber (N.01, N.02 ...) - this entry was confirmed by that prefix lookup.",REF-264,1,NO - single row «PAGE-CHECK» (in-text: PAGE-CHECK),Print «সহীহ মুসলিম ৩৯৫ (আবু হুরায়রা)» once as a hadith qudsi.
HAD-JAM-BAYN-SALATAYN,মদীনায় ভয়/সফর ছাড়া যোহর-আসর ও মাগরিব-এশা একত্রে,Sahih Muslim 705 (Ibn Abbas; 705.01-.08),—,«صلى رسول الله ﷺ الظهر والعصر جميعا والمغرب والعشاء جميعا في غير خوف ولا سفر» (Muslim 705.01),VERIFIED-LIVE,"Sahih Muslim. Tool note: the committed `verify_sunni.py show muslim N` (git 5270d3c) matched the corpus' sequential hadithnumber and returned a different hadith; the corrected working-tree version matches the integer part of the Abd al-Baqi arabicnumber (N.01, N.02 ...) - this entry was confirmed by that prefix lookup.",REF-275,1,NO - single row «PAGE-CHECK» (in-text: PAGE-CHECK),Print «সহীহ মুসলিম ৭০৫ (ইবনে আব্বাস)» once.
HAD-JANNA-TAYYIBA,"«জান্নাত পবিত্র, পবিত্র ছাড়া কেউ প্রবেশ করবে না» (মুসলিম নাম)","NOT FOUND in the six books (corpus search 2026-10-03). Nearest texts, different meaning: Sahih Muslim 1015 «إن الله طيب لا يقبل إلا طيبا»; Jami' al-Tirmidhi 3462 «الجنة طيبة التربة عذبة الماء» (Ibn Mas'ud)",—,«الجنة طيبة لا يدخلها إلا الطيب»,NOT VERIFIED,«NOT FOUND ≠ DOES NOT EXIST»: the wording is absent from the six books only; other works not checkable here. Tirmidhi 3462 dataset grades differ (Shakir/Albani/Bashar hasan; Zubair da'if). PRINT BLOCKED on the «সহিহ মুসলিম» name stays. [dataset grades: Tirmidhi 3462: Shakir=Hasan; Albani=Hasan; Bashar=Hasan; Zubair Ali Zai=Daif],REF-022,1,NO - single row «PRINT BLOCKED» (in-text: PRINT BLOCKED),"Print the sentence only as «বর্ণিত আছে» with no kitab name (the «সহিহ মুসলিম» attribution is withdrawn), or drop it; do not substitute Muslim 1015 or Tirmidhi 3462 as if they were the same text."
HAD-AWWAL-MAQDI-ALAYHI,"কিয়ামতে প্রথম বিচার তিন শ্রেণির (শহীদ, আলেম, দাতা)",Sahih Muslim 1905 (Abu Hurayra; 1905.01-.02),—,«إن أول الناس يقضى يوم القيامة عليه رجل استشهد …» (Muslim 1905.01),VERIFIED-LIVE,"Sahih Muslim. Tool note: the committed `verify_sunni.py show muslim N` (git 5270d3c) matched the corpus' sequential hadithnumber and returned a different hadith; the corrected working-tree version matches the integer part of the Abd al-Baqi arabicnumber (N.01, N.02 ...) - this entry was confirmed by that prefix lookup.",REF-316,1,NO - single row «PAGE-CHECK» (in-text: PAGE-CHECK),Print «সহীহ মুসলিম ১৯০৫ (আবু হুরায়রা)» once.
HAD-SIRR-FATIMA-MARHABAN,ফাতিমা (আ.)-এর কান্না ও হাসি; নবীর গোপন কথা; «মারহাবান বি-ইবনাতী»,"Sahih al-Bukhari 3623 and 3624 (Aisha, Masruq); Sahih Muslim 2450 (2450.01-.03)",—,«مرحبا بابنتي» (Bukhari 3623/3624); «أما ترضين أن تكوني سيدة نساء أهل الجنة أو نساء المؤمنين» (Bukhari 3624),VERIFIED-LIVE,"Sahihayn. Overlaps HAD-SAYYIDA-NISA (Bukhari 3624, row 085) and HAD-QIYAM-FATIMA (rows 252/262 «স্বাগতম, হে আমার কন্যা»). Tool note: the committed `verify_sunni.py show muslim N` (git 5270d3c) matched the corpus' sequential hadithnumber and returned a different hadith; the corrected working-tree version matches the integer part of the Abd al-Baqi arabicnumber (N.01, N.02 ...) - this entry was confirmed by that prefix lookup.",REF-132,1,NO - single row «PAGE-CHECK; মেলানো বাকি» (in-text: PAGE-CHECK + মেলানো বাকি),Print «সহীহ বুখারি ৩৬২৩-৩৬২৪; সহীহ মুসলিম ২৪৫০ (আয়েশা)» once for the secret/weeping/laughing episode and refer to HAD-SAYYIDA-NISA for the «سيدة نساء» wording rather than repeating a second citation.
HAD-AL-MUFLIS,«প্রকৃত নিঃস্ব কে?»,Sahih Muslim 2581 (Abu Hurayra),—,«أتدرون ما المفلس» (Muslim 2581),VERIFIED-LIVE,Sahih Muslim.,REF-312,1,NO - single row «PAGE-CHECK» (in-text: PAGE-CHECK),Print «সহীহ মুসলিম ২৫৮১ (আবু হুরায়রা)» once.
HAD-TAFSIR-BIL-RAY,কুরআন সম্পর্কে নিজের মত (রায়) দিয়ে বলা - ইবনে আব্বাস ও জুনদুব,"Jami' al-Tirmidhi 2951 (Ibn Abbas, «ومن قال في القرآن برأيه») and 2950 (Ibn Abbas, «بغير علم»; named in row 223 as «২৯৫০/২৯৫১»); Sunan Abu Dawud 3652 (Jundub); Jami' al-Tirmidhi 2952 (Jundub)",—,«من قال في القرآن برأيه فليتبوأ مقعده من النار» (Tirmidhi 2951); «من قال في كتاب الله عز وجل برأيه فأصاب فقد أخطأ» (Abu Dawud 3652),VERIFIED-LIVE,"All four numbers are DA'IF by the modern graders in the dataset (Albani, Zubair; Shakir for 2950/2951) although Tirmidhi himself says «حسن» (2951) / «حسن صحيح» (2950) - the printed source block must name the grader, not just «তিরমিযি বলেছেন». Row 224 is the same report as 223. [dataset grades: Tirmidhi 2951: Shakir=Daif; Albani=Daif; Zubair Ali Zai=Daif | Tirmidhi 2950: Shakir=Daif; Albani=Daif; Zubair Ali Zai=Daif | Abu Dawud 3652: Albani=Daif; Muhyi=Daif; Arnaut=Daif; Zubair Ali Zai=Daif | Tirmidhi 2952: Shakir=Sahih Isnaad Maqtu; Albani=Daif; Zubair Ali Zai=Daif]","REF-223, REF-224, REF-225",3,"YES - Status column: «PAGE-CHECK» (223, 225) | «PAGE-CHECK; বর্ণিত আছে» (224); in-text markers: PAGE-CHECK (223, 225) | PAGE-CHECK + বর্ণিত আছে (224)","Print «জামে তিরমিযি ২৯৫১ (ইবনে আব্বাস); সুনানে আবু দাউদ ৩৬৫২, তিরমিযি ২৯৫২ (জুনদুব)» with «আলবানী: দাঈফ» on each and word the prose «বর্ণিত আছে», never as flat «রাসূল ﷺ বলেছেন»; fix the notebook's «২৯৫০/২৯৫১ সংস্করণভেদে» to the verified numbers."
HAD-THAWBAN-SAFAR-FATIMA,সফরের শুরু ও শেষ ফাতিমার কাছে (সাওবান; ইবনে উমর «ফিদাকি আবি ওয়া উম্মি»),"Sunan Abu Dawud 4213 (Thawban); Ibn Umar «فداك أبي وأمي»: al-Hakim, Mustadrak 3:156 (h. 4737 region) - CANDIDATE, number to lock",—,«كان رسول الله ﷺ إذا سافر كان آخر عهده بإنسان من أهله فاطمة وأول من يدخل عليها إذا قدم فاطمة» (Abu Dawud 4213),VERIFIED-LIVE (Abu Dawud 4213); Hakim CANDIDATE,Abu Dawud 4213: DA'IF (Albani; Arnaut; Zubair - dataset). Weak report may never be rendered as flat «রাসূল ﷺ বলেছেন» - print the grade. [dataset grades: Abu Dawud 4213: Albani=Daif Isnaad; Muhyi=Daif Isnaad; Arnaut=Daif; Zubair Ali Zai=Daif],REF-071,1,NO - single row «PAGE-CHECK; বর্ণিত আছে» (in-text: PAGE-CHECK + বর্ণিত আছে),"Print «সুনানে আবু দাউদ ৪২১৩ (সাওবান) - দাঈফ (আলবানী, আরনাউত)» and word the prose «বর্ণিত আছে»; the Hakim item stays a separate line after number-lock."
HAD-MIFTAH-AL-JANNA-SALAT,"«জান্নাতের চাবি নামাজ, নামাজের চাবি ওজু» (জাবির)","Jami' al-Tirmidhi 4 (Jabir); Musnad Ahmad 14662 (ledger candidate, not checkable here)",—,«مفتاح الجنة الصلاة ومفتاح الصلاة الوضوء» (Tirmidhi 4),VERIFIED-LIVE (Tirmidhi 4); Ahmad 14662 CANDIDATE,"Tirmidhi 4: graders disagree - Albani sahih, Shakir sahih li-ghayrihi, Zubair Ali Zai da'if (dataset). Print the disagreement. [dataset grades: Tirmidhi 4: Shakir=Sahih Lighairihi; Albani=Sahih; Zubair Ali Zai=Daif]",REF-271,1,NO - single row «PAGE-CHECK; বর্ণিত আছে» (in-text: PAGE-CHECK + বর্ণিত আছে),"Print «জামে তিরমিযি ৪ (জাবির); মান নিয়ে মতভেদ: আলবানী সহিহ, যুবাইর আলী যাঈ দাঈফ» and word the prose «বর্ণিত আছে» until a single grading stance is chosen by the author."
HAD-JIHAD-AL-NAFS,নিজের নফসের বিরুদ্ধে জিহাদ,"Jami' al-Tirmidhi 1621 (Fadala b. Ubayd): «المجاهد من جاهد نفسه»; al-Bayhaqi, al-Zuhd al-Kabir no. 373 (Jabir, «الجهاد الأكبر») - notebook source, plausible number, weak chain (CANDIDATE)",—,«المجاهد من جاهد نفسه» (Tirmidhi 1621); «قدمتم خير مقدم من الجهاد الأصغر إلى الجهاد الأكبر» (Bayhaqi),"VERIFIED-LIVE (Tirmidhi 1621, different wording); Bayhaqi 373 CANDIDATE","Tirmidhi 1621: sahih (Albani, Shakir). The «الجهاد الأكبر» wording is NOT in Tirmidhi 1621. [dataset grades: Tirmidhi 1621: Shakir=Sahih; Albani=Sahih; Bashar=Hasan Sahih; Zubair Ali Zai=Isnaad Hasan]",REF-094,1,NO - single row «PAGE-CHECK» (in-text: PAGE-CHECK),"Print «জামে তিরমিযি ১৬২১ - ‘যে নিজের নফসের বিরুদ্ধে জিহাদ করে সে-ই মুজাহিদ’» for the sound wording and keep «সর্বশ্রেষ্ঠ জিহাদ» as «বর্ণিত আছে» (Bayhaqi, al-Zuhd al-Kabir, number to lock); never attribute one wording to the other's source."
HAD-YA-IBN-ADAM-ANAN,"হাদীসে কুদসি: «হে আদম সন্তান, তোমার গুনাহ আকাশ ছুঁলেও…»",Jami' al-Tirmidhi 3540 (Anas),—,«يا ابن آدم لو بلغت ذنوبك عنان السماء ثم استغفرتني غفرت لك» (Tirmidhi 3540),VERIFIED-LIVE,"Sahih (Albani, Shakir - dataset); Bashar hasan; Zubair isnad hasan. [dataset grades: Tirmidhi 3540: Shakir=Sahih; Albani=Sahih; Bashar=Hasan; Zubair Ali Zai=Isnaad Hasan]",REF-261,1,NO - single row «PAGE-CHECK» (in-text: PAGE-CHECK),Print «জামে তিরমিযি ৩৫৪০ (আনাস) - হাদীসে কুদসি» once.
HAD-TALAB-AL-ILM-FARIDA,«জ্ঞান অর্জন ফরজ»; «শূকরের গলায় মণিমুক্তা»; «চীন» অংশ,Sunan Ibn Majah 224 (Anas): «طلب العلم فريضة على كل مسلم وواضع العلم عند غير أهله كمقلد الخنازير الجوهر واللؤلؤ والذهب»; the «اطلبوا العلم ولو بالصين» clause is NOT in it,al-Kafi 1:30 «طلب العلم فريضة» (parallel named in the ledger; not matched here),«طلب العلم فريضة على كل مسلم» (Ibn Majah 224),"VERIFIED-LIVE (Ibn Majah 224, first clause); China clause NOT VERIFIED","Ibn Majah 224: VERY DA'IF (Albani, Arnaut, F. A. Baqi); Zubair da'if (dataset). The China clause is judged fabricated by Ibn Hibban and Ibn al-Jawzi (ledger candidate; those works not checkable here). Weak report: never flat «রাসূল ﷺ বলেছেন». [dataset grades: Ibn Majah 224: Albani=Very Daif; F.A. Baqi=Very Daif; Arnaut=Very Daif; Zubair Ali Zai=Daif]",REF-009,1,NO - single row «PAGE-CHECK» (in-text: PAGE-CHECK),"Print «সুনানে ইবনে মাজাহ ২২৪ (আনাস) - অতি দুর্বল (আলবানী)» for the first clause and word the «চীন» clause «বর্ণিত আছে, সনদ দুর্বল» with no Ibn Majah attribution."
HAD-FAS-WA-QADAH,আনসারি লোকের কাপ-কম্বল বিক্রি ও কুঠার কিনে দেওয়া,Sunan Ibn Majah 2198 (Anas); Sunan Abu Dawud 1641 (same story; hilas + qadah),—,«اشتر بأحدهما طعاما … واشتر بالآخر قدوما فأتني به» (Ibn Majah 2198),VERIFIED-LIVE,Ibn Majah 2198: Albani da'if; Zubair isnad hasan. Abu Dawud 1641: Albani da'if; Arnaut da'if; Zubair isnad hasan (dataset). Print the grader. [dataset grades: Ibn Majah 2198: Albani=Daif; F.A. Baqi=Daif; Zubair Ali Zai=Isnaad Hasan | Abu Dawud 1641: Albani=Daif; Muhyi=Daif; Arnaut=Daif; Zubair Ali Zai=Isnaad Hasan],REF-005,1,NO - single row «PAGE-CHECK» (in-text: PAGE-CHECK),Print «সুনানে ইবনে মাজাহ ২১৯৮; সুনানে আবু দাউদ ১৬৪১ (আনাস) - আলবানী: দাঈফ; যুবাইর আলী যাঈ: ইসনাদ হাসান» and word the prose «বর্ণিত আছে».
HAD-KHILAFA-30,«খিলাফত ৩০ বছর»,Sunan Abu Dawud 4646 (Safina); Jami' al-Tirmidhi 2226 (Safina),—,«خلافة النبوة ثلاثون سنة ثم يؤتي الله الملك من يشاء» (Abu Dawud 4646); «الخلافة في أمتي ثلاثون سنة ثم ملك بعد ذلك» (Tirmidhi 2226),VERIFIED-LIVE,Abu Dawud 4646: hasan sahih; Tirmidhi 2226: sahih (Albani) / hasan (Bashar) - dataset. Row 240 bundles this with HAD-12-KHALIFA and HAD-MADINAT-ILM. [dataset grades: Abu Dawud 4646: Albani=Hasan Sahih; Muhyi=Hasan Sahih; Zubair Ali Zai=Isnaad Hasan | Tirmidhi 2226: Shakir=Sahih; Albani=Sahih; Bashar=Hasan; Zubair Ali Zai=Isnaad Hasan],REF-240,1,NO - single row «PAGE-CHECK; বর্ণিত আছে» (in-text: PAGE-CHECK + বর্ণিত আছে),"Print «সুনানে আবু দাউদ ৪৬৪৬; জামে তিরমিযি ২২২৬ (সাফীনা)» once with each wording under its own number, separate from the «বারো খলিফা» citation."
HAD-HASAN-ASHBAH-NABI,আনাস: «হাসান ইবনে আলীর চেয়ে নবীর সাথে বেশি সাদৃশ্য কেউ ছিল না»,Sahih al-Bukhari 3752 (Anas),—,«لم يكن أحد أشبه بالنبي ﷺ من الحسن بن علي» (Bukhari 3752),VERIFIED-LIVE,Sahih al-Bukhari. Row 262 is filed under HAD-QIYAM-FATIMA but this is a separate report.,REF-262,1,NO - single row «PAGE-CHECK» (in-text: PAGE-CHECK),"Print «সহীহ বুখারি ৩৭৫২ (আনাস)» as its own citation, not under the Abu Dawud 5217 / Tirmidhi 3872 line."
HAD-ABUDAWUD-FADAK,আবু দাউদ ২৯৬৮ (ফাদাক/মিরাস) ও ২৯৭২ (উমর ইবনে আবদুল আযীযের ফাদাক ফেরত),Sunan Abu Dawud 2968 (Fatima / Fadak inheritance); 2972 (Umar b. Abd al-Aziz restores Fadak),—,«إن رسول الله ﷺ كانت له فدك فكان ينفق منها …» (Abu Dawud 2972),VERIFIED-LIVE,"Abu Dawud 2968: sahih (Albani); 2972: DA'IF - the grading is al-Albani's, NOT Abu Dawud's own (audit BUG-01; S-181 patch §B). Dataset grades below. [dataset grades: Abu Dawud 2968: Albani=Sahih; Muhyi=Sahih; Arnaut=Sahih; Zubair Ali Zai=Sahih Bukhari (4240، 4241) Sahih Muslim (1759) | Abu Dawud 2972: Albani=Daif; Muhyi=Daif; Zubair Ali Zai=Daif]",REF-079,1,NO - single row «VERIFIED (numbers); GRADING CORRECTED» (in-text: CONFIRMED + PAGE-CHECK),Print «সুনানে আবু দাউদ ২৯৬৮; ২৯৭২ - ২৯৭২-এর মান: আল-আলবানীর মতে দাঈফ (আবু দাউদের নিজের মত হিসেবে নয়)» and never write «আবু দাউদের মতে».
