Conflict_ID,Row_A,Row_B,Part,Chapter,Conflict_Type,Evidence,Required_Action,Harvest_Status,Source
XRM-001,REF-276,REF-279,10,০৪  আঠারো হাজার ওয়াক্তের পরও হারিয়ে গেল?,J/M — location: Basra vs Kufa (prayer behind Ali),verify_sunni corpus: Bukhari 784 «عن مطرف، عن عمران بن حصين، قال صلى مع علي رضى الله عنه بالبصرة فقال ذكرنا هذا الرجل صلاة كنا نصليها مع رسول الله»; Bukhari 786 «صليت خلف علي بن أبي طالب رضى الله عنه أنا وعمران بن حصين». No Kufa in either. The remark is Imran b. Husayn's (one Companion) — prose REF-276 says «সাহাবারা কুফার মসজিদে আলাপ করতেন». REF-279 notebook source for the Kufa dialogue = Mishkat / Tajrid (secondary).,"Prose REF-276: Kufa → Basra and speaker → Imran b. Husayn (or re-source the Kufa claim; none found). Source block REF-279: cite Bukhari 784, 786 (standard numbering); drop Mishkat/Tajrid as primary. (BUG-11)",OPEN,XRM_v1.0
XRM-002,REF-081,"REF-078, REF-122",3,"০৬  ফাদাক, আর চুপ না থাকার সাহস",J — person: Aus ibn al-Hadathan placed among Umm Ayman/Ali witnesses,"S-181 §3-B (Qurb al-Isnad → Bihar 22/101 h.59): «شهدت عليها عائشة وحفصة، ورجل من العرب يقال له أوس بن الحدثان ... لا أورث»; S-181 §3-D al-Ihtijaj: «أوس بن الحدثان وعائشة وحفصة يشهدون ... إنا معاشر الأنبياء لا نورث». NB: Malik b. Aws b. al-Hadathan (Sunni narrator, Bukhari 3094/4033, Muslim 1757) is a DIFFERENT person and is not evidence for or against Aus — see XRM-092. REF-081 Text lists «উম্মে আইমানের সাক্ষ্য, আলী (আ.)-এর সাক্ষ্য ... আউস ইবনুল হাদাসান» in one witness list.",Apply patch B1_P03_C06 A-3/B: split 081a/081b; Aus only in a separate sentence with Aisha and Hafsa as «لا نورث» counter-testimony; global search the chapter for any other Aus-as-witness wording.,OPEN,XRM_v1.0
XRM-003,REF-078,REF-122,3,"০৬  ফাদাক, আর চুপ না থাকার সাহস",D/F — deed-tearing sourced to different works (al-Ihtijaj vs Suyuti/Ibn Abi al-Hadid),"S-181 §3-D: al-Ihtijaj «فكتب لها كتابا ودفعه إليها» → Umar tears it (REF-078 Resolution_Note). S-181 §3-E lists Sharh 16/213-214 as Fatima + Umm Ayman testimony and Abu Bakr's reply — tearing not listed there. REF-122 Candidate: «Suyuti, Tarikh al-Khulafa for the tearing — not located». S-181 §3-F: Baladhuri (Sunni) and al-Ihtijaj (Shia) must not be merged.",REF-122: attribute the tearing only to al-Ihtijaj (Shia) unless a Sharh 16 page carrying the tearing text is locked; drop Suyuti. Keep Baladhuri's state-property statement as a separate Sunni recension; do not mix both in one bullet.,OPEN,XRM_v1.0
XRM-004,REF-141,"REF-078, REF-081, REF-122",6,১০  এবার নিজের ঘরে,N — register HAD-FADAK-TESTIMONY canonical «S-181» applied to rows S-181 does not cover,"S-181 header: «Ledger rows resolved: REF-078, REF-079, REF-081, REF-082»; no section on Umm Hani (141) or on Abu Bakr's state-property declaration (122). REF-141 Text itself: «জাওহারী … খণ্ড ৪, পৃষ্ঠা ৮১ — এই খণ্ড-নম্বর সম্ভবত শারহু নাহজিল বালাগার». Al-Jawhari via Sharh 16:214-215: research-layer knowledge; needs page lock.",Give REF-141 its own register key (e.g. HAD-UMM-HANI-FADAK); do not mark it resolved by S-181; lock al-Jawhari (al-Saqifa wa Fadak) or Sharh volume/page separately.,OPEN,XRM_v1.0
XRM-005,REF-079,"REF-078, REF-121, REF-136",3,"০৬  ফাদাক, আর চুপ না থাকার সাহস",E/N — Abu Dawud 2972 cited only for restoration; its own text says the Prophet declined Fatima's request,verify_sunni corpus Abu Dawud 2972: «إن رسول الله صلى الله عليه وسلم كانت له فدك ... وإن فاطمة سألته أن يجعلها لها فأبى ... فرأيت أمرا منعه رسول الله صلى الله عليه وسلم فاطمة عليها السلام ليس لي بحق وأنا أشهدكم أني قد رددتها». Grades shown: Al-Albani: Daif; Muhammad Muhyi al-Din Abd al-Hamid: Daif; Zubair Ali Zai: Daif. REF-078 prose: «রাসূলুল্লাহ ﷺ নিজে মেয়েকে ফাদাক দিয়ে গেছেন»; REF-121/136 cite the 17:26 gift reports.,"Do not remove the gift claim (it has its own sources in 121/136/128). In REF-079 describe 2972 accurately (Umar b. Abd al-Aziz's report, which also states the Prophet declined Fatima's request) or cite it strictly for the restoration with that caveat; never let it read as support for the gift. Print the da'if grade.",OPEN,XRM_v1.0
XRM-006,REF-079,"REF-126, REF-131",3,"০৬  ফাদাক, আর চুপ না থাকার সাহস",C/B — grading still «আবু দাউদের মতে» in Text while v1.1 says GRADING CORRECTED; patch labels 2972 CONFIRMED,"REF-079 Text: «২৯৭২ (… আবু দাউদের মতে «ضعيف»)»; Status_v1_1: «VERIFIED (numbers); GRADING CORRECTED». Corpus grades for 2972: Al-Albani Daif; Muhyi al-Din Abd al-Hamid Daif; Zubair Ali Zai Daif. Abu Dawud 2968 graded Sahih (Albani, Arnaut, Zubair). Patch §B line: «২৯৭২ … — CONFIRMED».","Apply patch B wording but replace «CONFIRMED» with «VERIFIED (live) / EDITION-LOCK PENDING»; attribute the da'if grade to the named later graders, never to Abu Dawud (BUG-01).",OPEN,XRM_v1.0
XRM-007,REF-082,REF-081,3,"০৬  ফাদাক, আর চুপ না থাকার সাহস",D — two different «Umm Ayman is of Paradise» reports (Ibn Sa'd marriage-wording vs Fadak-narrative wording),"S-181 §2-A: Ibn Sa'd «من سره أن يتزوج امرأة من أهل الجنة فليتزوج أم أيمن» (Sufyan b. Uqba, mursal); §2-D: Bihar 29 «إن أم أيمن امرأة من أهل الجنة» inside the Fadak narrative — «দুটোকে এক করা যাবে না». S-181 §1-A also shows Ibn Sa'd cited as vol. 8 p. 224 and vol. 10 pp. 212-213 (two editions mixed).",Keep the two wordings and sources separate in prose and source block; one Ibn Sa'd edition for both the biography and the report; no Hakim attribution anywhere.,OPEN,XRM_v1.0
XRM-008,REF-069,"REF-155, REF-255",3,০৩  ইবাদত কি আমাকে বদলাচ্ছে?,H/F — «Umm Abiha» locked to Sunni Isti'ab/Isaba and to Shia Bihar 43 (from Maqatil) under one key,"REF-069 Candidate: «Isti'ab 4:1899; Isaba 8:262; Shia: Bihar 43:19 (from Maqatil al-Talibiyyin)»; REF-255 Text: «বিহারুল আনওয়ার খণ্ড ৪৩, অধ্যায় ২ (মাকাতিলুত তালিবিয়্যিন থেকে, ইমাম জাফর আস-সাদিক-এর সূত্রে)»; REF-155 no source. Corpus search «أم أبيها»: none in six books (check B). Page numbers: research-layer knowledge; needs page lock. Note S-181 §1-B warns Isti'ab circulates in 4-vol and 12-vol paginations.",One status for 069/155/255; Sunni and Shia carriers cited as separate attributions with named editions.,OPEN,XRM_v1.0
XRM-009,REF-157,"REF-043, REF-206, REF-242, REF-258",7,০৬  মসজিদে বুরুল্লাহর আব্বুর সেই সকাল,A/D/L — Muslim 2408 cited (CONFIRMED) for «কিতাবুল্লাহ ও আমার ইতরাত»,"Corpus (Muslim by Abd al-Baqi arabicnumber 2408.01-.04): «إني تارك فيكم ثقلين أولهما كتاب الله فيه الهدى والنور ... وأهل بيتي أذكركم الله في أهل بيتي»; «عترتي» NOT IN TEXT (4 sub-hadith checked). Tirmidhi 3786: «كتاب الله وعترتي أهل بيتي». REF-043 itself says «সহিহ মুসলিম ২৪০৮a-তে শব্দ «وأهل بيتي», «عترتي» নয়»; REF-157 Text: «(«কিতাবুল্লাহ ও আমার ইতরাত, আহলুল বাইত») — মুসলিম ২৪০৮ … CONFIRMED (S-173)».",REF-157: attach «ইতরাত» only to Tirmidhi 3786/3788 and «আহলুল বাইত» to Muslim 2408; remove CONFIRMED from the merged line (BUG-04).,OPEN,XRM_v1.0
XRM-010,REF-157,"REF-206, REF-242, REF-258",7,০৬  মসজিদে বুরুল্লাহর আব্বুর সেই সকাল,"C — Tirmidhi 3788 CONFIRMED in one row, PAGE-CHECK in three",Corpus Tirmidhi 3788: «…وعترتي أهل بيتي ولن يتفرقا حتى يردا على الحوض فانظروا كيف تخلفوني فيهما … هذا حديث حسن غريب»; grades Ahmad Shakir: Sahih; Al-Albani: Sahih; Zubair Ali Zai: Daif. REF-157 «৩৭৮৮ — CONFIRMED (S-173)»; REF-206/242 «খাতার «তিরমিযি ৩৭৮৮» PAGE-CHECK»; REF-258 «তিরমিযি ৩৭৮৮ (PAGE-CHECK)».,One status for Tirmidhi 3788 at all occurrences (VERIFIED + grade note).,OPEN,XRM_v1.0
XRM-011,REF-043,"REF-157, REF-206, REF-242, REF-258",2,০৬  আল্লাহর কাছে না পৌঁছানো নামাজ,"B — grade dispute printed in some Thaqalayn rows, absent in others",Corpus Tirmidhi 3786: Tirmidhi «حسن غريب»; Ahmad Shakir: Sahih; Al-Albani: Sahih; Bashar Awad Maarouf: Hasan; Zubair Ali Zai: Daif. REF-043 prints the full grader list; REF-206/242 «মান নিয়ে মতভেদ আছে»; REF-157 and REF-258 print no grade.,Print the same grade note (Tirmidhi's own «حسن غريب» + later graders) in every Thaqalayn source block.,OPEN,XRM_v1.0
XRM-012,REF-011,"REF-043, REF-157, REF-206, REF-242",1,০৭  জুমার খুতবায় যা বলা হলো না,A/I — number 3786 used for two different hadiths,"Corpus: Tirmidhi 3786 = Jabir, Arafa: «كتاب الله وعترتي أهل بيتي» (Thaqalayn). Search «سفينة نوح»: none in all six books (check B). REF-011 notebook: «মুসনাদে আহমদ ৩৭৮৬» for the Ark. Hakim 3312/4720, Tabarani: research-layer knowledge; needs page lock.","Delete «৩৭৮৬» from REF-011; lock the Ark hadith to al-Hakim/Tabarani numbers (BUG-14, BUG-21).",OPEN,XRM_v1.0
XRM-013,REF-011,"REF-191, REF-208",1,০৭  জুমার খুতবায় যা বলা হলো না,C/D — Ark hadith with three different source states and narrator framing,REF-011 PRINT BLOCKED (Ahmad 3786); REF-191 «আবু যারের কাবার দরজায় বাণী … (মুস্তাদরাক হাকিম)» PAGE-CHECK; REF-208 «বর্ণিত আছে; PAGE-CHECK» with no book. Six-book search «سفينة نوح»: none. Hakim 2:343 h.3312 / 3:151 h.4720 and its grading: research-layer knowledge; needs page lock.,One canonical citation for HAD-SAFINA; state the Abu Dharr framing consistently (or nowhere); print al-Hakim/al-Dhahabi remarks after lock.,OPEN,XRM_v1.0
XRM-014,REF-013,REF-201,1,১১  শুনেছি মানেই কি জেনেছি?,I/D — Abu Dawud 5023 asserted to read «فقد رآني»; corpus shows «فسيراني في اليقظة»,"Corpus Abu Dawud 5023: «من رآني في المنام فسيراني في اليقظة أو لكأنما رآني في اليقظة ولا يتمثل الشيطان بي» (tool's own cross-ref: Bukhari 6993, Muslim 2266). Bukhari 110: «ومن رآني في المنام فقد رآني فإن الشيطان لا يتمثل في صورتي»; Muslim 2266.01: «من رآني في المنام فقد رآني». Manuscript wording (013, 201): «সে সত্যিই আমাকে দেখল» = «فقد رآني». Audit BUG-13, register HAD-RUYA and six-book table all state 5023 = «فقد رآني».",Correct BUG-13 / register HAD-RUYA: cite Bukhari 110 or Muslim 2266 for «فقد رآني»; keep Abu Dawud 5019 for «الرؤيا ثلاث»; cite 5023 only if the «فسيراني في اليقظة» wording is quoted.,OPEN,XRM_v1.0
XRM-015,REF-201,REF-013,8,১১  স্বপ্নে রাসূলুল্লাহ ﷺ-কে দেখলে কী হয়?,"C — same hadith: VL triage but status «বর্ণিত আছে, PAGE-CHECK (নম্বর মেলানো বাকি)»; 013 carries a wrong number","REF-201 Status «PAGE-CHECK; মেলানো বাকি; বর্ণিত আছে», Triage VL; REF-013 Triage MM (Abu Dawud 5021 = «الرؤيا من الله والحلم من الشيطان», Abu Qatada). Corpus as in previous row.",One citation and one status for HAD-RUYA in Parts 1 and 8.,OPEN,XRM_v1.0
XRM-016,REF-072,"REF-076, REF-142, REF-153, REF-250",3,০৪  ঘরের ভেতরে ইসার আর ভালোবাসা,"C — Bukhari 3714 CONFIRMED in 072/076/142, PAGE-CHECK in 153/250; 072 Status column «বর্ণিত আছে»","Corpus Bukhari 3714: «فاطمة بضعة مني، فمن أغضبها أغضبني» (Miswar); identical text at Bukhari 3767. CONFIRMED basis in 072/076/142 = internal docs («বাইবেল §৪», «STYLE §৪ ফাঁদ-তালিকা»), not an edition lock.",Normalise HAD-BIDAA-MINNI to one status; internal style documents are not evidence.,OPEN,XRM_v1.0
XRM-017,REF-076,"REF-142, REF-250",3,"০৫  “রাদিয়াল্লাহু আনহা”, নাকি “আলাইহাস্ সালাম”?",M/D — «যে তাকে কষ্ট দেয়» (hurt) attached to Bukhari 3714 whose verb is anger,Corpus Bukhari 3714: «فمن أغضبها أغضبني»; «آذا» NOT IN TEXT. Muslim 2449.02: «إنما فاطمة بضعة مني يؤذيني ما آذاها»; Bukhari 5230: «فإنما هي بضعة مني، يريبني ما أرابها ويؤذيني ما آذاها». REF-142/250 render «রাগান্বিত করে» correctly.,REF-076: either render 3714 as «রাগান্বিত করে» or cite Muslim 2449 / Bukhari 5230 for «কষ্ট দেয়».,OPEN,XRM_v1.0
XRM-018,REF-142,REF-076,7,"০২  যে লাইনটা পড়ে অস্বস্তি লাগবে, ওটাই তোমার",C/E — «যে তাকে খুশি করে / যার প্রতি সে সন্তুষ্ট» clause: two statuses; candidate claims Muslim 2449 / Bukhari 5230 for it,"Corpus searches «يسرني ما»: none; «رضيت عنه»: none; «يبسطني»: none (all six books). Muslim 2449 sub-hadith 1-5: «يسرني» NOT IN TEXT. REF-142 Candidate: ««ويسرني ما يسرها» family: Muslim 2449 / Bukhari 5230». REF-076: ««যার প্রতি সে সন্তুষ্ট…» অংশ — বর্ণিত আছে»; REF-142: «অন্য বর্ণনায়, PAGE-CHECK». Ahmad/Hakim «يبسطني ما يبسطها»: research-layer knowledge; needs page lock.",Remove Muslim 2449 / Bukhari 5230 as support for the 'pleases' clause; one attribution wording for this clause in 076 and 142.,OPEN,XRM_v1.0
XRM-019,REF-085,"REF-072, REF-142, REF-250",3,০৯  শাফায়াত কি আমলের বদলি?,I/A — audit v1.0 BUG-05 names Bukhari 3767 as the direct «سيدة نساء أهل الجنة» reference; 3767 is the «بضعة مني» hadith,"Corpus Bukhari 3767: «فاطمة بضعة مني، فمن أغضبها أغضبني» (same as 3714, rows 072/142/250). Tirmidhi 3781 (Hudhayfa): «يبشرني بأن فاطمة سيدة نساء أهل الجنة وأن الحسن والحسين سيدا شباب أهل الجنة» (Tirmidhi: «حسن غريب»).",Do not normalise REF-085 to Bukhari 3767; use 3624 (quote the doubt clause) or Tirmidhi 3781.,OPEN,XRM_v1.0
XRM-020,REF-085,"REF-132, REF-262",3,০৯  শাফায়াত কি আমলের বদলি?,M — «سيدة نساء أهل الجنة» quoted without the narrator's alternative in Bukhari 3624,Corpus Bukhari 3624: «أما ترضين أن تكوني سيدة نساء أهل الجنة أو نساء المؤمنين». REF-085 Arabic: «سَيِّدَةُ نِسَاءِ أَهْلِ الْجَنَّةِ» only. REF-132 cites the same 3623-3624 for the secret/weeping.,"Quote «… أو نساء المؤمنين» when citing 3624, or cite Tirmidhi 3781 for the single wording.",OPEN,XRM_v1.0
XRM-021,REF-003,"REF-064, REF-067",1,০৪  সাজানো ঘর পেছনে রেখে রাতের যশোরে,H — Tasbih al-Zahra placed in al-Kafi vol. 2 (du'a before sleep) vs vol. 3 (bab al-ta'qib) vs Man la yahduruh 1,"REF-003 Text: «আল-কাফি, খণ্ড ২, কিতাবুদ দোয়া, ঘুমের আগের দোয়ার বাব»; REF-067: «আল-কাফি, খণ্ড ৩, কিতাবুস সালাত, «বাবুত তা'কীব»»; REF-064: «মান লা ইয়াহদুরুহুল ফাকিহ ১; আল-কাফি ৩». Pages 2:536 / 3:342-343 / Faqih 1:320-321: research-layer knowledge; needs page lock.","Lock one Kafi placement for HAD-TASBIH; if both are kept, say one is the bedtime report and the other the post-prayer report.",OPEN,XRM_v1.0
XRM-022,REF-066,"REF-067, REF-064",3,০৩  ইবাদত কি আমাকে বদলাচ্ছে?,D/G/M — Bukhari 3705 cited for a Tasbih whose order and timing differ from the prose,Corpus Bukhari 3705: «إذا أخذتما مضاجعكما تكبرا أربعا وثلاثين، وتسبحا ثلاثا وثلاثين، وتحمدا ثلاثة وثلاثين» (at bedtime; to Ali and Fatima; takbir-tasbih-tahmid). Bukhari 5361: «فسبحا ثلاثا وثلاثين، واحمدا ثلاثا وثلاثين، وكبرا أربعا وثلاثين». Prose REF-066: «প্রতি নামাজের পর … চৌত্রিশবার আল্লাহু আকবার। তেত্রিশবার আলহামদুলিল্লাহ। তেত্রিশবার সুবহানাল্লাহ … রাসূলুল্লাহ ﷺ নিজের মেয়েকে এটি শিখিয়েছিলেন». REF-064 already notes «ক্রম (৩৪-৩৩-৩৩) শিয়া পাঠ অনুযায়ী».,REF-067: event → Bukhari 3705 (bedtime; Sunni order stated); order and post-prayer practice → al-Kafi 3 ta'qib (Shia). Align 066/067 with 064's separation.,OPEN,XRM_v1.0
XRM-023,REF-037,"REF-059, REF-083",2,০৬  আল্লাহর কাছে না পৌঁছানো নামাজ,H/D — three Shia wordings and three al-Kafi placements under one register key,"REF-037: «من أصبح من هذه الأمة لا إمام له…» al-Kafi 1:183-184 h.8; REF-059 candidate: al-Kafi 1:376-377 «من مات وليس له إمام فميتته ميتة جاهلية» + Kamal al-Din 2:409-413, and REF-059 Text wording «من مات ولم يعرف إمام زمانه»; REF-083: al-Kafi «مَنْ مَاتَ لَا يَعْرِفُ إِمَامَهُ». v1.1 register canonical = «Kafi 1:376-377» only. REF-037 Audit_Note: «different wording — keep separate». Pages: research-layer knowledge; needs page lock.",Split HAD-IMAM-JAHILIYYA into wording-level entries; lock each wording to its own book/page; REF-059's «إمام زمانه» wording stays «বর্ণিত আছে» until a book is found.,OPEN,XRM_v1.0
XRM-024,REF-083,REF-059,3,০৭  আমার যুগের ইমাম কে?,"L — VERIFIED-LIVE triage on Muslim 1851, which does not carry the manuscript's claim","Corpus Muslim 1851.01 (Abd al-Baqi arabicnumber): «من خلع يدا من طاعة لقي الله يوم القيامة لا حجة له ومن مات وليس في عنقه بيعة مات ميتة جاهلية»; «إمام» NOT IN TEXT (3 sub-hadith checked). REF-083 notebook source: «সহীহ মুসলিম, খণ্ড ৩, পৃ. ১৪৭৮» for the imam wording.",Never print «সহীহ মুসলিম» beside the imam wording; keep the two wordings separate (BUG-06).,OPEN,XRM_v1.0
XRM-025,REF-043,"REF-039, REF-045, REF-053, REF-080, REF-083, REF-107, REF-123, REF-132, REF-134, REF-142, REF-143, REF-157, REF-158, REF-201, REF-206, REF-236, REF-240, REF-242, REF-258, REF-264, REF-275, REF-293, REF-298, REF-312, REF-313, REF-316, REF-317, REF-326",2,০৬  আল্লাহর কাছে না পৌঁছানো নামাজ,C — VERIFIED-LIVE for Muslim numbers rests on a lookup that returned the wrong hadith,"Committed (git HEAD) raw.txt showed tools/verify_sunni.py `show muslim N` falling back to the sequential number: «muslim 2408 (num 2408/ar 1045.04) [The Book of Zakat]», «muslim 2404 (num 2404/ar 1044) [The Book of Zakat]», «muslim 1851 (num 1851/ar 793.04) [The Book of Prayer - Travellers]», «muslim 395 (num 395/ar 156)», etc. Re-run with arabicnumber prefix (this audit) and again with the fixed tool (`show muslim N` now lists ar N.01…; e.g. «muslim 2408 (num 6225/ar 2408.01)», «muslim 1851 (num 4793/ar 1851.01) [The Book on Government]») — identical results: 2408.01 Zayd b. Arqam «ثقلين … وأهل بيتي»; 2404.04 «اللهم هؤلاء أهلي»; 1851.01 «بيعة»; 2449.02 «يؤذيني ما آذاها»; 1821.01 «اثنا عشر خليفة»; 1759.01 «لا نورث»; 2450, 761, 863, 705, 2888, 1905, 1907, 8, 1637, 2266, 395, 2989 all match the ledger's claimed content.","STATUS 2026-10-03 (later in session): the working tree now has an uncommitted fix to verify_sunni.find() (integer-part match on arabicnumber, no Muslim fallback) and a regenerated raw.txt (e.g. «muslim 2408 (num 6225/ar 2408.01) [The Book of the Merits of the Companions]») — made by another process, not by this audit. Remaining: review/commit that fix, and update the six-book .md table (still built on the old run) before any Muslim number is printed as VERIFIED.",OPEN,XRM_v1.0
XRM-026,REF-317,REF-293,11,০৮  যে আলেম জানে কিন্তু করে না,C — Muslim 2989 left «PAGE-CHECK; text not surfaced» because of the same lookup defect,Corpus Muslim 2989.01 (arabicnumber prefix): «يؤتى بالرجل يوم القيامة فيلقى في النار فتندلق أقتاب بطنه فيدور بها كما يدور الحمار بالرحى»; Bukhari 3267: «فتندلق أقتابه في النار، فيدور كما يدور الحمار برحاه». Six-book table marked Muslim 2989 «⚠ PAGE-CHECK».,Upgrade REF-317 Muslim part to VERIFIED; the regenerated raw.txt (working tree) now shows «muslim 2989 (num 7483/ar 2989.01) [The Book of Zuhd…]» but sunni_six_books_check .md line for Muslim 2989 still says «⚠ PAGE-CHECK» — update it.,OPEN,XRM_v1.0
XRM-027,REF-224,REF-223,9,"০৪  যা বলি, তা কি নিজে করি?",I/A — REF-224 marked DUPLICATE of Tirmidhi 2951 but its wording is Tirmidhi 2950,"Corpus Tirmidhi 2950: «من قال في القرآن بغير علم فليتبوأ مقعده من النار» (Shakir: Daif; Albani: Daif; Zubair: Daif). Tirmidhi 2951: «اتقوا الحديث عني إلا ما علمتم … ومن قال في القرآن برأيه فليتبوأ مقعده من النار» (Shakir, Albani, Zubair: Daif). REF-224 Text: «যে ব্যক্তি সঠিক ইলম ব্যতীত কুরআন প্রসঙ্গে কোন কথা বলে…».","Un-DUP REF-224; cite Tirmidhi 2950 with grade; REF-223 keeps 2951 (not «২৯৫০/২৯৫১, সংস্করণভেদে»).",OPEN,XRM_v1.0
XRM-028,REF-222,REF-223,9,"০৪  যা বলি, তা কি নিজে করি?",B — prose renders a da'if report as flat «রাসূলুল্লাহ ﷺ বলেন»,"Corpus Tirmidhi 2951 grades: Ahmad Shakir: Daif; Al-Albani: Daif; Zubair Ali Zai: Daif (Tirmidhi himself: «حسن»). Prose REF-222: «ইবনু আব্বাস হতে বর্ণিত আছে, রাসূলুল্লাহ ﷺ বলেন: …».",Print the grade in the source block (BUG-22); prose «দুর্বল সনদে বর্ণিত আছে …» or equivalent — never flat.,OPEN,XRM_v1.0
XRM-029,REF-304,REF-305,11,০২  স্বভাব চেনার চার উপাদান,B/G — prose merges a da'if report (Abu Dawud 4784) with a sahih one (4782) into one flat saying,"Corpus Abu Dawud 4784: «إن الغضب من الشيطان وإن الشيطان خلق من النار وإنما تطفأ النار بالماء فإذا غضب أحدكم فليتوضأ» — Al-Albani Daif; Muhyi al-Din Daif; Shuaib al-Arnaut Daif; Zubair Isnaad Hasan. Abu Dawud 4782 (Abu Dhar): «إذا غضب أحدكم وهو قائم فليجلس فإن ذهب عنه الغضب وإلا فليضطجع» — Albani Sahih. Prose REF-304: «রাসূলুল্লাহ ﷺ বলেছেন, রাগ শয়তান থেকে … ওজু করো। দাঁড়িয়ে থাকলে বসে পড়ো, বসে থাকলে শুয়ে পড়ো।» (4782's condition «if the anger does not leave» dropped).",Separate the two reports in prose; grade 4784; render 4782's condition accurately.,OPEN,XRM_v1.0
XRM-030,REF-308,"REF-309, REF-164",11,০৬  প্রশান্ত আত্মার দিকে পথ,B — «মদীনাতুল ইলম» rendered as flat «রাসূলুল্লাহ ﷺ বলেছেন»; Tirmidhi's dar-al-hikma text is self-declared munkar,"Corpus search «مدينة العلم»: none in six books. Tirmidhi 3723: «أنا دار الحكمة وعلي بابها … هذا حديث غريب منكر» — Shakir: Daif; Albani: Daif; Zubair: Daif. Prose REF-308: «বর্ণিত আছে, রাসূলুল্লাহ ﷺ বলেছেন, ‘আমি জ্ঞানের নগরী, আর আলী তার দরজা।’». Hakim 4637-4639 and its grading: research-layer knowledge; needs page lock.",Print grade for whichever wording is cited; never cite Tirmidhi for «জ্ঞানের নগরী» (BUG-18).,OPEN,XRM_v1.0
XRM-031,REF-164,"REF-207, REF-240, REF-245, REF-309",7,০৮  কিতাবের জ্ঞান আছে কার কাছে?,"C/D — one hadith, five citation states",REF-164 «তিরমিযি/হাকিম; নম্বর মেলানো বাকি»; REF-207/245 no book; REF-240 row triaged VL while this clause is «বর্ণিত আছে»; REF-309 merges Hakim + Tirmidhi «হিকমতের ঘর». Corpus: «مدينة العلم» none; «دار الحكمة» = Tirmidhi 3723 only.,One canonical citation; Tirmidhi named only for «دار الحكمة» with its munkar remark.,OPEN,XRM_v1.0
XRM-032,REF-228,"REF-164, REF-309",9,০৫  এক গ্রামের দুই আলেম,K — «রাসূলুল্লাহ ﷺ জাবিরকে বলেছিলেন… জ্ঞান-দ্বার» marked UNIDENTIFIED while a Jabir recension of the madinat-al-ilm hadith is reported,"REF-228 Candidate: «Prophet to Jabir «باب العلم» — not located». A Jabir version of «أنا مدينة العلم وعلي بابها» in al-Hakim, al-Mustadrak 3:127 (h. 4639 region): research-layer knowledge; needs page lock. Six-book search «مدينة العلم»: none.","Check al-Hakim's Jabir version before declaring no source; if it matches, join HAD-MADINAT-ILM with the same grade note.",OPEN,XRM_v1.0
XRM-033,REF-240,"REF-143, REF-152",9,০৬  কুরআনে খলিফা কাকে বলা হয়েছে?,G/M — «আমার পর বারো জন খলিফা» quoted from texts that say neither «after me» nor (Bukhari) «khalifa»,Corpus Bukhari 7222: «يكون اثنا عشر أميرا … كلهم من قريش»; Muslim 1821.01: «إن هذا الأمر لا ينقضي حتى يمضي فيهم اثنا عشر خليفة … كلهم من قريش»; 1821.04: «لا يزال الإسلام عزيزا إلى اثنى عشر خليفة». No «بعدي» in these. REF-143/152 call both «বারো খলিফা».,Quote the wording of the book cited (أمير for Bukhari; خليفة for Muslim); drop «আমার পর» or source it separately.,OPEN,XRM_v1.0
XRM-034,REF-240,"REF-143, REF-236",9,০৬  কুরআনে খলিফা কাকে বলা হয়েছে?,"C — row triaged VERIFIED-LIVE while its bullet says «সবগুলো বর্ণিত আছে; PAGE-CHECK» and mixes VL, CANDIDATE and madinat-al-ilm items","Corpus Abu Dawud 4646: «خلافة النبوة ثلاثون سنة ثم يؤتي الله الملك» (Albani: Hasan Sahih); Tirmidhi 2226: «الخلافة في أمتي ثلاثون سنة ثم ملك بعد ذلك» (Shakir, Albani: Sahih). REF-240 Text: «… সবগুলো বর্ণিত আছে; নম্বর-পৃষ্ঠা PAGE-CHECK (তাকাভির তালিকা)».",Split REF-240 into one line per saying with its own status and number.,OPEN,XRM_v1.0
XRM-035,REF-012,REF-237,1,০৭  জুমার খুতবায় যা বলা হলো না,"C — Tirmidhi 3713 PAGE-CHECK in Part 1, CONFIRMED in Part 9","Corpus Tirmidhi 3713: «من كنت مولاه فعلي مولاه … هذا حديث حسن غريب»; Shakir: Sahih; Albani: Sahih; Zubair: Isnaad Sahih. REF-237: «CONFIRMED, সংস্করণ-পাঠ; SOURCE_REGISTER CL-HAD-003».",One status for HAD-MAWLA in all parts.,OPEN,XRM_v1.0
XRM-036,REF-233,REF-237,9,০৬  কুরআনে খলিফা কাকে বলা হয়েছে?,J/M — Ghadir congratulation voiced by «সাহাবিরা» in prose; source cited is a single-speaker report,Prose REF-233: «সাহাবিরা ইমাম আলী (আ.)-কে অভিনন্দন জানিয়েছিলেন— অভিনন্দন হোক হে আবু তালিবের পুত্র! …». REF-237 Candidate: Ahmad 18479/18502 (al-Bara'). Corpus: Ibn Majah 116 (Ghadir sermon) — «هنيئا» NOT IN TEXT; search «بخ بخ»: none in six books. Speaker in Ahmad's report (Umar): research-layer knowledge; needs page lock.,"After locking Ahmad, name the speaker as the source does; do not generalise to «সাহাবিরা» unless the source does.",OPEN,XRM_v1.0
XRM-037,REF-080,"REF-106, REF-107, REF-236",3,"০৬  ফাদাক, আর চুপ না থাকার সাহস",C/I — Muslim 2404 cited with three statuses/numberings; REF-236 under a different register key than the v1.1 table,"Corpus Muslim 2404.04: «دعا رسول الله صلى الله عليه وسلم عليا وفاطمة وحسنا وحسينا فقال اللهم هؤلاء أهلي»; 2404.01-.02: «أنت مني بمنزلة هارون من موسى». REF-080 PAGE-CHECK; REF-107 Bengali «৬০৬২ / পৃ. ৯১৭» (EDN); REF-236 key = HAD-MANZILA, but audit v1.1 register lists 236 under HAD-MUBAHALA.","Use 2404 everywhere (BUG-12); register: put 236 under HAD-MANZILA only (or both, with sub-numbers).",OPEN,XRM_v1.0
XRM-038,REF-188,"REF-096, REF-186, REF-190",8,০৪  মা সাইয়্যিদা ফাতিমাতুয্ যাহরা (আলাইহাস্ সালাম)-এর মুখে চাদরের ঘটনা,M/C/I — Muslim 2424 CONFIRMED for a kisa «through Umm Salama and Aisha»; Umm Salama version is in Tirmidhi,Corpus Muslim 2424: «قالت عائشة خرج النبي صلى الله عليه وسلم غداة وعليه مرط مرحل …»; «أم سلمة» NOT IN TEXT. Tirmidhi 3871 (Shahr b. Hawshab ← Umm Salama): «اللهم هؤلاء أهل بيتي وخاصتي … قال إنك على خير» (no «مكانك»). Tirmidhi 3205/3787 (Umar b. Abi Salama): «أنت على مكانك وأنت على خير / إلي خير». REF-186 Candidate says Tirmidhi 3871 carries «أنت على مكانك وأنت على خير». REF-096 has 2424 PAGE-CHECK; REF-188 CONFIRMED.,"REF-188: attribute Aisha → Muslim 2424, Umm Salama → Tirmidhi 3871/3205/3787; REF-186 cite 3205 or 3787 for the «على مكانك» wording; one status across HAD-KISA.",OPEN,XRM_v1.0
XRM-039,REF-144,"REF-187, REF-267, REF-269, REF-274",7,০৩  কুরআনই কি যথেষ্ট নয়?,D/E — six-month Anas report (Tirmidhi 3206) used inside a chapter titled «নয় মাস ধরে»; nine months / every prayer is a different report,Corpus Tirmidhi 3206: «كان يمر بباب فاطمة ستة أشهر إذا خرج إلى صلاة الفجر يقول الصلاة يا أهل البيت» — Shakir: Daif; Albani: Daif; Zubair: Daif. Part 10 Ch 02 title: «নয় মাস ধরে মেয়ের দরজায় রাসূলুল্লাহ ﷺ»; REF-187: «ইবনে আব্বাস: নয় মাস প্রতি নামাজে আলীর ঘরের দরজায়» (Shawahid al-Tanzil 2:11-14: research-layer knowledge; needs page lock); prose REF-269: «প্রতিদিন ফজরের সময়».,Keep the two reports and durations explicitly separate and attributed; Tirmidhi 3206 never as support for «নয় মাস»; print da'if grade.,OPEN,XRM_v1.0
XRM-040,REF-189,"REF-144, REF-274, REF-269",8,০৪  মা সাইয়্যিদা ফাতিমাতুয্ যাহরা (আলাইহাস্ সালাম)-এর মুখে চাদরের ঘটনা,C/F — the same Anas report cited to Tirmidhi (VL) and to Shawahid al-Tanzil (CAND); grade printed nowhere,"REF-189: «আনাস: ফজরের আগে … শাওয়াহিদুত তানযীল — PAGE-CHECK»; REF-144/274: «জামে তিরমিযিতে আনাস থেকে (ছয় মাস)». Corpus grades for 3206: Daif (Shakir, Albani, Zubair). Prose REF-269 narrates it without grade.",Cite Tirmidhi 3206 + grade in 189; same wording/status in 144/189/274.,OPEN,XRM_v1.0
XRM-041,REF-027,"REF-041, REF-154, REF-244",2,০৬  আল্লাহর কাছে না পৌঁছানো নামাজ,E/D — Jabir «nur nabiyyik» report used to support «মুহাম্মাদ ও আলে মুহাম্মাদের নূর»,"REF-154 Candidate: Jabir «أول ما خلق الله نور نبيك» (Prophet's light only), attributed to Abd al-Razzaq, disputed/absent in extant works (research-layer knowledge; needs page lock). Prose REF-027: «আল্লাহ সবার আগে সৃষ্টি করেছেন মুহাম্মাদ ও আলে মুহাম্মাদের নূর». REF-041 «Normalise with REF-154»; REF-244 (five persons, 1000 years before Adam) not located.",Do not let REF-154 stand as source for the Al-Muhammad claim; give 027/041 a Shia source if one is locked (e.g. Bihar 25) or keep «বর্ণিত আছে» only.,OPEN,XRM_v1.0
XRM-042,REF-025,"REF-034, REF-302, REF-303",2,০৬  আল্লাহর কাছে না পৌঁছানো নামাজ,J/F — speaker: «লেজকাটা দরুদ» prohibition voiced as the Prophet's in prose; al-Kafi text is an Imam's address; Sunni wording has no isnad,REF-034 Arabic (al-Kafi): «يَا عَبْدَ الله لا تَبْتُرْهَا لا تَظْلِمْنَا حَقَّنَا قُلِ اللهمَّ صَلِّ عَلَى مُحَمَّدٍ وَأَهْلِ بَيْتِهِ» (addressed by an Imam to a man). Prose REF-025/302: «রাসূলুল্লাহ ﷺ বলেছেন … / নিজেই … নিষেধ করেছেন». REF-303 Candidate: al-Sawa'iq al-Muhriqa «لا تصلوا علي الصلاة البتراء»; six-book search «البتراء»: none.,"Keep the Shia (Imam) and Sunni (Prophetic, al-Sawa'iq) attributions separate; prose must not merge them into one Prophetic quotation.",OPEN,XRM_v1.0
XRM-043,REF-025,REF-034,2,০৬  আল্লাহর কাছে না পৌঁছানো নামাজ,"G/M — expanded dialogue (names list, oath «… সে জাহান্নামী») sits under a Kafi/Amali citation that carries none of it","REF-034 Text: «অংশ ৬৮-এর পূর্ণ বর্ণনাটি লেখকের পাণ্ডুলিপি থেকে, «বর্ণিত আছে» হিসেবে». Prose REF-025 includes «আলী, ফাতেমা, হাসান, ও হোসেইন … আল্লাহর কসম … যে ব্যক্তি আমার আহলুল বাইতকে শত্রু মনে করবে, সে জাহান্নামী।» as the Prophet's speech.",Mark the expanded portion as the author's notebook narration; the Kafi/Amali citations support only «لا تبترها» and «من صلى علي ولم يصل على آلي…».,OPEN,XRM_v1.0
XRM-044,REF-033,"REF-321, REF-024",2,০৬  আল্লাহর কাছে না পৌঁছানো নামাজ,"D/F/G — nuqta saying: late carriers named in 033, «no reliable source» in 321; prose 024 glosses «بهاء» as beauty+light","REF-033: «পরবর্তী যুগের ইরফানি গ্রন্থে (রজব বুরসি, মাশারিকু আনওয়ারিল ইয়াকিন; কুন্দুযি, ইয়ানাবিউল মাওয়াদ্দা) পাওয়া যায়, সনদ নেই»; REF-321: «নির্ভরযোগ্য সূত্র পাওয়া যায়নি». Qunduzi is classed «late Sunni compilation» in REF-177 but grouped with Bursi's irfani work here. REF-024 prose: «‘বা’ হলো আল্লাহর ‘বাহা’, তাঁর সৌন্দর্য, তাঁর জ্যোতি। এটা হাদিস।»","Same wording in 033 and 321 (late, without isnad); keep the Bengali gloss outside the quoted hadith; consistent classification of Yanabi'.",OPEN,XRM_v1.0
XRM-045,REF-023,REF-032,2,০৬  আল্লাহর কাছে না পৌঁছানো নামাজ,H — Bihar al-Anwar volume for «سرقوا أكرم آية»: 85:20 (Text) vs 82:20 (candidate),"REF-032 Text: «বিহারুল আনওয়ার (বৈরুত/ওয়াফা) খণ্ড ৮৫, পৃ. ২০»; Candidate: «Bihar al-Anwar 82:20 (Beirut ed. numbering differs: 85:20)». Prose REF-023: «তাফসীরের কিতাবে বর্ণিত আছে».",Lock one Bihar edition (vol. + page) and Tafsir al-Ayyashi 1:21 h.14.,OPEN,XRM_v1.0
XRM-046,REF-035,"REF-284, REF-046",2,০৬  আল্লাহর কাছে না পৌঁছানো নামাজ,H/J/N — same al-Kafi hadith under two bab names and two Imams; a different Bihar hadith shares the key,"REF-035: «আল-কাফি, খণ্ড ২ … বাবু দাআইমিল ইসলাম, হাদিস ৫, যুরারা, ইমাম বাকির (আ.) থেকে»; REF-284: «ইমাম জাফর সাদিক (আ.): … বাবুল ওয়ালায়াহ»; triage says both = al-Kafi 2:18-19 h.5. REF-046 = Abu Hamza from Imam Zayn al-Abidin, Bihar 27:172-173 h.16 ← Amali al-Tusi — a different hadith under HAD-WILAYA-KAFI.",One bab name and one Imam for 035/284 per locked text; separate key for REF-046.,OPEN,XRM_v1.0
XRM-047,REF-063,"REF-249, REF-291",2,১০  মা সাইয়্যিদা যেভাবে ইবাদত করতেন,H — 'Ilal al-Shara'i' bab/page numbering inconsistent between two Fatima reports,REF-063 Candidate: «'Ilal al-Shara'i' 1:181-182 (bab 146)» («الجار ثم الدار»); REF-249/291: «'Ilal 1:180-181 (bab 142)» (Zahra name). Bab 142 and bab 146 on overlapping pages is implausible in one edition: research-layer knowledge; needs page lock.,Lock both items in the same named edition of 'Ilal.,OPEN,XRM_v1.0
XRM-048,REF-289,"REF-246, REF-249",10,০৮  নব্বই বছরের ইবাদত কেন হার মানল?,C/D — prose names «ইলালুশ শারায়ে» as source while the source block is PAGE-CHECK; two prose renderings of the same report,"Prose REF-289: «‘ইলালুশ শারায়ে’ গ্রন্থে বর্ণিত আছে, ‘… পবিত্র দেহ থেকে আলো বিচ্ছুরিত হতো’»; prose REF-246: «তাঁর নূর আসমানের অধিবাসীদের কাছে ঝলমল করে উঠত, যেমন … আকাশের তারা»; REF-249: «ইলালুশ শারায়ি/মাআনিল আখবারে থাকার কথা, PAGE-CHECK».",One Bengali rendering from the locked Arabic; book named in prose only after lock.,OPEN,XRM_v1.0
XRM-049,REF-086,"REF-259, REF-256",4,০৫  ইবাদত কীভাবে ভেতরটা বদলায়,H/D — Kanz al-'Ummal in two editions; three different wordings merged under one key,"REF-086 Text: «কানযুল উম্মাল, খণ্ড ৬, পৃ. ২১৯» (Hyderabad); Candidate/register: «al-Risala ed. 12:109 (h. 34227)». REF-259 lists «إن الله غير معذبك ولا ولدك» (Tabarani 11685), «أحصنت فرجها فحرمها الله وذريتها على النار» (Hakim 4726), «فطمها الله وفطم محبيها» (Kanz). Six-book search «أحصنت فرجها»: none (check B). Numbers: research-layer knowledge; needs page lock.",Name the Kanz edition; one source per wording; do not quote one wording under another's citation.,OPEN,XRM_v1.0
XRM-050,REF-256,REF-259,9,১১  আহলুল বাইত কি জাহান্নামে যেতে পারেন?,"B — weak, outside-six report rendered «রাসূলুল্লাহ ﷺ বলেছেন» with no grade","Prose REF-256: «বর্ণিত আছে, রাসূলুল্লাহ ﷺ বলেছেন: “নিশ্চয়ই আল্লাহ তোমাকে … জাহান্নামের আগুনে শাস্তি দিবেন না।”». REF-259 Candidate: Tabarani al-Kabir 11:263 (h. 11685 region), Majma' al-Zawa'id 9:202 — research-layer knowledge; needs page lock. Not in six books.",Grade in source block before print; prose attribution-only.,OPEN,XRM_v1.0
XRM-051,REF-257,REF-260,9,১১  আহলুল বাইত কি জাহান্নামে যেতে পারেন?,B — prose «রাসূলুল্লাহ ﷺ বলেছেন বলে বর্ণিত আছে» for a report the notebook itself marks «সনদ দুর্বল»,"REF-260 Text: «খাতায় আত-তাবারানী, আল-মু'জামুল কাবীর, ইবনে আব্বাস সূত্র, «সনদ দুর্বল» লেখা»; prose REF-257 quotes it as the Prophet's saying. Tabarani number: research-layer knowledge; needs page lock.",Print «দুর্বল সনদে» in source block; lock Tabarani number.,OPEN,XRM_v1.0
XRM-052,REF-050,"REF-057, REF-168",2,০৮  দানবাক্সের তিনশো বিশ টাকা,J/D — book title «ফিকহুর রেজা» turned into Imam al-Rida's direct speech; extra claim under a DUPLICATE row,"REF-057: «লেখকের খাতায় ফিকহুর রেজা গ্রন্থের নামে আছে; মূল পাতা মেলানো হয়নি»; prose REF-050: «বর্ণিত আছে, ইমাম রেজা (আ.) বলেছেন: …». REF-168 (DUP) adds «জিবরাঈলের পায়ের আঘাতে পাঁচ নদী» — not in 057. Attribution of Fiqh al-Rida to the Imam is disputed: research-layer knowledge; needs page lock.",Prose should follow the locked text's speaker; REF-168's five-rivers claim needs its own source (not a pure duplicate).,OPEN,XRM_v1.0
XRM-053,REF-089,"REF-216, REF-220",4,০৬  প্রকৃত মুমিনকে চেনা যায় কীভাবে?,"D/N — «three sunnas» saying: 'wali' vs 'imam' wording, added narrator, and use outside the source's explanation","REF-089: «রবের, নবীর, ওলীর»; prose REF-216: «… তার ইমামের একটি সুন্নাহ», adds «ইমাম আল-রেযার সেবা করতেন এমন একজন বর্ণনা করেছেন». The al-Kafi text explains the three sunnas as specific traits (keeping secrets / courtesy / patience) and P9-03 uses it for a bid'a argument: research-layer knowledge; needs page lock.",Quote the locked text with its own explanation; same wording in 089/216/220.,OPEN,XRM_v1.0
XRM-054,REF-167,REF-171,7,০৯  “ঈমানেরও কি দাম দিতে হয়?”,J — «not even one pang» answer voiced as the Prophet's in prose; carriers differ on speaker,"Prose REF-167: «রাসূলুল্লাহ ﷺ বললেন, “না, এমনকি মায়ের এক মুহূর্তের কষ্টের প্রতিদানও হয়নি।”». Six-book search «بزفرة»: none. REF-171 Candidate: al-Kafi 2:162-163, Bayhaqi Shu'ab, al-Bazzar. Al-Bukhari, al-Adab al-Mufrad no. 11 carries it as Ibn Umar's answer: research-layer knowledge; needs page lock.",Lock one carrier and name the speaker it gives.,OPEN,XRM_v1.0
XRM-055,REF-314,REF-318,11,০৮  যে আলেম জানে কিন্তু করে না,J — prose says the Prophet saw it «স্বপ্নে»; source cited is the Mi'raj report,"Prose REF-314: «রাসূলুল্লাহ ﷺ তো স্বপ্নে এমন কিছু লোককে দেখেছিলেন, যাদের মুখ আগুনের কাঁচি দিয়ে কাটা হচ্ছিল»; REF-318: «মুসনাদে আহমাদ (আনাস থেকে, মিরাজ প্রসঙ্গে)». Six-book search «مقاريض»: only Muslim 273 (Abu Musa on urine) — unrelated. Ahmad number: research-layer knowledge; needs page lock.",Align prose with the source (the Mi'raj night) or cite a dream report.,OPEN,XRM_v1.0
XRM-056,REF-307,REF-306,11,০৪  নিদর্শন দেখেও মানুষ মুখ ফেরায় কেন?,"J/N — moon-split source block adds «আকাবা, ১৪ জন» detail not in the cited texts","Corpus Muslim 2800.02 (Ibn Mas'ud): «بينما نحن مع رسول الله صلى الله عليه وسلم بمنى إذا انفلق القمر فلقتين»; Bukhari 3636: «انشق القمر … شقتين فقال اشهدوا» — no Aqaba, no fourteen. The «Aqaba / 14 men» detail resembles another event (the Tabuk 'Aqaba plot): research-layer knowledge; needs page lock.",Drop the detail or source it separately; do not attach it to the moon-split citation.,OPEN,XRM_v1.0
XRM-057,REF-048,REF-049,2,০৭  রাত পর্যন্ত: কুরআনের আলোকে ইফতার,K/B — «পানি বা খেজুর দিয়ে ইফতার» marked «মূল কিতাবের সূত্র এখনো মেলানো হয়নি» though six-book texts exist,"Corpus Abu Dawud 2356 (Anas): «كان رسول الله صلى الله عليه وسلم يفطر على رطبات … فإن لم تكن حسا حسوات من ماء» (Albani: Hasan Sahih); Tirmidhi 696 same (Shakir, Albani: Sahih). Tirmidhi 695 (Salman b. Amir): «إذا أفطر أحدكم فليفطر على تمر … فمن لم يجد فليفطر على ماء» — Shakir: Daif; Albani: Daif; Bashar: Hasan Sahih; Zubair: Sahih. Prose REF-048 «রাসূলুল্লাহ ﷺ পানি কিংবা খেজুর দিয়ে রোযা খুলতে বলেছেন» = the command version.","Cite Abu Dawud 2356 / Tirmidhi 696 for the practice; if the command is kept, cite Tirmidhi 695 with the grade disagreement.",OPEN,XRM_v1.0
XRM-058,REF-049,"REF-075, REF-107, REF-126",2,০৭  রাত পর্যন্ত: কুরআনের আলোকে ইফতার,I — Bengali/local edition numbers used beside standard numbers,"Corpus Bukhari 1954 (Umar): «إذا أقبل الليل من ها هنا، وأدبر النهار من ها هنا، وغربت الشمس، فقد أفطر الصائم» = ledger's «১৮১৫». REF-075 Bengali «২৮৭৪, ৩৪৪৬, ৬২৭০, ৪৯৬»; REF-107 «পৃ. ৯১৭, হাদীস ৬০৬২» = Muslim 2404; REF-126 «বাংলা সংস্করণের নম্বর PAGE-CHECK».",One numbering system for the whole book (BUG-12).,OPEN,XRM_v1.0
XRM-059,REF-075,"REF-079, REF-126, REF-131",3,"০৫  “রাদিয়াল্লাহু আনহা”, নাকি “আলাইহাস্ সালাম”?",I/M — «وهي جويرية فأقبلت تسعى» mapped to Bukhari 3110; it is Bukhari 520. Several listed numbers carry the dual «عليهما السلام»,"Corpus Bukhari 520: «فانطلق منطلق إلى فاطمة عليها السلام وهى جويرية، فأقبلت تسعى». Bukhari 3110: «خطب ابنة أبي جهل على فاطمة عليها السلام فسمعت رسول الله…» (Miswar; no جويرية). Bukhari 5361 «فاطمة عليهما السلام», 6318 «فاطمة عليهما السلام», 6726 «فاطمة، والعباس عليهما السلام» (dual). Honorifics are as printed in the fawazahmed0 Arabic edition only.",Proof-04 → Bukhari 520; list 5361/6318/6726 as dual-honorific occurrences; name the print edition whose honorifics are cited (BUG-12).,OPEN,XRM_v1.0
XRM-060,REF-126,"REF-130, REF-135",6,০৬  বারবার ফাদাকে ফেরা কেন?,D — time Fatima lived after the Prophet: Bukhari/Muslim «six months» vs Bihar 43 «40 days to 8 months»,"Corpus Bukhari 4240: «وعاشت بعد النبي صلى الله عليه وسلم ستة أشهر»; Muslim 1759.03: «وعاشت بعد رسول الله صلى الله عليه وسلم ستة أشهر». REF-130/135: «৪০ দিন থেকে ৮ মাস; ১৮ থেকে ২৮» (Bihar 43:212-215, 43:6-9 — research-layer knowledge; needs page lock).",Print both as attributed variants; never silently choose one.,OPEN,XRM_v1.0
XRM-061,REF-131,"REF-126, REF-079",6,০৭  তাঁর শেষ ইচ্ছা,"C/K/M — night burial marked «বর্ণিত আছে, PAGE-CHECK» although Bukhari 4240 carries it; washing/shrouding at night not in 4240","Corpus Bukhari 4240: «فلما توفيت، دفنها زوجها علي ليلا، ولم يؤذن بها أبا بكر وصلى عليها». REF-131 Text: «রাতে গোসল-কাফন-দাফন ও কবর গোপন রাখার ওসিয়ত — বর্ণিত আছে, PAGE-CHECK (খাতায় বুখারি ৪২৪০ লেখা, কিন্তু সেখানে গোপনের ওসিয়তের শব্দ নেই)».",Cite 4240 for night burial and not informing Abu Bakr; keep washing/shrouding detail and wasiyya with their Shia source (BUG-17).,OPEN,XRM_v1.0
XRM-062,REF-123,REF-081,6,"০৫  উত্তরাধিকার, উপহার, নাকি ব্যবস্থাপনা?",F/G — «আমরা নবীগণ উত্তরাধিকার রেখে যাই না» (= «معاشر الأنبياء») attributed to Bukhari/Muslim; that wording is not in them,"Corpus search «معاشر الأنبياء»: none in all six books. Bukhari 3093: «لا نورث ما تركنا صدقة»; Muslim 1759.01: «لا نورث ما تركنا صدقة إنما يأكل آل محمد … في هذا المال». The «إنا معاشر الأنبياء لا نورث» wording appears in al-Ihtijaj (Umar's counter-argument, S-181 §3-D) — a Shia recension.",Render the Bukhari/Muslim wording («আমরা উত্তরাধিকার রেখে যাই না; যা রেখে যাই তা সদকা»); cite the «নবীগণ» wording separately to its own source.,OPEN,XRM_v1.0
XRM-063,REF-121,"REF-136, REF-137, REF-138",6,"০৫  উত্তরাধিকার, উপহার, নাকি ব্যবস্থাপনা?",D/F/H — 17:26 Fadak gift: Tabarani vs Durr al-Manthur chain; Tabari/Tabarani confusion; a different Zayn al-Abidin report and a Shia Kafi report under one canonical,"REF-121 Text: «তাবারানী, আল-মু‘জামুল কাবীর; সুয়ূতী»; Candidate: «Tabarani not the primary carrier». REF-137 Text: «ইবনে জারীর তাবারী; বাজ্জার, আবু ইয়ালা … মিরাজুন নাবুয়্যাত» + «ইমাম যায়নুল আবেদীন ও শামদেশীয় লোক» (different event; Majma' al-Bayan 6:634). v1.1 register canonical: «Durr al-Manthur 4:177 + Kafi 1:543 h. 5». Pages: research-layer knowledge; needs page lock.","Separate Sunni chain, Shia Kafi report and the Zayn al-Abidin report; resolve Tabari vs Tabarani; drop Mi'raj al-Nubuwwa as primary.",OPEN,XRM_v1.0
XRM-064,REF-125,"REF-121, REF-136, REF-116",6,"০৫  উত্তরাধিকার, উপহার, নাকি ব্যবস্থাপনা?",J/D — Fadak as Khadija's mahr (no source) vs Fadak as fay' given to Fatima (sourced),REF-125 Candidate: «Fadak as Khadija's mahr — no classical source known». REF-121/136: Fadak given to Fatima on 17:26 (al-Durr al-Manthur; al-Kafi 1:543); REF-116: Fadak geography (Yaqut). Not verifiable here: research-layer knowledge; needs page lock.,Remove or reduce to «কেউ কেউ বলেন» without citation (BUG-23); never present beside the sourced account as an equal fact.,OPEN,XRM_v1.0
XRM-065,REF-117,"REF-118, REF-078, REF-081",6,০৪  পর্দার আড়াল থেকে খুতবা,H — al-Ihtijaj vol. 1 paginations from different editions not reconciled,"REF-117 Candidate: «al-Ihtijaj (al-Khurasan ed.) 1:131-149 (khutbat Fadak)»; REF-118: «al-Ihtijaj 1:131». S-181 §3-D: «একটি edition vol. 1, pp. 90–92; Muhammad Baqir al-Khurasan ed. vol. 1, pp. 119–127 (Fadak testimony ~p. 129)».",One al-Ihtijaj edition for khutba (117/118) and testimony (078/081).,OPEN,XRM_v1.0
XRM-066,REF-073,REF-161,3,০৪  ঘরের ভেতরে ইসার আর ভালোবাসা,J/D/B — same «who is more beloved» Kufa-minbar report with two narrators and two sources; munkar grades unprinted,Corpus Tirmidhi 3874: «… قالت فاطمة. فقيل من الرجال قالت زوجها» — Shakir: Munkar; Albani: Munkar. Tirmidhi 3868: «كان أحب النساء إلى رسول الله صلى الله عليه وسلم فاطمة ومن الرجال علي» — Shakir/Albani: Munkar. Tirmidhi 3819 (Usama): «فاطمة بنت محمد» — Shakir/Albani: Daif. REF-073: «আবু হুরাইরা ও কুফার মিম্বরের বর্ণনা … তাবারানি আওসাত»; REF-161: «ইবনে আবী নুজাইহ — কুফার মিম্বরে». Candidate: al-Hakim 3:155 h.4735 / Tabarani al-Awsat 7675 — research-layer knowledge; needs page lock.,One narrator and one source for the Abu Hurayra report; print munkar/da'if grades for the three Tirmidhi reports (BUG-22).,OPEN,XRM_v1.0
XRM-067,REF-128,"REF-173, REF-187, REF-189, REF-282",6,০৭  তাঁর শেষ ইচ্ছা,"F — Shawahid al-Tanzil (al-Hasakani) triaged SHIA-PAGE-CHECK in some rows, Sunni CANDIDATE in others","Triage: REF-128 SPC, REF-173 SPC; REF-187, REF-189, REF-282 CAND (all cite Shawahid al-Tanzil). Al-Hakim al-Hasakani is generally identified as a Hanafi (Sunni) author: research-layer knowledge; needs page lock. Same issue: Yanabi' al-Mawadda (Qunduzi) = «late Sunni compilation» in REF-177 vs grouped with irfani works in REF-033.",Classify each work once (Sunni / Shia / non-sectarian) and apply it in every row; this governs the 'keep Sunni and Shia separate' rule.,OPEN,XRM_v1.0
XRM-068,REF-158,REF-134,7,০৬  মসজিদে বুরুল্লাহর আব্বুর সেই সকাল,"H/F — pen-and-paper: Musnad Ahmad 3/364 vs 3/346, Bihar 22/469 vs 22:468-469; Sunni and Shia carriers listed in one line; two Bukhari wordings","REF-158 Text: «মুসনাদে আহমাদ ৩/৩৬৪; বিহারুল আনওয়ার ২২/৪৬৯; শেখ মুফিদ, আল-ইরশাদ»; Candidate: «Ahmad 3/346; Bihar 22:468-469; al-Irshad 1:184». Corpus: Bukhari 114 «قال عمر إن النبي صلى الله عليه وسلم غلبه الوجع وعندنا كتاب الله حسبنا»; «أهجر» wording at Bukhari 4431, 3168 and Muslim 1637.01. REF-134 Bengali «কোরআনই আমাদের জন্য যথেষ্ট» = Bukhari 114 (not 4431).",Cite Bukhari 114 for «حسبنا كتاب الله»; lock Ahmad page; list Shia carriers in a separate line.,OPEN,XRM_v1.0
XRM-069,REF-056,"REF-282, REF-051, REF-281",2,০৮  দানবাক্সের তিনশো বিশ টাকা,M/D — Abu Dharr ring-in-ruku narration (Part 2 and Part 10) unsourced in both source blocks; Tabari 5:55 supports only the ring report,"REF-056: «আংটির বর্ণনা তাবারি … (আস-সুদ্দি, উতবা ইবনে আবি হাকিম, মুজাহিদ) … আবু যার আল-গিফারীর বর্ণনার পাঠ লেখকের খাতা থেকে»; REF-282: «খাতামতো; সূত্র উল্লেখ নেই»; Candidate: al-Tha'labi, al-Kashf wal-Bayan on 5:55; Shawahid al-Tanzil 1:230 — research-layer knowledge; needs page lock. Prose 051 (Part 2) and 281 (Part 10) narrate the same Abu Dharr report.",Lock one source for the Abu Dharr narration and use it in both Parts; Tabari only for the ring reports it carries.,OPEN,XRM_v1.0
XRM-070,REF-176,"REF-178, REF-177",7,১১  আল্লাহর সরল পথ কোনটি?,J — «তিনিই সরল পথ ও মিজান»: Abu Abdullah (al-Sadiq) in prose vs Abu Ja'far (al-Baqir) via Burayd al-'Ijli in the source line,Prose REF-176: «আবু আবদুল্লাহ (আ.)-কে … জিজ্ঞাসা করা হলে»; REF-178: «আবু আবদুল্লাহ (আ.) … ; বুরাইদ আল-আজালির সূত্রে আবু জাফর (আ.) — তাফসীরে আইয়াশী»; REF-177: Yanabi' «ইমাম বাকির ও ইমাম সাদিক». Which Imam the Ayyashi text names: research-layer knowledge; needs page lock.,Name the Imam exactly as the locked Ayyashi text does.,OPEN,XRM_v1.0
XRM-071,REF-172,"REF-173, REF-174",7,১০  রোজ নামাজে কেন সরল পথ চাই,M — prose «Prophet and Ali on the bridge letting only their wilaya people pass»; cited sources cover other claims,Prose REF-172: «কিয়ামতের দিন রাসূলুল্লাহ ﷺ এবং ইমাম আলী সেই সেতুর উপর থাকবেন এবং কেবল তাঁদের ওয়ালিয়াতের উপর দৃঢ়পদে বহাল থাকা ব্যক্তিদেরই পার হতে দেবেন». REF-173: Shawahid on 1:6 (sirat = Ali); REF-174: Ma'ani al-Akhbar (sirat thinner than a hair). A «جواز» report for crossing the sirat is a separate tradition: research-layer knowledge; needs page lock.,Add the specific source for the passage claim or keep it «বর্ণিত আছে» only.,OPEN,XRM_v1.0
XRM-072,REF-169,REF-170,7,০৯  “ঈমানেরও কি দাম দিতে হয়?”,"J — «আমরাই সেই এতিম» attributed to Imam al-Rida (169) and to Imams al-Kazim/al-Sadiq (170), both mapped to al-Kafi 1:537-538","REF-169 Text: «ইমাম রেজা (আ.) — বর্ণিত আছে»; REF-170: «৫৭:১১-এর ব্যাখ্যায় ইমাম কাযিম, ইমাম সাদিক-এর হাদিস … আল-কাফি, … বাবু সিলাতিল ইমাম». Hadith-level Imam attribution: research-layer knowledge; needs page lock.",Name the Imam per locked hadith number in al-Kafi.,OPEN,XRM_v1.0
XRM-073,REF-287,"REF-294, REF-288",10,০৮  নব্বই বছরের ইবাদত কেন হার মানল?,G/D — «পদযুগলে কড়া পড়ে যেত» vs primary «تتورم قدماها» (swelling); source is an English anthology,"Prose REF-287 (Hasan al-Basri): «তাঁর পদযুগলে কড়া পড়ে যেত»; REF-294 Candidate: «ما كان في هذه الأمة أعبد من فاطمة كانت تقوم حتى تتورم قدماها» — research-layer knowledge; needs page lock. REF-294 source = «Fatima Zahra in the Words of the Infallibles» (secondary, BUG-29).",Translate from the primary after lock.,OPEN,XRM_v1.0
XRM-074,REF-004,"REF-087, REF-105",1,"০৫  ধন-সম্পদ, অভাব আর দানের পরীক্ষা",K — «no source / number-less» status where a six-book source exists (sadaqa),"Corpus Tirmidhi 614 (Ka'b b. Ujra): «والصدقة تطفئ الخطيئة كما يطفئ الماء النار» (Shakir, Albani: Sahih); Tirmidhi 2616 (Mu'adh) same (Albani: Sahih); Ibn Majah 3973 «والصدقة تطفئ الخطيئة كما يطفئ النار الماء» (Albani: Sahih). REF-004 Text: «তিরমিযিতে বর্ণিত বলে প্রচলিত; PAGE-CHECK … ছাপায় নম্বর ছাড়া»; triage CAND despite VL evidence.",Cite Tirmidhi 614/2616 with numbers; triage → VL (BUG-16).,OPEN,XRM_v1.0
XRM-075,REF-087,"REF-004, REF-105",4,০৫  ইবাদত কীভাবে ভেতরটা বদলায়,K — «এই শব্দে সূত্র খাতায় নেই» while Muslim 91 carries it,Corpus Tirmidhi 1998 / Abu Dawud 4091 / Ibn Majah 59: «لا يدخل الجنة من كان في قلبه مثقال حبة من خردل من كبر»; Muslim 91.02: «ولا يدخل الجنة أحد في قلبه مثقال حبة خردل من كبرياء».,Replace «বর্ণিত আছে» with the citation (BUG-16).,OPEN,XRM_v1.0
XRM-076,REF-105,"REF-004, REF-087",5,০৪  সূরা কাওসার নতুন করে পড়া,K — Ibn Abbas on al-Kawthar «সূত্রহীন» while Bukhari 4966 carries it,Corpus Bukhari 4966: «عن ابن عباس رضى الله عنهما أنه قال في الكوثر هو الخير الذي أعطاه الله إياه. قال أبو بشر قلت لسعيد بن جبير فإن الناس يزعمون أنه نهر في الجنة…».,Cite Bukhari 4966 (BUG-16).,OPEN,XRM_v1.0
XRM-077,REF-103,REF-099,5,০৪  সূরা কাওসার নতুন করে পড়া,K — «নির্দিষ্ট সূত্র নেই» while a Tabarani carrier is identified,"REF-103 Status «সূত্র নেই»; Candidate «al-Tabarani, al-Kabir 3:43 (h. 2630); al-Khatib, Tarikh Baghdad 1:316-317; Kanz 11:600» — research-layer knowledge; needs page lock. Six-book search «ذريتي في صلب»: none (consistent).",Status → CANDIDATE; lock page; attribution with grade.,OPEN,XRM_v1.0
XRM-078,REF-126,"REF-072, REF-076, REF-142, REF-157, REF-188, REF-206, REF-237, REF-242, REF-258",6,০৬  বারবার ফাদাকে ফেরা কেন?,"L — «CONFIRMED» printed on rows whose basis is internal documents or an AI paraphrase, not an edition lock","REF-126: «CONFIRMED (SECOND_NOTEBOOK/CITATION_RISK #১৩ …); বাংলা অর্থ এখানে Claude-এর অর্থানুবাদ»; 072 «CONFIRMED (বাইবেল §৪)»; 142 «CONFIRMED (STYLE §৪ ফাঁদ-তালিকা)»; 157 «CONFIRMED (S-173)»; 188 «CONFIRMED (SECOND_NOTEBOOK/CITATION_RISK; D-017)»; 206/242/258 «CONFIRMED, সংস্করণ-পাঠ»; 237 «CONFIRMED … SOURCE_REGISTER CL-HAD-003». Brief: CONFIRMED = edition-locked, print-ready; AI output is not evidence.",Downgrade to VERIFIED + EDITION-LOCK PENDING; replace the AI paraphrase in 126 with a human-checked translation (BUG-10).,OPEN,XRM_v1.0
XRM-079,REF-070,"REF-019, REF-080, REF-127, REF-144",3,০৪  ঘরের ভেতরে ইসার আর ভালোবাসা,L — Quran text «CONFIRMED» (api.alquran.cloud) sits in the same bullet as an interpretive claim,"REF-070: «কুরআন ২৫:৭৪ … CONFIRMED। «স্ত্রী = খাদিজা, বংশধর = ফাতিমা, চোখের আনন্দ = হাসান-হুসাইন» ব্যাখ্যা … (তাফসীরে কুম্মি … PAGE-CHECK)»; REF-080: «৩৩:৩৩ — CONFIRMED»; REF-019: «৭:১২ … CONFIRMED» + Iblis-offer tafsir; REF-144: «৩৩:৩৩ — CONFIRMED» beside Tirmidhi 3206 (da'if).",Status tag on the verse text only; interpretation keeps its own status in the same line.,OPEN,XRM_v1.0
XRM-080,REF-101,"REF-043, REF-044, REF-217, REF-226, REF-231",5,০৪  সূরা কাওসার নতুন করে পড়া,L/C — «VERIFIED» / «মেলানো» based on local or internal files,REF-101: «VERIFIED (স্থানীয় কপি: [LOCAL-PATH-REDACTED] Fatima Zahra SA … hubbe_ali_ch108_আল-কাউসার_bangla.md ল. ২৪৬–২৪৯)»; REF-043/044: «দেখুন SOURCE_REGISTER.md (CL-HAD-…)»; REF-217/226/231: «আগের পাসের যাচাই (PART_09 লগ B3/B5)». None is a published edition.,"Replace with edition/hadith citations (BUG-07, BUG-27); internal logs stay in the ledger.",OPEN,XRM_v1.0
XRM-081,REF-005,"REF-010, REF-012, REF-039, REF-043, REF-044, REF-045, REF-053, REF-054, REF-065, REF-067, REF-068, REF-071, REF-072, REF-073, REF-076, REF-080, REF-083, REF-085, REF-096, REF-123, REF-126, REF-132, REF-134, REF-142, REF-143, REF-144, REF-157, REF-158, REF-186, REF-188, REF-201, REF-202, REF-206, REF-223, REF-225, REF-236, REF-237, REF-240, REF-242, REF-250, REF-252, REF-258, REF-261, REF-262, REF-264, REF-271, REF-273, REF-274, REF-275, REF-277, REF-278, REF-285, REF-293, REF-298, REF-305, REF-307, REF-312, REF-313, REF-316, REF-317, REF-326",1,০৬  “জানি না” বলার সাহস,C — all 62 VERIFIED-LIVE rows still carry Status «PAGE-CHECK» / «বর্ণিত আছে» in the v1.2 Status column,Ledger v1.2: every row with Triage=VL (62) has Status containing «PAGE-CHECK» or «বর্ণিত আছে»; audit v1.1 §4 says PAGE-CHECK on a six-book number «is cleared for these rows». Muslim rows need the re-run noted in the Muslim-lookup row before upgrade.,Update Status for the 62 rows (after the Muslim re-run) so one hadith never shows VERIFIED in one row and PAGE-CHECK in another.,OPEN,XRM_v1.0
XRM-082,REF-094,REF-095,4,০৮  ইবনে রাজ্জাক কীভাবে বদলে গেলেন,[row-vs-corpus; Row_B = context row] E — Tirmidhi 1621 offered as the 'sound parallel' for «নফসের বিরুদ্ধে জিহাদই সর্বশ্রেষ্ঠ জিহাদ»; it carries no superlative,"Corpus Tirmidhi 1621: «وسمعت رسول الله صلى الله عليه وسلم يقول المجاهد من جاهد نفسه» (Shakir, Albani: Sahih). No «أكبر/أفضل الجهاد». REF-094 Candidate: Bayhaqi al-Zuhd 373 «قدمتم خير مقدم من الجهاد الأصغر إلى الجهاد الأكبر» — research-layer knowledge; needs page lock.",Cite 1621 only for its own wording; keep the 'greatest jihad' claim attributed to al-Bayhaqi with grade.,OPEN,XRM_v1.0
XRM-083,REF-095,REF-094,4,০৮  ইবনে রাজ্জাক কীভাবে বদলে গেলেন,J — «তোমার সবচেয়ে বড় শত্রু … তোমার নফস» attributed to Imam Ali; candidate carriers give it as a Prophetic report,REF-095 Text: «ইমাম আলী (আ.)-এর নামে প্রচলিত»; Candidate: «أعدى عدوك نفسك التي بين جنبيك» — Bayhaqi al-Zuhd 343; al-Daylami; 'Uddat al-Da'i; Bihar 70:64. Speaker in those carriers (Prophet via Ibn Abbas): research-layer knowledge; needs page lock.,Name the speaker as the locked source does.,OPEN,XRM_v1.0
XRM-084,REF-039,REF-305,2,০৬  আল্লাহর কাছে না পৌঁছানো নামাজ,[row-vs-corpus; Row_B = context row] I/D — audit BUG-30 says Bukhari = «يجري … مجرى الدم» and Muslim 2175 = «يبلغ … مبلغ الدم»; corpus shows both wordings in both books; manuscript's «من ابن آدم» matches only Bukhari 7171,"Corpus: Bukhari 7171 «إن الشيطان يجري من ابن آدم مجرى الدم»; Bukhari 2038 «يجري من الإنسان مجرى الدم»; Bukhari 2035 and 3101 «إن الشيطان يبلغ من الإنسان مبلغ الدم»; Muslim 2175.01 «إن الشيطان يجري من الإنسان مجرى الدم»; Muslim 2175.02 «يبلغ من الإنسان مبلغ الدم … ولم يقل يجري». Row_B REF-305 is the other «Shaytan» citation in the book (anger), for cross-reference only.","Correct BUG-30 text; in REF-039 cite Bukhari 7171 for the quoted Arabic, and Muslim 2175 only with «من الإنسان».",OPEN,XRM_v1.0
XRM-085,REF-016,"REF-263, REF-265",2,০১  ইবাদত না করেও কি জান্নাতে যাওয়া যায়?,[row-vs-corpus; Row_B = context row] I — candidate «Tirmidhi 3370 «الدعاء هو العبادة»» is the wrong number,"Corpus Tirmidhi 3370 (Abu Hurayra): «ليس شيء أكرم على الله تعالى من الدعاء» (Shakir/Albani: Hasan; Zubair: Daif); Tirmidhi 3371: «الدعاء مخ العبادة»; Tirmidhi 3372 (Nu'man b. Bashir): «الدعاء هو العبادة» (Shakir, Albani, Zubair: Sahih). Manuscript «দোয়া সর্বোচ্চ ইবাদত» matches none verbatim. REF-263/265 (du'a/Quran saying) are the chapter's other du'a items.",Correct the candidate number; quote the wording of whichever number is cited.,OPEN,XRM_v1.0
XRM-086,REF-054,REF-053,2,০৮  দানবাক্সের তিনশো বিশ টাকা,"[row-vs-corpus; Row_B = context row] D — «نعمت البدعة هذه» quoted for Bukhari 2010, whose text reads «نعم البدعة هذه»",Corpus Bukhari 2010: «قال عمر نعم البدعة هذه، والتي ينامون عنها أفضل»; search «نعمت البدعة»: none in six books (the «نعمت» form is in Malik's Muwatta': research-layer knowledge; needs page lock).,"Quote the wording of the cited edition, or cite al-Muwatta' for «نعمت».",OPEN,XRM_v1.0
XRM-087,REF-293,REF-326,10,০৮  নব্বই বছরের ইবাদত কেন হার মানল?,[row-vs-corpus; Row_B = context row] I — Muslim 2818 cited for «আমল নাজাত দেবে না»; 2818 says «لن يدخل الجنة»,Corpus Bukhari 6463: «لن ينجي أحدا منكم عمله»; Muslim 2816.04: «ليس أحد منكم ينجيه عمله»; Muslim 2818.01: «سددوا وقاربوا وأبشروا فإنه لن يدخل الجنة أحدا عمله» («ينجي» NOT IN TEXT).,Cite Muslim 2816 for the «নাজাত» wording.,OPEN,XRM_v1.0
XRM-088,REF-271,REF-267,10,০২  নয় মাস ধরে মেয়ের দরজায় রাসূলুল্লাহ ﷺ,"C/B — Tirmidhi 4 VERIFIED-LIVE but bullet says «বর্ণিত আছে (মুসনাদে আহমাদ/তিরমিযিতে প্রসিদ্ধ)», graders disagree, no grade",Corpus Tirmidhi 4 (Jabir): «مفتاح الجنة الصلاة ومفتاح الصلاة الوضوء» — Ahmad Shakir: Sahih Lighairihi; Al-Albani: Sahih; Zubair Ali Zai: Daif. Prose REF-267 builds on «জান্নাতের চাবি».,Cite Tirmidhi 4 with the grade disagreement.,OPEN,XRM_v1.0
XRM-089,REF-068,"REF-252, REF-262",3,০৩  ইবাদত কি আমাকে বদলাচ্ছে?,"C — same Aisha report (standing, kissing, seating) cited with numbers (068), as «আবু দাউদ ও তিরমিযিতে» (252), and as «বুখারি/মুসলিম ও সুনান» (262)","Corpus Abu Dawud 5217: «كانت إذا دخلت عليه قام إليها فأخذ بيدها وقبلها وأجلسها في مجلسه» (Albani: Sahih); Tirmidhi 3872 same (Shakir, Albani: Sahih). Bukhari 3623: «أقبلت فاطمة تمشي، كأن مشيتها مشى النبي … فقال مرحبا بابنتي». «চাদর বিছানো» (252) not in these: research-layer knowledge; needs page lock.",Normalise HAD-QIYAM-FATIMA to Abu Dawud 5217 / Tirmidhi 3872; Bukhari 3623 only for its own content.,OPEN,XRM_v1.0
XRM-090,REF-211,REF-212,9,০২  চোখের সামনের জিনিসও আমরা দেখি না কেন?,G — authorial/parenthetical curse formula inside the quoted words attributed to Imam al-Sadiq; source not opened,"Prose REF-211: «… ‘তার উপরে মেঘ …’ বলতে মোয়াবিয়াকে (আল্লাহর লানত তার উপর) এবং বনী উমাইয়াদের ফিতনাকে …»; REF-212: «তাফসিরে কুম্মি বলে অনুমান, খোলা হয়নি». Whether the parenthetical is in the Qummi text: research-layer knowledge; needs page lock.","After lock, keep inside quotation marks only what the source says; any added formula goes outside the quote (no theological change implied).",OPEN,XRM_v1.0
XRM-091,REF-205,REF-209,9,০১  হেদায়াত দেখতে কেমন?,B/K — unidentified saying rendered as divine speech «আল্লাহ বলেছেন»,"REF-209 Candidate: ««أحبوني … أحبوا وليي» — not located»; prose REF-205: «বর্ণিত আছে, আল্লাহ বলেছেন— আমাকে ভালোবাসো …».","Keep «বর্ণিত আছে» but drop direct 'Allah said' framing until a source is located, or remove.",OPEN,XRM_v1.0
XRM-092,REF-081,"REF-123, REF-078",3,"০৬  ফাদাক, আর চুপ না থাকার সাহস",J — person: Malik b. Aws b. al-Hadathan (Sunni narrator of Umar's «لا نورث» session) must not be conflated with Aus ibn al-Hadathan (witness in the Shia counter-testimony),"Fixed verify_sunni corpus: Bukhari 3094 «عن ابن شهاب، عن مالك بن أوس بن الحدثان … فانطلقت حتى أدخل ع[لى عمر]»; Bukhari 4033 «أخبرني مالك بن أوس بن الحدثان النصري، أن عمر بن الخطاب … دعاه»; Muslim 1757.01 «عن الزهري، عن مالك بن أوس، عن عمر، قال كانت أموال بني النضير مما أفاء الله على رسوله»; 1757.04 «عن مالك بن أوس، بن الحدثان قال أرسل إلى عمر بن الخطاب». He narrates Umar's later session with Ali and Abbas — he does not testify to Abu Bakr. S-181 §3-B: the Shia witness is «رجل من العرب يقال له أوس بن الحدثان من بني نضر» with Aisha and Hafsa. REF-081 notebook: «আউসের বিবরণ আলাদাভাবে মেলানো যায়নি» — a search on «ابن الحدثان» in the six books returns only Malik b. Aws, which invites conflation; REF-123 cites the Bukhari/Muslim «لا نورث» corpus in which Malik b. Aws is the narrator.","In prose and source blocks name «আউস ইবনুল হাদাসান» only with the Shia counter-testimony source (Qurb al-Isnad / Bihar 22 / al-Ihtijaj); never cite Bukhari 3094/4033 or Muslim 1757 for him; if Malik b. Aws is mentioned, identify him as the Sunni narrator of Umar's session, a separate person and event. Keep Sunni and Shia recensions separate.",OPEN,XRM_v1.0
HARVEST-REF078,REF-078,al-Ihtijaj deed authorship,3,০৬  ফাদাক,deed authorship Prophet vs Abu Bakr,S-181 + Fadak map,Author decision — keep OPEN,OPEN,FADAK_SPECIAL
