Quran_Ref,Surah,Ayah,Claim_IDs,Para_Indices,Control_Status,Tafsir_Claim_Separate,Note
1:1,1,1,B1-C00076,1637,STRUCTURAL_OK,YES,Standard mushaf numbering control; tafsir attributions remain PAGE-CHECK/CANDIDATE
1:2,1,2,B1-C00769,9141,STRUCTURAL_OK,YES,Standard mushaf numbering control; tafsir attributions remain PAGE-CHECK/CANDIDATE
1:6,1,6,B1-C00589|B1-C00591,6802|6804,STRUCTURAL_OK,YES,Standard mushaf numbering control; tafsir attributions remain PAGE-CHECK/CANDIDATE
1:7,1,7,B1-C00604,7044,STRUCTURAL_OK,YES,Standard mushaf numbering control; tafsir attributions remain PAGE-CHECK/CANDIDATE
2:2,2,2,B1-C00057|B1-C00305,1333|3744,STRUCTURAL_OK,YES,Standard mushaf numbering control; tafsir attributions remain PAGE-CHECK/CANDIDATE
2:3,2,3,B1-C00305|B1-C00306,3744|3745,STRUCTURAL_OK,YES,Standard mushaf numbering control; tafsir attributions remain PAGE-CHECK/CANDIDATE
2:30,2,30,B1-C00714,8433,STRUCTURAL_OK,YES,Standard mushaf numbering control; tafsir attributions remain PAGE-CHECK/CANDIDATE
2:34,2,34,B1-C00016|B1-C00089,501|1650,STRUCTURAL_OK,YES,Standard mushaf numbering control; tafsir attributions remain PAGE-CHECK/CANDIDATE
2:43,2,43,B1-C00802,9566,STRUCTURAL_OK,YES,Standard mushaf numbering control; tafsir attributions remain PAGE-CHECK/CANDIDATE
2:44,2,44,B1-C00599,6975,STRUCTURAL_OK,YES,Standard mushaf numbering control; tafsir attributions remain PAGE-CHECK/CANDIDATE
2:124,2,124,B1-C00032|B1-C00241,649|2964,STRUCTURAL_OK,YES,Standard mushaf numbering control; tafsir attributions remain PAGE-CHECK/CANDIDATE
2:142,2,142,B1-C00589,6802,STRUCTURAL_OK,YES,Standard mushaf numbering control; tafsir attributions remain PAGE-CHECK/CANDIDATE
2:156,2,156,B1-C00744|B1-C00842,8904|10060,STRUCTURAL_OK,YES,Standard mushaf numbering control; tafsir attributions remain PAGE-CHECK/CANDIDATE
2:174,2,174,B1-C00557,6457,STRUCTURAL_OK,YES,Standard mushaf numbering control; tafsir attributions remain PAGE-CHECK/CANDIDATE
2:177,2,177,B1-C00678|B1-C00880,8096|10852,STRUCTURAL_OK,YES,Standard mushaf numbering control; tafsir attributions remain PAGE-CHECK/CANDIDATE
2:180,2,180,B1-C00397,5213,STRUCTURAL_OK,YES,Standard mushaf numbering control; tafsir attributions remain PAGE-CHECK/CANDIDATE
2:183,2,183,B1-C00039,826,STRUCTURAL_OK,YES,Standard mushaf numbering control; tafsir attributions remain PAGE-CHECK/CANDIDATE
2:187,2,187,B1-C00113|B1-C00123|B1-C00131,1765|1901|1909,STRUCTURAL_OK,YES,Standard mushaf numbering control; tafsir attributions remain PAGE-CHECK/CANDIDATE
2:207,2,207,B1-C00636,7553,STRUCTURAL_OK,YES,Standard mushaf numbering control; tafsir attributions remain PAGE-CHECK/CANDIDATE
2:222,2,222,B1-C00294,3530,STRUCTURAL_OK,YES,Standard mushaf numbering control; tafsir attributions remain PAGE-CHECK/CANDIDATE
2:255,2,255,B1-C00001|B1-C00250,92|3018,STRUCTURAL_OK,YES,Standard mushaf numbering control; tafsir attributions remain PAGE-CHECK/CANDIDATE
2:257,2,257,B1-C00076|B1-C00737|B1-C00797,1637|8765|9498,STRUCTURAL_OK,YES,Standard mushaf numbering control; tafsir attributions remain PAGE-CHECK/CANDIDATE
2:258,2,258,B1-C00860,10479,STRUCTURAL_OK,YES,Standard mushaf numbering control; tafsir attributions remain PAGE-CHECK/CANDIDATE
2:261,2,261,B1-C00011,400,STRUCTURAL_OK,YES,Standard mushaf numbering control; tafsir attributions remain PAGE-CHECK/CANDIDATE
2:269,2,269,B1-C00016,501,STRUCTURAL_OK,YES,Standard mushaf numbering control; tafsir attributions remain PAGE-CHECK/CANDIDATE
2:286,2,286,B1-C00869|B1-C00869,10634|10634,STRUCTURAL_OK,YES,Standard mushaf numbering control; tafsir attributions remain PAGE-CHECK/CANDIDATE
3:31,3,31,B1-C00651,7811,STRUCTURAL_OK,YES,Standard mushaf numbering control; tafsir attributions remain PAGE-CHECK/CANDIDATE
3:33,3,33,B1-C00758,9059,STRUCTURAL_OK,YES,Standard mushaf numbering control; tafsir attributions remain PAGE-CHECK/CANDIDATE
3:61,3,61,B1-C00228|B1-C00338|B1-C00349|B1-C00714|B1-C00813,2843|4315|4511|8433|9645,STRUCTURAL_OK,YES,Standard mushaf numbering control; tafsir attributions remain PAGE-CHECK/CANDIDATE
3:85,3,85,B1-C00287|B1-C00397,3400|5213,STRUCTURAL_OK,YES,Standard mushaf numbering control; tafsir attributions remain PAGE-CHECK/CANDIDATE
3:101,3,101,B1-C00589,6802,STRUCTURAL_OK,YES,Standard mushaf numbering control; tafsir attributions remain PAGE-CHECK/CANDIDATE
3:102,3,102,B1-C00240|B1-C00266|B1-C00397,2963|3159|5213,STRUCTURAL_OK,YES,Standard mushaf numbering control; tafsir attributions remain PAGE-CHECK/CANDIDATE
3:169,3,169,B1-C00356,4798,STRUCTURAL_OK,YES,Standard mushaf numbering control; tafsir attributions remain PAGE-CHECK/CANDIDATE
3:185,3,185,B1-C00006,234,STRUCTURAL_OK,YES,Standard mushaf numbering control; tafsir attributions remain PAGE-CHECK/CANDIDATE
3:195,3,195,B1-C00636|B1-C00639,7553|7556,STRUCTURAL_OK,YES,Standard mushaf numbering control; tafsir attributions remain PAGE-CHECK/CANDIDATE
3:198,3,198,B1-C00636|B1-C00639,7553|7556,STRUCTURAL_OK,YES,Standard mushaf numbering control; tafsir attributions remain PAGE-CHECK/CANDIDATE
4:11,4,11,B1-C00397,5213,STRUCTURAL_OK,YES,Standard mushaf numbering control; tafsir attributions remain PAGE-CHECK/CANDIDATE
4:48,4,48,B1-C00286,3399,STRUCTURAL_OK,YES,Standard mushaf numbering control; tafsir attributions remain PAGE-CHECK/CANDIDATE
4:58,4,58,B1-C00860,10479,STRUCTURAL_OK,YES,Standard mushaf numbering control; tafsir attributions remain PAGE-CHECK/CANDIDATE
4:59,4,59,B1-C00160|B1-C00346|B1-C00347|B1-C00349|B1-C00547,2293|4463|4470|4511|6304,STRUCTURAL_OK,YES,Standard mushaf numbering control; tafsir attributions remain PAGE-CHECK/CANDIDATE
4:69,4,69,B1-C00604,7044,STRUCTURAL_OK,YES,Standard mushaf numbering control; tafsir attributions remain PAGE-CHECK/CANDIDATE
4:86,4,86,B1-C00206,2756,STRUCTURAL_OK,YES,Standard mushaf numbering control; tafsir attributions remain PAGE-CHECK/CANDIDATE
4:115,4,115,B1-C00557,6457,STRUCTURAL_OK,YES,Standard mushaf numbering control; tafsir attributions remain PAGE-CHECK/CANDIDATE
4:119,4,119,B1-C00089,1650,STRUCTURAL_OK,YES,Standard mushaf numbering control; tafsir attributions remain PAGE-CHECK/CANDIDATE
4:136,4,136,B1-C00256,3071,STRUCTURAL_OK,YES,Standard mushaf numbering control; tafsir attributions remain PAGE-CHECK/CANDIDATE
4:143,4,143,B1-C00299,3634,STRUCTURAL_OK,YES,Standard mushaf numbering control; tafsir attributions remain PAGE-CHECK/CANDIDATE
4:145,4,145,B1-C00299,3634,STRUCTURAL_OK,YES,Standard mushaf numbering control; tafsir attributions remain PAGE-CHECK/CANDIDATE
4:150,4,150,B1-C00433,5342,STRUCTURAL_OK,YES,Standard mushaf numbering control; tafsir attributions remain PAGE-CHECK/CANDIDATE
4:164,4,164,B1-C00769,9141,STRUCTURAL_OK,YES,Standard mushaf numbering control; tafsir attributions remain PAGE-CHECK/CANDIDATE
5:3,5,3,B1-C00490|B1-C00562,5674|6557,STRUCTURAL_OK,YES,Standard mushaf numbering control; tafsir attributions remain PAGE-CHECK/CANDIDATE
5:15,5,15,B1-C00702|B1-C00703,8290|8291,STRUCTURAL_OK,YES,Standard mushaf numbering control; tafsir attributions remain PAGE-CHECK/CANDIDATE
5:27,5,27,B1-C00860,10479,STRUCTURAL_OK,YES,Standard mushaf numbering control; tafsir attributions remain PAGE-CHECK/CANDIDATE
5:48,5,48,B1-C00769,9141,STRUCTURAL_OK,YES,Standard mushaf numbering control; tafsir attributions remain PAGE-CHECK/CANDIDATE
5:50,5,50,B1-C00397,5213,STRUCTURAL_OK,YES,Standard mushaf numbering control; tafsir attributions remain PAGE-CHECK/CANDIDATE
5:54,5,54,B1-C00723,8542,STRUCTURAL_OK,YES,Standard mushaf numbering control; tafsir attributions remain PAGE-CHECK/CANDIDATE
5:55,5,55,B1-C00076|B1-C00148|B1-C00156|B1-C00160|B1-C00797|B1-C00797,1637|2194|2202|2293|9498|9498,STRUCTURAL_OK,YES,Standard mushaf numbering control; tafsir attributions remain PAGE-CHECK/CANDIDATE
5:67,5,67,B1-C00490|B1-C00562,5674|6557,STRUCTURAL_OK,YES,Standard mushaf numbering control; tafsir attributions remain PAGE-CHECK/CANDIDATE
6:21,6,21,B1-C00860,10479,STRUCTURAL_OK,YES,Standard mushaf numbering control; tafsir attributions remain PAGE-CHECK/CANDIDATE
6:45,6,45,B1-C00116,1775,STRUCTURAL_OK,YES,Standard mushaf numbering control; tafsir attributions remain PAGE-CHECK/CANDIDATE
6:50,6,50,B1-C00663,7958,STRUCTURAL_OK,YES,Standard mushaf numbering control; tafsir attributions remain PAGE-CHECK/CANDIDATE
6:51,6,51,B1-C00130,1908,STRUCTURAL_OK,YES,Standard mushaf numbering control; tafsir attributions remain PAGE-CHECK/CANDIDATE
6:125,6,125,B1-C00737,8765,STRUCTURAL_OK,YES,Standard mushaf numbering control; tafsir attributions remain PAGE-CHECK/CANDIDATE
6:153,6,153,B1-C00595,6853,STRUCTURAL_OK,YES,Standard mushaf numbering control; tafsir attributions remain PAGE-CHECK/CANDIDATE
6:164,6,164,B1-C00123,1901,STRUCTURAL_OK,YES,Standard mushaf numbering control; tafsir attributions remain PAGE-CHECK/CANDIDATE
6:165,6,165,B1-C00714,8433,STRUCTURAL_OK,YES,Standard mushaf numbering control; tafsir attributions remain PAGE-CHECK/CANDIDATE
7:07,7,07,B1-C00130,1908,STRUCTURAL_OK,YES,Standard mushaf numbering control; tafsir attributions remain PAGE-CHECK/CANDIDATE
7:11,7,11,B1-C00089,1650,STRUCTURAL_OK,YES,Standard mushaf numbering control; tafsir attributions remain PAGE-CHECK/CANDIDATE
7:12,7,12,B1-C00016|B1-C00052,501|1172,STRUCTURAL_OK,YES,Standard mushaf numbering control; tafsir attributions remain PAGE-CHECK/CANDIDATE
7:16,7,16,B1-C00089|B1-C00589,1650|6802,STRUCTURAL_OK,YES,Standard mushaf numbering control; tafsir attributions remain PAGE-CHECK/CANDIDATE
7:17,7,17,B1-C00130,1908,STRUCTURAL_OK,YES,Standard mushaf numbering control; tafsir attributions remain PAGE-CHECK/CANDIDATE
7:23,7,23,B1-C00852,10322,STRUCTURAL_OK,YES,Standard mushaf numbering control; tafsir attributions remain PAGE-CHECK/CANDIDATE
7:46,7,46,B1-C00130,1908,STRUCTURAL_OK,YES,Standard mushaf numbering control; tafsir attributions remain PAGE-CHECK/CANDIDATE
7:128,7,128,B1-C00580,6738,STRUCTURAL_OK,YES,Standard mushaf numbering control; tafsir attributions remain PAGE-CHECK/CANDIDATE
7:142,7,142,B1-C00714,8433,STRUCTURAL_OK,YES,Standard mushaf numbering control; tafsir attributions remain PAGE-CHECK/CANDIDATE
7:199,7,199,B1-C00299|B1-C00678,3634|8096,STRUCTURAL_OK,YES,Standard mushaf numbering control; tafsir attributions remain PAGE-CHECK/CANDIDATE
7:205,7,205,B1-C00114|B1-C00124,1767|1902,STRUCTURAL_OK,YES,Standard mushaf numbering control; tafsir attributions remain PAGE-CHECK/CANDIDATE
8:2,8,2,B1-C00177|B1-C00350|B1-C00350,2532|4553|4553,STRUCTURAL_OK,YES,Standard mushaf numbering control; tafsir attributions remain PAGE-CHECK/CANDIDATE
8:17,8,17,B1-C00130,1908,STRUCTURAL_OK,YES,Standard mushaf numbering control; tafsir attributions remain PAGE-CHECK/CANDIDATE
8:24,8,24,B1-C00782,9255,STRUCTURAL_OK,YES,Standard mushaf numbering control; tafsir attributions remain PAGE-CHECK/CANDIDATE
8:28,8,28,B1-C00010,399,STRUCTURAL_OK,YES,Standard mushaf numbering control; tafsir attributions remain PAGE-CHECK/CANDIDATE
8:41,8,41,B1-C00148|B1-C00150,2194|2196,STRUCTURAL_OK,YES,Standard mushaf numbering control; tafsir attributions remain PAGE-CHECK/CANDIDATE
8:62,8,62,B1-C00644,7659,STRUCTURAL_OK,YES,Standard mushaf numbering control; tafsir attributions remain PAGE-CHECK/CANDIDATE
8:75,8,75,B1-C00397,5213,STRUCTURAL_OK,YES,Standard mushaf numbering control; tafsir attributions remain PAGE-CHECK/CANDIDATE
9:11,9,11,B1-C00148,2194,STRUCTURAL_OK,YES,Standard mushaf numbering control; tafsir attributions remain PAGE-CHECK/CANDIDATE
9:84,9,84,B1-C00640,7599,STRUCTURAL_OK,YES,Standard mushaf numbering control; tafsir attributions remain PAGE-CHECK/CANDIDATE
9:100,9,100,B1-C00206,2756,STRUCTURAL_OK,YES,Standard mushaf numbering control; tafsir attributions remain PAGE-CHECK/CANDIDATE
9:103,9,103,B1-C00039|B1-C00309,826|3867,STRUCTURAL_OK,YES,Standard mushaf numbering control; tafsir attributions remain PAGE-CHECK/CANDIDATE
9:105,9,105,B1-C00076|B1-C00086,1637|1647,STRUCTURAL_OK,YES,Standard mushaf numbering control; tafsir attributions remain PAGE-CHECK/CANDIDATE
9:119,9,119,B1-C00349|B1-C00604,4511|7044,STRUCTURAL_OK,YES,Standard mushaf numbering control; tafsir attributions remain PAGE-CHECK/CANDIDATE
9:128,9,128,B1-C00397,5213,STRUCTURAL_OK,YES,Standard mushaf numbering control; tafsir attributions remain PAGE-CHECK/CANDIDATE
10:20,10,20,B1-C00304|B1-C00305,3689|3744,STRUCTURAL_OK,YES,Standard mushaf numbering control; tafsir attributions remain PAGE-CHECK/CANDIDATE
10:57,10,57,B1-C00294,3530,STRUCTURAL_OK,YES,Standard mushaf numbering control; tafsir attributions remain PAGE-CHECK/CANDIDATE
10:62,10,62,B1-C00350,4553,STRUCTURAL_OK,YES,Standard mushaf numbering control; tafsir attributions remain PAGE-CHECK/CANDIDATE
11:24,11,24,B1-C00264,3157,STRUCTURAL_OK,YES,Standard mushaf numbering control; tafsir attributions remain PAGE-CHECK/CANDIDATE
11:113,11,113,B1-C00309,3867,STRUCTURAL_OK,YES,Standard mushaf numbering control; tafsir attributions remain PAGE-CHECK/CANDIDATE
11:114,11,114,B1-C00123|B1-C00785,1901|9345,STRUCTURAL_OK,YES,Standard mushaf numbering control; tafsir attributions remain PAGE-CHECK/CANDIDATE
12:53,12,53,B1-C00089|B1-C00243|B1-C00277|B1-C00855,1650|2966|3321|10397,STRUCTURAL_OK,YES,Standard mushaf numbering control; tafsir attributions remain PAGE-CHECK/CANDIDATE
13:7,13,7,B1-C00599|B1-C00601,6975|6977,STRUCTURAL_OK,YES,Standard mushaf numbering control; tafsir attributions remain PAGE-CHECK/CANDIDATE
13:27,13,27,B1-C00655,7815,STRUCTURAL_OK,YES,Standard mushaf numbering control; tafsir attributions remain PAGE-CHECK/CANDIDATE
13:28,13,28,B1-C00057|B1-C00294,1333|3530,STRUCTURAL_OK,YES,Standard mushaf numbering control; tafsir attributions remain PAGE-CHECK/CANDIDATE
13:43,13,43,B1-C00573|B1-C00574,6645|6646,STRUCTURAL_OK,YES,Standard mushaf numbering control; tafsir attributions remain PAGE-CHECK/CANDIDATE
14:22,14,22,B1-C00055,1248,STRUCTURAL_OK,YES,Standard mushaf numbering control; tafsir attributions remain PAGE-CHECK/CANDIDATE
14:42,14,42,B1-C00860,10479,STRUCTURAL_OK,YES,Standard mushaf numbering control; tafsir attributions remain PAGE-CHECK/CANDIDATE
15:9,15,9,B1-C00769,9141,STRUCTURAL_OK,YES,Standard mushaf numbering control; tafsir attributions remain PAGE-CHECK/CANDIDATE
15:87,15,87,B1-C00076,1637,STRUCTURAL_OK,YES,Standard mushaf numbering control; tafsir attributions remain PAGE-CHECK/CANDIDATE
16:43,16,43,B1-C00573,6645,STRUCTURAL_OK,YES,Standard mushaf numbering control; tafsir attributions remain PAGE-CHECK/CANDIDATE
16:78,16,78,B1-C00175,2530,STRUCTURAL_OK,YES,Standard mushaf numbering control; tafsir attributions remain PAGE-CHECK/CANDIDATE
16:108,16,108,B1-C00557,6457,STRUCTURAL_OK,YES,Standard mushaf numbering control; tafsir attributions remain PAGE-CHECK/CANDIDATE
17:15,17,15,B1-C00123,1901,STRUCTURAL_OK,YES,Standard mushaf numbering control; tafsir attributions remain PAGE-CHECK/CANDIDATE
17:26,17,26,B1-C00148|B1-C00151|B1-C00152|B1-C00152|B1-C00433|B1-C00434|B1-C00456|B1-C00515|B1-C00516,2194|2197|2198|2198|5342|5343|5502|5811|5812,STRUCTURAL_OK,YES,Standard mushaf numbering control; tafsir attributions remain PAGE-CHECK/CANDIDATE
17:36,17,36,B1-C00016,501,STRUCTURAL_OK,YES,Standard mushaf numbering control; tafsir attributions remain PAGE-CHECK/CANDIDATE
17:62,17,62,B1-C00089,1650,STRUCTURAL_OK,YES,Standard mushaf numbering control; tafsir attributions remain PAGE-CHECK/CANDIDATE
17:64,17,64,B1-C00089,1650,STRUCTURAL_OK,YES,Standard mushaf numbering control; tafsir attributions remain PAGE-CHECK/CANDIDATE
17:71,17,71,B1-C00076|B1-C00246|B1-C00249|B1-C00623,1637|2998|3017|7294,STRUCTURAL_OK,YES,Standard mushaf numbering control; tafsir attributions remain PAGE-CHECK/CANDIDATE
17:72,17,72,B1-C00239,2962,STRUCTURAL_OK,YES,Standard mushaf numbering control; tafsir attributions remain PAGE-CHECK/CANDIDATE
17:78,17,78,B1-C00785,9345,STRUCTURAL_OK,YES,Standard mushaf numbering control; tafsir attributions remain PAGE-CHECK/CANDIDATE
18:50,18,50,B1-C00016|B1-C00054,501|1174,STRUCTURAL_OK,YES,Standard mushaf numbering control; tafsir attributions remain PAGE-CHECK/CANDIDATE
18:57,18,57,B1-C00869,10634,STRUCTURAL_OK,YES,Standard mushaf numbering control; tafsir attributions remain PAGE-CHECK/CANDIDATE
19:5,19,5,B1-C00397,5213,STRUCTURAL_OK,YES,Standard mushaf numbering control; tafsir attributions remain PAGE-CHECK/CANDIDATE
19:31,19,31,B1-C00797,9498,STRUCTURAL_OK,YES,Standard mushaf numbering control; tafsir attributions remain PAGE-CHECK/CANDIDATE
19:59,19,59,B1-C00791,9419,STRUCTURAL_OK,YES,Standard mushaf numbering control; tafsir attributions remain PAGE-CHECK/CANDIDATE
20:1,20,1,B1-C00813,9645,STRUCTURAL_OK,YES,Standard mushaf numbering control; tafsir attributions remain PAGE-CHECK/CANDIDATE
20:29,20,29,B1-C00797,9498,STRUCTURAL_OK,YES,Standard mushaf numbering control; tafsir attributions remain PAGE-CHECK/CANDIDATE
20:132,20,132,B1-C00778,9251,STRUCTURAL_OK,YES,Standard mushaf numbering control; tafsir attributions remain PAGE-CHECK/CANDIDATE
21:102,21,102,B1-C00744,8904,STRUCTURAL_OK,YES,Standard mushaf numbering control; tafsir attributions remain PAGE-CHECK/CANDIDATE
21:105,21,105,B1-C00047,1093,STRUCTURAL_OK,YES,Standard mushaf numbering control; tafsir attributions remain PAGE-CHECK/CANDIDATE
22:35,22,35,B1-C00299|B1-C00299,3634|3634,STRUCTURAL_OK,YES,Standard mushaf numbering control; tafsir attributions remain PAGE-CHECK/CANDIDATE
22:37,22,37,B1-C00148,2194,STRUCTURAL_OK,YES,Standard mushaf numbering control; tafsir attributions remain PAGE-CHECK/CANDIDATE
22:46,22,46,B1-C00035,701,STRUCTURAL_OK,YES,Standard mushaf numbering control; tafsir attributions remain PAGE-CHECK/CANDIDATE
22:54,22,54,B1-C00589,6802,STRUCTURAL_OK,YES,Standard mushaf numbering control; tafsir attributions remain PAGE-CHECK/CANDIDATE
23:1,23,1,B1-C00299|B1-C00802,3634|9566,STRUCTURAL_OK,YES,Standard mushaf numbering control; tafsir attributions remain PAGE-CHECK/CANDIDATE
23:99,23,99,B1-C00869,10634,STRUCTURAL_OK,YES,Standard mushaf numbering control; tafsir attributions remain PAGE-CHECK/CANDIDATE
24:24,24,24,B1-C00115|B1-C00124,1769|1902,STRUCTURAL_OK,YES,Standard mushaf numbering control; tafsir attributions remain PAGE-CHECK/CANDIDATE
24:35,24,35,B1-C00076|B1-C00148|B1-C00242|B1-C00545|B1-C00547|B1-C00547|B1-C00835,1637|2194|2965|6274|6304|6304|9957,STRUCTURAL_OK,YES,Standard mushaf numbering control; tafsir attributions remain PAGE-CHECK/CANDIDATE
24:36,24,36,B1-C00114|B1-C00124,1767|1902,STRUCTURAL_OK,YES,Standard mushaf numbering control; tafsir attributions remain PAGE-CHECK/CANDIDATE
24:40,24,40,B1-C00663|B1-C00663|B1-C00664,7958|7958|7959,STRUCTURAL_OK,YES,Standard mushaf numbering control; tafsir attributions remain PAGE-CHECK/CANDIDATE
25:5,25,5,B1-C00114|B1-C00124,1767|1902,STRUCTURAL_OK,YES,Standard mushaf numbering control; tafsir attributions remain PAGE-CHECK/CANDIDATE
25:43,25,43,B1-C00089,1650,STRUCTURAL_OK,YES,Standard mushaf numbering control; tafsir attributions remain PAGE-CHECK/CANDIDATE
25:74,25,74,B1-C00188|B1-C00188|B1-C00562,2672|2672|6557,STRUCTURAL_OK,YES,Standard mushaf numbering control; tafsir attributions remain PAGE-CHECK/CANDIDATE
26:88,26,88,B1-C00294,3530,STRUCTURAL_OK,YES,Standard mushaf numbering control; tafsir attributions remain PAGE-CHECK/CANDIDATE
27:16,27,16,B1-C00375|B1-C00377|B1-C00397,4930|4950|5213,STRUCTURAL_OK,YES,Standard mushaf numbering control; tafsir attributions remain PAGE-CHECK/CANDIDATE
27:40,27,40,B1-C00573,6645,STRUCTURAL_OK,YES,Standard mushaf numbering control; tafsir attributions remain PAGE-CHECK/CANDIDATE
28:41,28,41,B1-C00714,8433,STRUCTURAL_OK,YES,Standard mushaf numbering control; tafsir attributions remain PAGE-CHECK/CANDIDATE
28:56,28,56,B1-C00655,7815,STRUCTURAL_OK,YES,Standard mushaf numbering control; tafsir attributions remain PAGE-CHECK/CANDIDATE
28:68,28,68,B1-C00315,3954,STRUCTURAL_OK,YES,Standard mushaf numbering control; tafsir attributions remain PAGE-CHECK/CANDIDATE
28:76,28,76,B1-C00803,9567,STRUCTURAL_OK,YES,Standard mushaf numbering control; tafsir attributions remain PAGE-CHECK/CANDIDATE
29:10,29,10,B1-C00299,3634,STRUCTURAL_OK,YES,Standard mushaf numbering control; tafsir attributions remain PAGE-CHECK/CANDIDATE
29:45,29,45,B1-C00039|B1-C00076|B1-C00294|B1-C00802,826|1637|3530|9566,STRUCTURAL_OK,YES,Standard mushaf numbering control; tafsir attributions remain PAGE-CHECK/CANDIDATE
30:30,30,30,B1-C00174,2529,STRUCTURAL_OK,YES,Standard mushaf numbering control; tafsir attributions remain PAGE-CHECK/CANDIDATE
30:38,30,38,B1-C00456|B1-C00456|B1-C00457|B1-C00515,5502|5502|5503|5811,STRUCTURAL_OK,YES,Standard mushaf numbering control; tafsir attributions remain PAGE-CHECK/CANDIDATE
32:23,32,23,B1-C00721,8440,STRUCTURAL_OK,YES,Standard mushaf numbering control; tafsir attributions remain PAGE-CHECK/CANDIDATE
32:24,32,24,B1-C00713|B1-C00714|B1-C00715,8432|8433|8434,STRUCTURAL_OK,YES,Standard mushaf numbering control; tafsir attributions remain PAGE-CHECK/CANDIDATE
33:6,33,6,B1-C00397,5213,STRUCTURAL_OK,YES,Standard mushaf numbering control; tafsir attributions remain PAGE-CHECK/CANDIDATE
33:33,33,33,B1-C00003|B1-C00026|B1-C00206|B1-C00228|B1-C00314|B1-C00318|B1-C00349|B1-C00533|B1-C00533|B1-C00589|B1-C00611|B1-C00615|B1-C00616|B1-C00758|B1-C00778,157|585|2756|2843|3950|4058|4511|6108|6108|6802|7115|7129|7143|9059|9251,STRUCTURAL_OK,YES,Standard mushaf numbering control; tafsir attributions remain PAGE-CHECK/CANDIDATE
33:36,33,36,B1-C00557,6457,STRUCTURAL_OK,YES,Standard mushaf numbering control; tafsir attributions remain PAGE-CHECK/CANDIDATE
33:56,33,56,B1-C00101|B1-C00356|B1-C00836,1662|4798|9958,STRUCTURAL_OK,YES,Standard mushaf numbering control; tafsir attributions remain PAGE-CHECK/CANDIDATE
33:57,33,57,B1-C00744,8904,STRUCTURAL_OK,YES,Standard mushaf numbering control; tafsir attributions remain PAGE-CHECK/CANDIDATE
33:70,33,70,B1-C00737,8765,STRUCTURAL_OK,YES,Standard mushaf numbering control; tafsir attributions remain PAGE-CHECK/CANDIDATE
35:7,35,7,B1-C00285,3398,STRUCTURAL_OK,YES,Standard mushaf numbering control; tafsir attributions remain PAGE-CHECK/CANDIDATE
35:10,35,10,B1-C00076,1637,STRUCTURAL_OK,YES,Standard mushaf numbering control; tafsir attributions remain PAGE-CHECK/CANDIDATE
35:19,35,19,B1-C00034|B1-C00036,700|702,STRUCTURAL_OK,YES,Standard mushaf numbering control; tafsir attributions remain PAGE-CHECK/CANDIDATE
35:28,35,28,B1-C00397,5213,STRUCTURAL_OK,YES,Standard mushaf numbering control; tafsir attributions remain PAGE-CHECK/CANDIDATE
36:37,36,37,B1-C00123,1901,STRUCTURAL_OK,YES,Standard mushaf numbering control; tafsir attributions remain PAGE-CHECK/CANDIDATE
36:58,36,58,B1-C00206|B1-C00206,2756|2756,STRUCTURAL_OK,YES,Standard mushaf numbering control; tafsir attributions remain PAGE-CHECK/CANDIDATE
37:109,37,109,B1-C00206,2756,STRUCTURAL_OK,YES,Standard mushaf numbering control; tafsir attributions remain PAGE-CHECK/CANDIDATE
38:26,38,26,B1-C00714,8433,STRUCTURAL_OK,YES,Standard mushaf numbering control; tafsir attributions remain PAGE-CHECK/CANDIDATE
38:71,38,71,B1-C00089,1650,STRUCTURAL_OK,YES,Standard mushaf numbering control; tafsir attributions remain PAGE-CHECK/CANDIDATE
38:75,38,75,B1-C00644|B1-C00728|B1-C00729,7659|8644|8645,STRUCTURAL_OK,YES,Standard mushaf numbering control; tafsir attributions remain PAGE-CHECK/CANDIDATE
38:76,38,76,B1-C00658|B1-C00737,7818|8765,STRUCTURAL_OK,YES,Standard mushaf numbering control; tafsir attributions remain PAGE-CHECK/CANDIDATE
39:53,39,53,B1-C00758,9059,STRUCTURAL_OK,YES,Standard mushaf numbering control; tafsir attributions remain PAGE-CHECK/CANDIDATE
41:30,41,30,B1-C00869,10634,STRUCTURAL_OK,YES,Standard mushaf numbering control; tafsir attributions remain PAGE-CHECK/CANDIDATE
42:23,42,23,B1-C00248|B1-C00323|B1-C00349|B1-C00657|B1-C00758|B1-C00829,3016|4133|4511|7817|9059|9796,STRUCTURAL_OK,YES,Standard mushaf numbering control; tafsir attributions remain PAGE-CHECK/CANDIDATE
43:36,43,36,B1-C00076,1637,STRUCTURAL_OK,YES,Standard mushaf numbering control; tafsir attributions remain PAGE-CHECK/CANDIDATE
44:1,44,1,B1-C00728|B1-C00729,8644|8645,STRUCTURAL_OK,YES,Standard mushaf numbering control; tafsir attributions remain PAGE-CHECK/CANDIDATE
45:19,45,19,B1-C00309,3867,STRUCTURAL_OK,YES,Standard mushaf numbering control; tafsir attributions remain PAGE-CHECK/CANDIDATE
45:23,45,23,B1-C00089,1650,STRUCTURAL_OK,YES,Standard mushaf numbering control; tafsir attributions remain PAGE-CHECK/CANDIDATE
49:13,49,13,B1-C00206,2756,STRUCTURAL_OK,YES,Standard mushaf numbering control; tafsir attributions remain PAGE-CHECK/CANDIDATE
49:14,49,14,B1-C00265,3158,STRUCTURAL_OK,YES,Standard mushaf numbering control; tafsir attributions remain PAGE-CHECK/CANDIDATE
51:56,51,56,B1-C00043|B1-C00824|B1-C00845,1029|9727|10151,STRUCTURAL_OK,YES,Standard mushaf numbering control; tafsir attributions remain PAGE-CHECK/CANDIDATE
51:58,51,58,B1-C00845,10151,STRUCTURAL_OK,YES,Standard mushaf numbering control; tafsir attributions remain PAGE-CHECK/CANDIDATE
53:2,53,2,B1-C00377,4950,STRUCTURAL_OK,YES,Standard mushaf numbering control; tafsir attributions remain PAGE-CHECK/CANDIDATE
53:3,53,3,B1-C00744,8904,STRUCTURAL_OK,YES,Standard mushaf numbering control; tafsir attributions remain PAGE-CHECK/CANDIDATE
53:39,53,39,B1-C00860,10479,STRUCTURAL_OK,YES,Standard mushaf numbering control; tafsir attributions remain PAGE-CHECK/CANDIDATE
54:1,54,1,B1-C00848,10232,STRUCTURAL_OK,YES,Standard mushaf numbering control; tafsir attributions remain PAGE-CHECK/CANDIDATE
54:54,54,54,B1-C00299,3634,STRUCTURAL_OK,YES,Standard mushaf numbering control; tafsir attributions remain PAGE-CHECK/CANDIDATE
55:29,55,29,B1-C00101,1662,STRUCTURAL_OK,YES,Standard mushaf numbering control; tafsir attributions remain PAGE-CHECK/CANDIDATE
57:11,57,11,B1-C00580|B1-C00583,6738|6741,STRUCTURAL_OK,YES,Standard mushaf numbering control; tafsir attributions remain PAGE-CHECK/CANDIDATE
58:19,58,19,B1-C00869,10634,STRUCTURAL_OK,YES,Standard mushaf numbering control; tafsir attributions remain PAGE-CHECK/CANDIDATE
59:6,59,6,B1-C00363|B1-C00377|B1-C00515,4819|4950|5811,STRUCTURAL_OK,YES,Standard mushaf numbering control; tafsir attributions remain PAGE-CHECK/CANDIDATE
59:7,59,7,B1-C00148,2194,STRUCTURAL_OK,YES,Standard mushaf numbering control; tafsir attributions remain PAGE-CHECK/CANDIDATE
59:9,59,9,B1-C00189,2673,STRUCTURAL_OK,YES,Standard mushaf numbering control; tafsir attributions remain PAGE-CHECK/CANDIDATE
61:2,61,2,B1-C00865,10551,STRUCTURAL_OK,YES,Standard mushaf numbering control; tafsir attributions remain PAGE-CHECK/CANDIDATE
61:8,61,8,B1-C00737,8765,STRUCTURAL_OK,YES,Standard mushaf numbering control; tafsir attributions remain PAGE-CHECK/CANDIDATE
62:11,62,11,B1-C00076|B1-C00100,1637|1661,STRUCTURAL_OK,YES,Standard mushaf numbering control; tafsir attributions remain PAGE-CHECK/CANDIDATE
65:10,65,10,B1-C00573,6645,STRUCTURAL_OK,YES,Standard mushaf numbering control; tafsir attributions remain PAGE-CHECK/CANDIDATE
67:2,67,2,B1-C00176,2531,STRUCTURAL_OK,YES,Standard mushaf numbering control; tafsir attributions remain PAGE-CHECK/CANDIDATE
67:22,67,22,B1-C00589|B1-C00592,6802|6805,STRUCTURAL_OK,YES,Standard mushaf numbering control; tafsir attributions remain PAGE-CHECK/CANDIDATE
72:26,72,26,B1-C00299|B1-C00678,3634|8096,STRUCTURAL_OK,YES,Standard mushaf numbering control; tafsir attributions remain PAGE-CHECK/CANDIDATE
75:2,75,2,B1-C00243|B1-C00277|B1-C00855,2966|3321|10397,STRUCTURAL_OK,YES,Standard mushaf numbering control; tafsir attributions remain PAGE-CHECK/CANDIDATE
76:8,76,8,B1-C00342|B1-C00344,4396|4398,STRUCTURAL_OK,YES,Standard mushaf numbering control; tafsir attributions remain PAGE-CHECK/CANDIDATE
76:25,76,25,B1-C00112|B1-C00123,1762|1901,STRUCTURAL_OK,YES,Standard mushaf numbering control; tafsir attributions remain PAGE-CHECK/CANDIDATE
79:40,79,40,B1-C00089,1650,STRUCTURAL_OK,YES,Standard mushaf numbering control; tafsir attributions remain PAGE-CHECK/CANDIDATE
82:6,82,6,B1-C00599,6975,STRUCTURAL_OK,YES,Standard mushaf numbering control; tafsir attributions remain PAGE-CHECK/CANDIDATE
83:27,83,27,B1-C00318,4058,STRUCTURAL_OK,YES,Standard mushaf numbering control; tafsir attributions remain PAGE-CHECK/CANDIDATE
83:28,83,28,B1-C00349,4511,STRUCTURAL_OK,YES,Standard mushaf numbering control; tafsir attributions remain PAGE-CHECK/CANDIDATE
84:16,84,16,B1-C00111|B1-C00123,1757|1901,STRUCTURAL_OK,YES,Standard mushaf numbering control; tafsir attributions remain PAGE-CHECK/CANDIDATE
87:14,87,14,B1-C00802,9566,STRUCTURAL_OK,YES,Standard mushaf numbering control; tafsir attributions remain PAGE-CHECK/CANDIDATE
89:27,89,27,B1-C00089|B1-C00243|B1-C00277|B1-C00293|B1-C00294|B1-C00350|B1-C00855,1650|2966|3321|3514|3530|4553|10397,STRUCTURAL_OK,YES,Standard mushaf numbering control; tafsir attributions remain PAGE-CHECK/CANDIDATE
91:9,91,9,B1-C00089|B1-C00294,1650|3530,STRUCTURAL_OK,YES,Standard mushaf numbering control; tafsir attributions remain PAGE-CHECK/CANDIDATE
92:1,92,1,B1-C00123,1901,STRUCTURAL_OK,YES,Standard mushaf numbering control; tafsir attributions remain PAGE-CHECK/CANDIDATE
96:19,96,19,B1-C00769,9141,STRUCTURAL_OK,YES,Standard mushaf numbering control; tafsir attributions remain PAGE-CHECK/CANDIDATE
98:5,98,5,B1-C00623|B1-C00624|B1-C00778|B1-C00779,7294|7295|9251|9252,STRUCTURAL_OK,YES,Standard mushaf numbering control; tafsir attributions remain PAGE-CHECK/CANDIDATE
98:7,98,7,B1-C00323|B1-C00325|B1-C00325,4133|4135|4135,STRUCTURAL_OK,YES,Standard mushaf numbering control; tafsir attributions remain PAGE-CHECK/CANDIDATE
98:8,98,8,B1-C00206,2756,STRUCTURAL_OK,YES,Standard mushaf numbering control; tafsir attributions remain PAGE-CHECK/CANDIDATE
99:7,99,7,B1-C00869,10634,STRUCTURAL_OK,YES,Standard mushaf numbering control; tafsir attributions remain PAGE-CHECK/CANDIDATE
107:4,107,4,B1-C00057|B1-C00791,1333|9419,STRUCTURAL_OK,YES,Standard mushaf numbering control; tafsir attributions remain PAGE-CHECK/CANDIDATE
108:1,108,1,B1-C00328|B1-C00758,4221|9059,STRUCTURAL_OK,YES,Standard mushaf numbering control; tafsir attributions remain PAGE-CHECK/CANDIDATE
