Row_ID,Work,Author,Volume,Page_or_Report,Edition,Narration_Key_Wording,Chain_or_Status_Note,Manuscript_Claim_Supported,Verification_Status,Required_Action,Control_Version,Network_Status
REF-003,al-Kafi,al-Kulayni,2,"Kitab al-Du'a, bab al-du'a 'inda al-nawm (Hisham b. Salim from al-Sadiq); p. 536 per ledger",EDITION NOT LOCKED,,[SPC] HAD-TASBIH. Manuscript names vol. 2 + bab; hadith no. not given.,Tasbih of Fatima 34-33-33 (al-Kafi 2),PAGE-CHECK,Choose ONE placement for HAD-TASBIH across book (2:536 vs 3:342-343); lock hadith no.,2026-10-05,thaqalayn/blocked — PAGE-CHECK/SECONDARY-ONLY
REF-003/alt,al-Kafi,al-Kulayni,3,"bab al-ta'qib, pp. 342–343 per ledger",EDITION NOT LOCKED,,"[SPC] Alternate placement (also cited by REF-067, VL row). Different narration/bab from 2:536 - not merged.",Tasbih of Fatima (alternate placement),CANDIDATE,Decide placement; do not cite both as one reference,2026-10-05,thaqalayn/blocked — PAGE-CHECK/SECONDARY-ONLY
REF-007,Nahj al-Balagha,al-Sharif al-Radi (compiler),—,«three paupers» saying - not located,EDITION NOT LOCKED,,[CAND] Ledger: «ثلاثة مساكين» not located verbatim; needs Arabic text.,Imam Ali: «তিন মিসকিন» / «সমালোচনায় আনন্দ»,CANDIDATE,Obtain Arabic wording; otherwise attribution-only («বর্ণিত আছে»),2026-10-05,thaqalayn/blocked — PAGE-CHECK/SECONDARY-ONLY
REF-007/b,other: Ghurar al-Hikam,al-Amidi,—,—,EDITION NOT LOCKED,,"[CAND] Same item, alternate family.",as above,CANDIDATE,as above,2026-10-05,thaqalayn/blocked — PAGE-CHECK/SECONDARY-ONLY
REF-008,Bihar al-Anwar,al-Majlisi,1,195–205 (Kitab al-'ilm) family,EDITION NOT LOCKED,النظر في وجه العالم عبادة,"[CAND] Ledger: weak, widely quoted.",«আলেমের চেহারার দিকে তাকানো ইবাদত»,CANDIDATE,Attribution-only wording; lock page if cited,2026-10-05,thaqalayn/blocked — PAGE-CHECK/SECONDARY-ONLY
REF-016/a,Bihar al-Anwar,al-Majlisi,84,240 family,EDITION NOT LOCKED,ركعتان بتفكر خير من قيام ليلة,[CAND] Item 1 of 2.,«চিন্তাসহ দুই রাকাত…»,CANDIDATE,Lock one edition; confirm vol/page/hadith no. in print or thaqalayn.net (blocked here),2026-10-05,thaqalayn/blocked — PAGE-CHECK/SECONDARY-ONLY
REF-016/b,al-Kafi,al-Kulayni,2,466–467 (bab fadl al-du'a),EDITION NOT LOCKED,الدعاء أفضل العبادة,[CAND] Item 2 of 2 - separate narration. Sunni Tirmidhi 3370 «الدعاء هو العبادة» is a different wording (excluded here).,«দোয়া সর্বোচ্চ ইবাদত»,CANDIDATE,Lock one edition; confirm vol/page/hadith no. in print or thaqalayn.net (blocked here),2026-10-05,thaqalayn/blocked — PAGE-CHECK/SECONDARY-ONLY
REF-019/a,Tafsir al-Qummi,Ali b. Ibrahim al-Qummi,1,42,EDITION NOT LOCKED,سجدة في كل مكان,[CAND] Offer to Iblis of prostration anywhere. Q 7:12 part CONFIRMED separately.,«সর্বত্র সেজদার প্রস্তাব»,CANDIDATE,Lock one edition; confirm vol/page/hadith no. in print or thaqalayn.net (blocked here),2026-10-05,thaqalayn/blocked — PAGE-CHECK/SECONDARY-ONLY
REF-019/b,Bihar al-Anwar,al-Majlisi,11,141 ff,EDITION NOT LOCKED,,[CAND] Carrier of same item.,as above,CANDIDATE,Lock one edition; confirm vol/page/hadith no. in print or thaqalayn.net (blocked here),2026-10-05,thaqalayn/blocked — PAGE-CHECK/SECONDARY-ONLY
REF-021,al-Kafi,al-Kulayni,2,"74, h. 3 (Kitab al-Iman wa al-Kufr, bab al-ta'a wa al-taqwa; Jabir from Abu Ja'far)",EDITION NOT LOCKED,من كان لله مطيعا فهو لنا ولي… وما تنال ولايتنا إلا بالعمل والورع,[SPC] Manuscript names book + bab; vol/page from ledger.,Imam al-Baqir: obedience → wilaya,PAGE-CHECK,Lock one edition; confirm vol/page/hadith no. in print or thaqalayn.net (blocked here),2026-10-05,thaqalayn/blocked — PAGE-CHECK/SECONDARY-ONLY
REF-029/a,other: Tahdhib al-Ahkam,al-Shaykh al-Tusi,2,"289, h. 1157 (Muhammad b. Muslim from al-Sadiq)",EDITION NOT LOCKED,…بسم الله الرحمن الرحيم من السبع؟ قال: نعم، هي أفضلهنّ,[SPC] Manuscript gives vol/page/h.; online text alhodacenter.com (secondary).,Basmala is one of the seven and the best,PAGE-CHECK,Lock one edition; confirm vol/page/hadith no. in print or thaqalayn.net (blocked here),2026-10-05,thaqalayn/blocked — PAGE-CHECK/SECONDARY-ONLY
REF-029/b,Tafsir al-Ayyashi,al-'Ayyashi,1,19,EDITION NOT LOCKED,,[SPC] Second carrier named in manuscript.,same claim,PAGE-CHECK,Lock one edition; confirm vol/page/hadith no. in print or thaqalayn.net (blocked here),2026-10-05,thaqalayn/blocked — PAGE-CHECK/SECONDARY-ONLY
REF-030,al-Kafi,al-Kulayni,3,"312–313, h. 1 (bab qira'at al-Qur'an; Mu'awiya b. Ammar)",EDITION NOT LOCKED,,[SPC] Manuscript: «মজলিসী: সহিহ»; thaqalayn.net/hadith/3/4/21/1 given (not reachable here).,Basmala with both Fatiha and the sura,PAGE-CHECK,Lock print page; verify Majlisi grade in Mir'at al-'Uqul,2026-10-05,thaqalayn/blocked — PAGE-CHECK/SECONDARY-ONLY
REF-032/a,Tafsir al-Ayyashi,al-'Ayyashi,1,"21, h. 14 (Abu Hamza from al-Baqir)",EDITION NOT LOCKED,سرقوا أكرم آية في كتاب الله: بسم الله الرحمن الرحيم,"[SPC] HAD-SARAQU-AYA. Manuscript: sanad-less, mursal.",«তারা সবচেয়ে সম্মানিত আয়াত চুরি করেছে»,PAGE-CHECK,Lock one edition; confirm vol/page/hadith no. in print or thaqalayn.net (blocked here),2026-10-05,thaqalayn/blocked — PAGE-CHECK/SECONDARY-ONLY
REF-032/b,Bihar al-Anwar,al-Majlisi,"85 (manuscript, Beirut/Wafa) vs 82 (ledger)",20,Named: Beirut / Mu'assasat al-Wafa (per manuscript) - not locked,,[SPC] VOLUME CONFLICT 85:20 vs 82:20 = edition numbering difference.,same claim (carrier),PAGE-CHECK,Lock one Bihar edition book-wide; resolve 82 vs 85,2026-10-05,thaqalayn/blocked — PAGE-CHECK/SECONDARY-ONLY
REF-033,al-Kafi,al-Kulayni,1,"114, h. 1 (Kitab al-Tawhid, bab ma'ani al-asma')",EDITION NOT LOCKED,الباء بهاء الله، والسين سناء الله، والميم مجد الله,[SPC] HAD-NUQTA. Correct placement for the «باء» saying only.,Imam al-Sadiq on «ب س م»,PAGE-CHECK,Lock one edition; confirm vol/page/hadith no. in print or thaqalayn.net (blocked here),2026-10-05,thaqalayn/blocked — PAGE-CHECK/SECONDARY-ONLY
REF-033/nuqta,other: Mashariq Anwar al-Yaqin,Rajab al-Bursi,—,—,EDITION NOT LOCKED,,"[SPC] «আমি বা-এর নিচের বিন্দু» - late 'irfani works, no sanad (manuscript); audit v1.1 HAD-NUQTA: NOT VERIFIED. Qunduzi (Yanabi') also named - Sunni compiler, excluded here.",Nuqta saying (attribution-only),CANDIDATE,Keep «বর্ণিত আছে»; never as hadith,2026-10-05,thaqalayn/blocked — PAGE-CHECK/SECONDARY-ONLY
REF-034/a,al-Kafi,al-Kulayni,2,"495, h. 21 (Kitab al-Du'a, bab al-salat 'ala al-Nabi wa ahl baytih)",EDITION NOT LOCKED,يَا عَبْدَ الله لا تَبْتُرْهَا لا تَظْلِمْنَا حَقَّنَا قُلِ اللهمَّ صَلِّ عَلَى مُحَمَّدٍ وَأَهْلِ بَيْتِهِ,[SPC] HAD-SALAT-BATRA. thaqalayn.net/hadith/2/2/20/21 given (not reachable).,Do not cut the salawat,PAGE-CHECK,Lock one edition; confirm vol/page/hadith no. in print or thaqalayn.net (blocked here),2026-10-05,thaqalayn/blocked — PAGE-CHECK/SECONDARY-ONLY
REF-034/b,other: al-Amali,al-Shaykh al-Saduq,—,"majlis 36, h. 12",EDITION NOT LOCKED,مَنْ صَلَّى عَلَيَّ وَلَمْ يُصَلِّ عَلَى آلِي لَمْ يَجِدْ رِيحَ الْجَنَّةِ,[SPC] Separate narration; thaqalayn.net/hadith/29/1/36/12 given.,same theme,PAGE-CHECK,Lock one edition; confirm vol/page/hadith no. in print or thaqalayn.net (blocked here),2026-10-05,thaqalayn/blocked — PAGE-CHECK/SECONDARY-ONLY
REF-035,al-Kafi,al-Kulayni,2,"18–19, h. 5 (bab da'a'im al-islam; Zurara from al-Baqir)",EDITION NOT LOCKED,…لَوْ أَنَّ رَجُلاً قَامَ لَيْلَهُ وَصَامَ نَهَارَهُ وَتَصَدَّقَ بِجَمِيعِ مَالِهِ وَحَجَّ جَمِيعَ دَهْرِهِ وَلَمْ يَعْرِفْ وَلايَةَ وَلِيِّ الله… مَا كَانَ لَهُ عَلَى الله جَلَّ وَعَزَّ حَقٌّ فِي ثَوَابِهِ…,[SPC] HAD-WILAYA-KAFI. Manuscript: Majlisi sahih (Mir'at al-'Uqul 7/102). Same hadith as REF-284.,Wilaya as condition of reward,PAGE-CHECK,Lock; normalise with REF-284,2026-10-05,thaqalayn/blocked — PAGE-CHECK/SECONDARY-ONLY
REF-036,al-Kafi,al-Kulayni,1,219–220 (bab 'ard al-a'mal),EDITION NOT LOCKED,,[SPC] Q 9:105 «والمؤمنون» = Imams.,Deeds presented to the Imams,PAGE-CHECK,Lock one edition; confirm vol/page/hadith no. in print or thaqalayn.net (blocked here),2026-10-05,thaqalayn/blocked — PAGE-CHECK/SECONDARY-ONLY
REF-037,al-Kafi,al-Kulayni,1,"183–184, h. 8 (bab ma'rifat al-imam; Muhammad b. Muslim from al-Baqir)",EDITION NOT LOCKED,من أصبح من هذه الأمة لا إمام له…,[SPC] HAD-IMAM-JAHILIYYA - different wording from REF-059/083; keep separate. Text seen on forums.alkafeel.net (secondary).,«লা ইমাম লাহু»,PAGE-CHECK,Lock one edition; confirm vol/page/hadith no. in print or thaqalayn.net (blocked here),2026-10-05,thaqalayn/blocked — PAGE-CHECK/SECONDARY-ONLY
REF-038,other: Ghurar al-Hikam,al-Amidi,—,no. 4641 (numbering varies by edition),EDITION NOT LOCKED,من عرف نفسه فقد عرف ربه,[CAND] Manuscript names Ghurar + no.; sanad disputed (manuscript); not in classical hadith collections (ledger).,Imam Ali's saying,PAGE-CHECK,Lock edition numbering; keep «বর্ণিত আছে»,2026-10-05,thaqalayn/blocked — PAGE-CHECK/SECONDARY-ONLY
REF-040,Nahj al-Balagha,al-Sharif al-Radi (compiler),—,khutba 1,Named: Subhi Salih (ledger) - not locked,أَوَّلُ الدِّينِ مَعْرِفَتُهُ، وَكَمَالُ مَعْرِفَتِهِ التَّصْدِيقُ بِهِ، وَكَمَالُ التَّصْدِيقِ بِهِ تَوْحِيدُهُ … بِلَا رَوِيَّةٍ أَجَالَهَا,[SPC] Variant «أحالها/أجالها» across editions (manuscript).,First sermon quotations,PAGE-CHECK,Lock edition and the variant reading,2026-10-05,thaqalayn/blocked — PAGE-CHECK/SECONDARY-ONLY
REF-042,al-Kafi,al-Kulayni,1,"195, h. 5 (bab anna al-a'imma nur Allah; Salih b. Sahl from al-Sadiq)",EDITION NOT LOCKED,كَمِشْكاةٍ فَاطِمَةُ… فَاطِمَةُ كَوْكَبٌ دُرِّيٌّ بَيْنَ نِسَاءِ أَهْلِ الدُّنْيَا… نُورٌ عَلى نُورٍ إِمَامٌ مِنْهَا بَعْدَ إِمَامٍ,[SPC] Sanad contains Sahl b. Ziyad (manuscript) - chain status must be stated.,Ayat al-Nur tafsir,PAGE-CHECK,Lock one edition; confirm vol/page/hadith no. in print or thaqalayn.net (blocked here),2026-10-05,thaqalayn/blocked — PAGE-CHECK/SECONDARY-ONLY
REF-046/a,Bihar al-Anwar,al-Majlisi,27,"172–173, bab 7 «أنه لا تقبل الأعمال إلا بالولاية», h. 16","Named: Mu'assasat al-Wafa, Beirut (manuscript; lib.eshia.ir/11008/27/173) - not locked",,[SPC] HAD-WILAYA-KAFI. Abu Hamza al-Thumali from Zayn al-Abidin. Manuscript: no grade anywhere.,Worship between Rukn and Maqam without wilaya,PAGE-CHECK,Lock one edition; confirm vol/page/hadith no. in print or thaqalayn.net (blocked here),2026-10-05,thaqalayn/blocked — PAGE-CHECK/SECONDARY-ONLY
REF-046/b,other: al-Amali (al-Tusi),al-Shaykh al-Tusi,—,—,EDITION NOT LOCKED,,[SPC] Named in manuscript as Bihar's original source.,same,PAGE-CHECK,Lock one edition; confirm vol/page/hadith no. in print or thaqalayn.net (blocked here),2026-10-05,thaqalayn/blocked — PAGE-CHECK/SECONDARY-ONLY
REF-046/c,other: Thawab al-A'mal,al-Shaykh al-Saduq,—,197,EDITION NOT LOCKED,لم ينتفع بذلك شيئا (variant),[SPC] Page taken from Bihar footnote (manuscript) - variant wording.,same,PAGE-CHECK,Lock one edition; confirm vol/page/hadith no. in print or thaqalayn.net (blocked here),2026-10-05,thaqalayn/blocked — PAGE-CHECK/SECONDARY-ONLY
REF-046/d,other: al-Mahasin,al-Barqi,—,91,EDITION NOT LOCKED,,[SPC] Page taken from Bihar footnote (manuscript).,same,PAGE-CHECK,Lock one edition; confirm vol/page/hadith no. in print or thaqalayn.net (blocked here),2026-10-05,thaqalayn/blocked — PAGE-CHECK/SECONDARY-ONLY
REF-055,al-Kafi,al-Kulayni,8 (al-Rawda),"58–63, h. 21 (khutba «لو قد استوت قدماي»)",EDITION NOT LOCKED,لو قد استوت قدماي … لرددت فدك,[SPC] Fadak-related. Manuscript quotes from notebook (JONY-VERBATIM).,Imam Ali: «আমি যদি ফাদাক ফিরিয়ে দিই… তারাবির বিদআত…»,PAGE-CHECK,Lock one edition; confirm vol/page/hadith no. in print or thaqalayn.net (blocked here),2026-10-05,thaqalayn/blocked — PAGE-CHECK/SECONDARY-ONLY
REF-056,al-Kafi,al-Kulayni,1,"288–289, h. 3 (bab ma nassa Allah wa rasuluh 'ala al-a'imma)",EDITION NOT LOCKED,,"[SPC] Cloak (hulla) narration + «every Imam has this trait». thaqalayn.net/chapter/1/4/64 given. Tabari (5:55, Sunni) and Abu Dharr narration (REF-282, al-Tha'labi) excluded here.",Giving in ruku' (5:55),PAGE-CHECK,Lock one edition; confirm vol/page/hadith no. in print or thaqalayn.net (blocked here),2026-10-05,thaqalayn/blocked — PAGE-CHECK/SECONDARY-ONLY
REF-057/a,other: Fiqh al-Rida,(attrib.),—,p. 294 region (mahr),EDITION NOT LOCKED,,[SPC] HAD-MAHR-KHUMS. Manuscript: «এক হাদিসে বর্ণিত হয়েছে»; page not matched.,Fatima's mahr = one fifth of the earth; tailor's needle khums,PAGE-CHECK,Lock one edition; confirm vol/page/hadith no. in print or thaqalayn.net (blocked here),2026-10-05,thaqalayn/blocked — PAGE-CHECK/SECONDARY-ONLY
REF-057/b,Bihar al-Anwar,al-Majlisi,43,105 ff (bab tazwij Fatima),EDITION NOT LOCKED,خمس الدنيا,[SPC] Carrier per ledger.,same,CANDIDATE,Lock one edition; confirm vol/page/hadith no. in print or thaqalayn.net (blocked here),2026-10-05,thaqalayn/blocked — PAGE-CHECK/SECONDARY-ONLY
REF-059/a,Kamal al-Din,al-Shaykh al-Saduq,2,409–413 (bab 39),EDITION NOT LOCKED,,[SPC] HAD-IMAM-JAHILIYYA. Which book carries exactly «من مات ولم يعرف إمام زمانه مات ميتة جاهلية» is NOT locked.,«ইমামে যামানাকে না চিনে মৃত্যু»,PAGE-CHECK,Locate the exact wording; keep separate from Muslim 1851 (BUG-06),2026-10-05,thaqalayn/blocked — PAGE-CHECK/SECONDARY-ONLY
REF-059/b,al-Kafi,al-Kulayni,1,376–377 (bab man dana Allah bi-ghayr imam),EDITION NOT LOCKED,من مات وليس له إمام فميتته ميتة جاهلية,[SPC] Different wording from REF-059/a and from REF-037.,same theme,PAGE-CHECK,Lock one edition; confirm vol/page/hadith no. in print or thaqalayn.net (blocked here),2026-10-05,thaqalayn/blocked — PAGE-CHECK/SECONDARY-ONLY
REF-060/a,Bihar al-Anwar,al-Majlisi,41,17 (manaqib Ali),EDITION NOT LOCKED,,"[CAND] HAD-ARROW-SALAT. Ledger: weak chain, widely told.",Arrow removed during prayer,CANDIDATE,Attribution-only; lock page,2026-10-05,thaqalayn/blocked — PAGE-CHECK/SECONDARY-ONLY
REF-060/b,other: Manaqib Al Abi Talib,Ibn Shahrashub,2,124,EDITION NOT LOCKED,,[CAND] Carrier.,same,CANDIDATE,Lock one edition; confirm vol/page/hadith no. in print or thaqalayn.net (blocked here),2026-10-05,thaqalayn/blocked — PAGE-CHECK/SECONDARY-ONLY
REF-063/a,'Ilal al-Shara'i',al-Shaykh al-Saduq,1,181–182 (bab 146),EDITION NOT LOCKED,الجار ثم الدار,[SPC] HAD-JAR-DAR. Narrator Imam Hasan.,Fatima's Friday-night du'a,PAGE-CHECK,Lock one edition; confirm vol/page/hadith no. in print or thaqalayn.net (blocked here),2026-10-05,thaqalayn/blocked — PAGE-CHECK/SECONDARY-ONLY
REF-063/b,Bihar al-Anwar,al-Majlisi,43,81–82,EDITION NOT LOCKED,الجار ثم الدار,[SPC] Carrier.,same,PAGE-CHECK,Lock one edition; confirm vol/page/hadith no. in print or thaqalayn.net (blocked here),2026-10-05,thaqalayn/blocked — PAGE-CHECK/SECONDARY-ONLY
REF-064/a,other: Man la yahduruhu al-faqih,al-Shaykh al-Saduq,1,320–321,EDITION NOT LOCKED,,"[SPC] HAD-TASBIH. Sunni part (Bukhari 3705, VL) excluded here.",Tasbih al-Zahra + servant episode; 34-33-33 order,PAGE-CHECK,Lock one edition; confirm vol/page/hadith no. in print or thaqalayn.net (blocked here),2026-10-05,thaqalayn/blocked — PAGE-CHECK/SECONDARY-ONLY
REF-064/b,al-Kafi,al-Kulayni,3,342–343,EDITION NOT LOCKED,,[SPC] Same as REF-003/alt.,same,PAGE-CHECK,Lock one edition; confirm vol/page/hadith no. in print or thaqalayn.net (blocked here),2026-10-05,thaqalayn/blocked — PAGE-CHECK/SECONDARY-ONLY
REF-069,Bihar al-Anwar,al-Majlisi,43,19 (from Maqatil al-Talibiyyin),EDITION NOT LOCKED,أم أبيها,[CAND] HAD-UMM-ABIHA. Sunni carriers (Isti'ab 4:1899; Isaba 8:262) excluded here.,«উম্মে আবিহা» title,CANDIDATE,Lock one edition; confirm vol/page/hadith no. in print or thaqalayn.net (blocked here),2026-10-05,thaqalayn/blocked — PAGE-CHECK/SECONDARY-ONLY
REF-070,Tafsir al-Qummi,Ali b. Ibrahim al-Qummi,2,117 (on Q 25:74),EDITION NOT LOCKED,,[SPC] Q 25:74 text CONFIRMED separately.,"«স্ত্রী = খাদিজা, বংশধর = ফাতিমা…»",PAGE-CHECK,Lock one edition; confirm vol/page/hadith no. in print or thaqalayn.net (blocked here),2026-10-05,thaqalayn/blocked — PAGE-CHECK/SECONDARY-ONLY
REF-078,al-Ihtijaj,al-Tabrisi (Ahmad b. Ali),1,Fadak testimony; pp. 90–92 (one ed.) OR 119–127 (al-Khurasan ed.; ~p. 129),Two editions reported (S-181) - EDITION NOT LOCKED,فكتب لها كتابا ودفعه إليها,[S181] Writer of the deed in al-Ihtijaj = ABU BAKR (S-181 §3-D). S-181 URL-backed (research layer); URL not re-opened here.,PARTIAL - supports a deed written by Abu Bakr; does NOT support manuscript «রাসূলুল্লাহ ﷺ … লিখেও দিয়ে গেছেন» (Prophet as writer),VERIFIED-S181-URL,Re-word dialogue or keep «বর্ণিত আছে» without Ihtijaj citation for the Prophet-wrote version; lock edition,2026-10-05,thaqalayn/blocked — PAGE-CHECK/SECONDARY-ONLY
REF-081/a,al-Ihtijaj,al-Tabrisi (Ahmad b. Ali),1,Fadak testimony (same pages as REF-078),EDITION NOT LOCKED,فجاءت بأم أيمن … أم أيمن امرأة من أهل الجنة … فجاء علي عليه السلام فشهد بمثل ذلك,[S181] Umm Ayman then Ali testify. S-181 URL-backed (research layer); URL not re-opened here (almerja.com idm=124286; ablibrary 11726/191).,Umm Ayman + Ali testimony (Shia recension),VERIFIED-S181-URL,Lock edition; never merge with Baladhuri,2026-10-05,thaqalayn/blocked — PAGE-CHECK/SECONDARY-ONLY
REF-081/b,al-Ihtijaj,al-Tabrisi (Ahmad b. Ali),1,Umar's counter-argument (same section),EDITION NOT LOCKED,أوس بن الحدثان وعائشة وحفصة يشهدون … إنا معاشر الأنبياء لا نورث … وأم أيمن فهي امرأة صالحة، لو كان معها غيرها لنظرنا فيه,"[S181] Separate narrative element: counter-witnesses (Aus, Aisha, Hafsa). S-181 URL-backed (research layer); URL not re-opened here.","Aus = counter-testimony (081b), NOT Umm Ayman's co-witness",VERIFIED-S181-URL,Print in separate sentence with «শিয়া সূত্রে» attribution,2026-10-05,thaqalayn/blocked — PAGE-CHECK/SECONDARY-ONLY
REF-081/c,Kitab Sulaym,Sulaym b. Qays al-Hilali (attrib.),—,Fadak passage (digital: usul.ai …/106),EDITION NOT LOCKED (Ansari ed. suggested by S-181),وسألها البينة … ولم يصدقها، ولا صدق أم أيمن,[S181] S-181 URL-backed (research layer); URL not re-opened here. Ali-testimony wording in Sulaym NOT quoted in repo.,Umm Ayman not believed; proof demanded,VERIFIED-S181-URL,Lock printed page; check whether Sulaym has Ali testimony before citing it for that,2026-10-05,thaqalayn/blocked — PAGE-CHECK/SECONDARY-ONLY
REF-081/d,Qurb al-Isnad,Abdullah b. Ja'far al-Himyari,—,h. 99 or h. 335 (numbering differs),EDITION NOT LOCKED,شهدت عليها عائشة وحفصة، ورجل من العرب يقال له أوس بن الحدثان من بني نضر، شهدوا عند أبي بكر بأن رسول الله صلى الله عليه وآله وسلم قال: لا أورث,[S181] S-181 URL-backed (research layer); URL not re-opened here (ablibrary 8597/96 - book identity of URL to confirm).,Aus b. al-Hadathan = counter-witness with Aisha and Hafsa,VERIFIED-S181-URL,Lock hadith numbering,2026-10-05,thaqalayn/blocked — PAGE-CHECK/SECONDARY-ONLY
REF-081/e,Bihar al-Anwar,al-Majlisi,22 (older pagination 8),"101, h. 59 (older 8/98)",EDITION NOT LOCKED,,[S181] Quotes Qurb al-Isnad; not separately URL-checked.,same as REF-081/d,PAGE-CHECK,Lock one edition; confirm vol/page/hadith no. in print or thaqalayn.net (blocked here),2026-10-05,thaqalayn/blocked — PAGE-CHECK/SECONDARY-ONLY
REF-081/f,other: Sharh Nahj al-Balagha,Ibn Abi al-Hadid,16,"213–214, 216, 225, 273–275",Assumed Dar Ihya al-Kutub al-Arabiyya (M. Abu al-Fadl Ibrahim) - not locked,إن أم أيمن تشهد لي بأن رسول الله أعطاني فدك,[S181] S-181 URL-backed (research layer); URL not re-opened here. Commentator is Mu'tazili; S-181 groups him with Shia sources.,Umm Ayman testimony; legal argument on testimony,VERIFIED-S181-URL,Confirm edition,2026-10-05,thaqalayn/blocked — PAGE-CHECK/SECONDARY-ONLY
REF-082,Bihar al-Anwar,al-Majlisi,29,p. 176 (najafdesertlibrary online) OR p. 128 (other ed.) - bab 11 «نزول الآيات في أمر فدك»,EDITION NOT LOCKED,إن أم أيمن امرأة من أهل الجنة,"[S181] Wording sits INSIDE the Fadak report (also serves REF-081). Separate report from Ibn Sa'd's marriage-hadith (Sunni, mursal - excluded here). Speaker of the sentence not given in S-181.",«উম্মে আইমান জান্নাতি» (Shia wording),VERIFIED-S181-URL,Lock p. 128 vs 176; attribute as «শিয়া সূত্রে ফাদাকের বর্ণনায়»,2026-10-05,thaqalayn/blocked — PAGE-CHECK/SECONDARY-ONLY
REF-088,al-Kafi,al-Kulayni,2,226–241 (bab al-mu'min wa 'alamatuh wa sifatuh),EDITION NOT LOCKED,,[SPC] Wording not matched (manuscript).,Imam al-Sadiq: traits of the believer,PAGE-CHECK,Match wording; lock hadith no.,2026-10-05,thaqalayn/blocked — PAGE-CHECK/SECONDARY-ONLY
REF-089/a,al-Kafi,al-Kulayni,2,"241, h. 39",EDITION NOT LOCKED,لا يكون المؤمن مؤمنا حتى يكون فيه ثلاث خصال: سنة من ربه وسنة من نبيه وسنة من وليه,[SPC] HAD-RIDA-3SUNAN (= REF-216/220).,Imam al-Rida: three sunnas,PAGE-CHECK,Lock one edition; confirm vol/page/hadith no. in print or thaqalayn.net (blocked here),2026-10-05,thaqalayn/blocked — PAGE-CHECK/SECONDARY-ONLY
REF-089/b,other: 'Uyun Akhbar al-Rida,al-Shaykh al-Saduq,1,256,EDITION NOT LOCKED,,[SPC] Named in manuscript.,same,PAGE-CHECK,Lock one edition; confirm vol/page/hadith no. in print or thaqalayn.net (blocked here),2026-10-05,thaqalayn/blocked — PAGE-CHECK/SECONDARY-ONLY
REF-089/c,other: al-Khisal,al-Shaykh al-Saduq,—,82,EDITION NOT LOCKED,,[SPC] Ledger-only carrier.,same,CANDIDATE,Lock one edition; confirm vol/page/hadith no. in print or thaqalayn.net (blocked here),2026-10-05,thaqalayn/blocked — PAGE-CHECK/SECONDARY-ONLY
REF-092,Kamal al-Din,al-Shaykh al-Saduq,2,340 (bab 33),EDITION NOT LOCKED,,[SPC] Manuscript: «কামালুদ্দীন ধাঁচের» - book not firmly named.,Q 2:3 «الغيب» = the Mahdi's ghayba,PAGE-CHECK,Lock one edition; confirm vol/page/hadith no. in print or thaqalayn.net (blocked here),2026-10-05,thaqalayn/blocked — PAGE-CHECK/SECONDARY-ONLY
REF-093,other: al-Khisal or al-Amali (al-Saduq),al-Shaykh al-Saduq,—,locate by Safa-speech text,EDITION NOT LOCKED,,[CAND] Identified only by al-Saduq's standard chain (Ibn al-Mutawakkil ← al-Himyari ← Ahmad b. Muhammad b. Isa ← Ibn Mahbub ← Ali b. Ri'ab ← Abu Ubayda al-Hadhdha' ← al-Sadiq).,Speech on Mt Safa,CANDIDATE,Identify book by text search in print,2026-10-05,thaqalayn/blocked — PAGE-CHECK/SECONDARY-ONLY
REF-095/a,other: 'Uddat al-Da'i,Ibn Fahd al-Hilli,—,—,EDITION NOT LOCKED,أعدى عدوك نفسك التي بين جنبيك,[CAND] Ledger: weak. Sunni carriers (Bayhaqi al-Zuhd 343; al-Daylami) excluded here.,«তোমার সবচেয়ে বড় শত্রু… তোমার নফস»,CANDIDATE,Attribution-only,2026-10-05,thaqalayn/blocked — PAGE-CHECK/SECONDARY-ONLY
REF-095/b,Bihar al-Anwar,al-Majlisi,70,64,EDITION NOT LOCKED,,[CAND] Carrier.,same,CANDIDATE,Lock one edition; confirm vol/page/hadith no. in print or thaqalayn.net (blocked here),2026-10-05,thaqalayn/blocked — PAGE-CHECK/SECONDARY-ONLY
REF-104,other: Thawab al-A'mal,al-Shaykh al-Saduq,—,p. 126 region,EDITION NOT LOCKED,,[CAND],Virtue of reciting al-Kawthar in prayer,CANDIDATE,Lock one edition; confirm vol/page/hadith no. in print or thaqalayn.net (blocked here),2026-10-05,thaqalayn/blocked — PAGE-CHECK/SECONDARY-ONLY
REF-108/a,other: Manaqib Al Abi Talib,Ibn Shahrashub,3,? (page unknown),EDITION NOT LOCKED,أنا ميزان العلم وعلي كفتاه والحسن والحسين خيوطه وفاطمة علاقته...,"[CAND] Ledger: weak, late. Qunduzi (Sunni) excluded.",«আমি ইলমের পাল্লা…»,CANDIDATE,Attribution-only,2026-10-05,thaqalayn/blocked — PAGE-CHECK/SECONDARY-ONLY
REF-108/b,Bihar al-Anwar,al-Majlisi,40,? (page unknown),EDITION NOT LOCKED,,[CAND] Carrier.,same,CANDIDATE,Lock one edition; confirm vol/page/hadith no. in print or thaqalayn.net (blocked here),2026-10-05,thaqalayn/blocked — PAGE-CHECK/SECONDARY-ONLY
REF-109,other: Majma' al-Bayan,al-Tabrisi (al-Fadl b. al-Hasan),10,209 (on Q 76:8-9),EDITION NOT LOCKED,,[CAND] Sunni Kashshaf / Shawahid excluded here.,Nuzul of 76:8-9 (three days' fast),CANDIDATE,Lock one edition; confirm vol/page/hadith no. in print or thaqalayn.net (blocked here),2026-10-05,thaqalayn/blocked — PAGE-CHECK/SECONDARY-ONLY
REF-113/a,Tafsir al-Qummi,Ali b. Ibrahim al-Qummi,2,376 (Surat al-Tahrim),EDITION NOT LOCKED,,[SPC],Report that the Prophet was poisoned (from al-Sadiq),PAGE-CHECK,Lock page and wording,2026-10-05,thaqalayn/blocked — PAGE-CHECK/SECONDARY-ONLY
REF-113/b,Bihar al-Anwar,al-Majlisi,22,516–517,EDITION NOT LOCKED,,[SPC],same,PAGE-CHECK,Lock one edition; confirm vol/page/hadith no. in print or thaqalayn.net (blocked here),2026-10-05,thaqalayn/blocked — PAGE-CHECK/SECONDARY-ONLY
REF-114,al-Kafi,al-Kulayni,1,451–452 (bab mawlid al-Nabi),EDITION NOT LOCKED,,"[SPC] Prophet's funeral prayer ten by ten, burial place (al-Baqir).",Prophet's funeral,PAGE-CHECK,Lock one edition; confirm vol/page/hadith no. in print or thaqalayn.net (blocked here),2026-10-05,thaqalayn/blocked — PAGE-CHECK/SECONDARY-ONLY
REF-117/a,al-Ihtijaj,al-Tabrisi (Ahmad b. Ali),1,131–149 (Khutbat Fadak),Named: al-Khurasan ed. (ledger) - not locked,,[SPC] HAD-FADAK-KHUTBA. Edition must equal the one chosen for S-181 §3-D.,Fatima's Fadak sermon,PAGE-CHECK,Lock same edition as REF-078/081,2026-10-05,thaqalayn/blocked — PAGE-CHECK/SECONDARY-ONLY
REF-117/b,other: Balaghat al-Nisa',Ibn Abi Tahir Tayfur,—,23–30,EDITION NOT LOCKED,,[SPC] Non-Shia adab work named in manuscript as parallel carrier.,same,PAGE-CHECK,Lock one edition; confirm vol/page/hadith no. in print or thaqalayn.net (blocked here),2026-10-05,thaqalayn/blocked — PAGE-CHECK/SECONDARY-ONLY
REF-118,al-Ihtijaj,al-Tabrisi (Ahmad b. Ali),1,131 (Abdullah b. al-Hasan: she came veiled),EDITION NOT LOCKED,,[SPC] HAD-FADAK-KHUTBA.,Fatima comes veiled to the mosque,PAGE-CHECK,Lock one edition; confirm vol/page/hadith no. in print or thaqalayn.net (blocked here),2026-10-05,thaqalayn/blocked — PAGE-CHECK/SECONDARY-ONLY
REF-119,Bihar al-Anwar,al-Majlisi,43,177,EDITION NOT LOCKED,,[SPC],Bayt al-Ahzan,PAGE-CHECK,Lock one edition; confirm vol/page/hadith no. in print or thaqalayn.net (blocked here),2026-10-05,thaqalayn/blocked — PAGE-CHECK/SECONDARY-ONLY
REF-120,other: 'Uddat al-Da'i,Ibn Fahd al-Hilli,—,—,EDITION NOT LOCKED,,[CAND] Named in manuscript; oral items (dream stories) not sourceable.,Musa's tongue that never disobeyed,PAGE-CHECK,Lock page; oral items stay attribution-only,2026-10-05,thaqalayn/blocked — PAGE-CHECK/SECONDARY-ONLY
REF-122,other: Sharh Nahj al-Balagha,Ibn Abi al-Hadid,16,213–216 (deed torn) per ledger,Assumed Dar Ihya al-Kutub al-Arabiyya (S-181) - not locked,,"[S181] Tearing passage NOT quoted in S-181. Sunni parts (Baladhuri, Tabari, Suyuti) excluded here; Suyuti not located.",Deed torn,CANDIDATE,Find exact passage or drop citation for tearing,2026-10-05,thaqalayn/blocked — PAGE-CHECK/SECONDARY-ONLY
REF-124,al-Kafi,al-Kulayni,2,399–400 (bab al-shakk),EDITION NOT LOCKED,,"[SPC] Several narrators listed (Mansur b. Hazim; M. b. Muslim, Zurara, Abu Basir) - may be several hadiths; split when locking.",Doubt and kufr,PAGE-CHECK,Lock each hadith number separately,2026-10-05,thaqalayn/blocked — PAGE-CHECK/SECONDARY-ONLY
REF-128,other: Shawahid al-Tanzil,al-Hakim al-Haskani,1,570–575 (h. 606–611) on Q 30:38,EDITION NOT LOCKED,,[SPC] Ledger triage SPC; author usually classed Hanafi (Sunni) - classification knowledge-based.,Fadak given on revelation of 30:38 (Ibn Abbas),PAGE-CHECK,Lock one edition; confirm vol/page/hadith no. in print or thaqalayn.net (blocked here),2026-10-05,thaqalayn/blocked — PAGE-CHECK/SECONDARY-ONLY
REF-129/a,Bihar al-Anwar,al-Majlisi,43,175–176,EDITION NOT LOCKED,صبت علي مصائب لو أنها...,[CAND],Fatima's elegy,CANDIDATE,Attribution-only; lock page,2026-10-05,thaqalayn/blocked — PAGE-CHECK/SECONDARY-ONLY
REF-129/b,other: Manaqib Al Abi Talib,Ibn Shahrashub,3,? (page unknown),EDITION NOT LOCKED,,[CAND],same,CANDIDATE,Lock one edition; confirm vol/page/hadith no. in print or thaqalayn.net (blocked here),2026-10-05,thaqalayn/blocked — PAGE-CHECK/SECONDARY-ONLY
REF-130/a,Bihar al-Anwar,al-Majlisi,43,6–9 (age reports),EDITION NOT LOCKED,,[SPC] HAD-BIHAR43-AGE (= REF-135). Age reports 18–28.,Variant ages,PAGE-CHECK,Lock one edition; confirm vol/page/hadith no. in print or thaqalayn.net (blocked here),2026-10-05,thaqalayn/blocked — PAGE-CHECK/SECONDARY-ONLY
REF-130/b,Bihar al-Anwar,al-Majlisi,43,212–215 (duration after the Prophet),EDITION NOT LOCKED,,[SPC] Separate set of reports (40 days to 8 months).,Variant durations,PAGE-CHECK,Lock one edition; confirm vol/page/hadith no. in print or thaqalayn.net (blocked here),2026-10-05,thaqalayn/blocked — PAGE-CHECK/SECONDARY-ONLY
REF-131/W,Bihar al-Anwar,al-Majlisi,43,183 ff,EDITION NOT LOCKED,,"[MM row - Shia component only] Wasiyya: night ghusl/kafan/burial + concealment of the grave. NOT in Bukhari 4240 (4240 has only night burial by Ali, Abu Bakr not informed).",Fatima's will to conceal her grave,PAGE-CHECK,Cite only as «শিয়া সূত্রে»; never under Bukhari 4240,2026-10-05,thaqalayn/blocked — PAGE-CHECK/SECONDARY-ONLY
REF-133/a,Bihar al-Anwar,al-Majlisi,48,144,EDITION NOT LOCKED,,[CAND] From Manaqib Ibn Shahrashub 4:320.,Imam al-Kazim and Harun on Fadak's borders,CANDIDATE,Lock one edition; confirm vol/page/hadith no. in print or thaqalayn.net (blocked here),2026-10-05,thaqalayn/blocked — PAGE-CHECK/SECONDARY-ONLY
REF-133/b,other: Manaqib Al Abi Talib,Ibn Shahrashub,4,320,EDITION NOT LOCKED,,[CAND],same,CANDIDATE,Lock one edition; confirm vol/page/hadith no. in print or thaqalayn.net (blocked here),2026-10-05,thaqalayn/blocked — PAGE-CHECK/SECONDARY-ONLY
REF-136,al-Kafi,al-Kulayni,1,"543, h. 5 (bab al-fay' wa al-anfal)",EDITION NOT LOCKED,,[SPC] HAD-FADAK-1726. Do not merge with Durr al-Manthur (Sunni) chain.,Imam al-Sadiq on Q 17:26 and Fadak,PAGE-CHECK,Lock one edition; confirm vol/page/hadith no. in print or thaqalayn.net (blocked here),2026-10-05,thaqalayn/blocked — PAGE-CHECK/SECONDARY-ONLY
REF-137/a,other: Majma' al-Bayan,al-Tabrisi (al-Fadl b. al-Hasan),6,634,EDITION NOT LOCKED,,[CAND] HAD-FADAK-1726. Zayn al-Abidin and the Syrian man - ledger: «Tabari?» → more likely Majma'. Mi'raj al-Nubuwwa = Persian secondary.,Zayn al-Abidin and the Syrian,CANDIDATE,Lock one edition; confirm vol/page/hadith no. in print or thaqalayn.net (blocked here),2026-10-05,thaqalayn/blocked — PAGE-CHECK/SECONDARY-ONLY
REF-137/b,Bihar al-Anwar,al-Majlisi,45,? (page unknown),EDITION NOT LOCKED,,[CAND],same,CANDIDATE,Lock one edition; confirm vol/page/hadith no. in print or thaqalayn.net (blocked here),2026-10-05,thaqalayn/blocked — PAGE-CHECK/SECONDARY-ONLY
REF-138,other: Majma' al-Bayan,al-Tabrisi (al-Fadl b. al-Hasan),6,634,EDITION NOT LOCKED,,[CAND] Manuscript names «তাবারসী (মাজমাউল বায়ান)». Atiyya al-Awfi ← Abu Sa'id chain (Sunni carriers excluded here).,17:26 Fadak report chain,PAGE-CHECK,Lock one edition; confirm vol/page/hadith no. in print or thaqalayn.net (blocked here),2026-10-05,thaqalayn/blocked — PAGE-CHECK/SECONDARY-ONLY
REF-139,other: 'Uyun Akhbar al-Rida,al-Shaykh al-Saduq,1,228–239 (bab 23; Rayyan b. al-Salt),EDITION NOT LOCKED,اصطفى,[SPC] Debate with al-Ma'mun.,Imam al-Rida's «istifa'» hadith,PAGE-CHECK,Lock one edition; confirm vol/page/hadith no. in print or thaqalayn.net (blocked here),2026-10-05,thaqalayn/blocked — PAGE-CHECK/SECONDARY-ONLY
REF-141/a,other: al-Saqifa wa Fadak,Abu Bakr al-Jawhari,—,"manuscript «vol. 4, p. 81»; ed. Amini pp. 103–104 per ledger",EDITION NOT LOCKED,,[CAND] Umm HANI (not Umm Ayman). Manuscript volume number probably belongs to Sharh Nahj al-Balagha.,Umm Hani and Abu Bakr conversation,PAGE-CHECK,Resolve «4/81»; never merge with Umm Ayman rows,2026-10-05,thaqalayn/blocked — PAGE-CHECK/SECONDARY-ONLY
REF-141/b,other: Sharh Nahj al-Balagha,Ibn Abi al-Hadid,16,214–215 (quoting al-Jawhari) per ledger,EDITION NOT LOCKED,,[CAND] Carrier.,same,CANDIDATE,Lock one edition; confirm vol/page/hadith no. in print or thaqalayn.net (blocked here),2026-10-05,thaqalayn/blocked — PAGE-CHECK/SECONDARY-ONLY
REF-148,Bihar al-Anwar,al-Majlisi,43,103 ff,EDITION NOT LOCKED,…وَأَشْهَدُ عَلَى تَزْوِيجِكَ أَرْبَعِينَ أَلْفَ مَلَكٍ…,[CAND] HAD-TAZWIJ. Sunni carriers (al-Khwarizmi; Yanabi') excluded.,Forty thousand angels as witnesses; Tuba tree,CANDIDATE,Attribution-only,2026-10-05,thaqalayn/blocked — PAGE-CHECK/SECONDARY-ONLY
REF-149,Bihar al-Anwar,al-Majlisi,43,? (page unknown),EDITION NOT LOCKED,إِنِّي قَدْ زَوَّجْتُ فَاطِمَةَ ابْنَتَكَ مِنْ عَلِيِّ بْنِ أَبِي طَالِبٍ فِي الْمَلَأِ الْأَعْلَى فَزَوِّجْهَا مِنْهُ فِي الْأَرْضِ,[CAND] HAD-TAZWIJ.,Marriage in the highest assembly,CANDIDATE,Lock one edition; confirm vol/page/hadith no. in print or thaqalayn.net (blocked here),2026-10-05,thaqalayn/blocked — PAGE-CHECK/SECONDARY-ONLY
REF-150,Bihar al-Anwar,al-Majlisi,43,? (page unknown),EDITION NOT LOCKED,اللَّهُمَّ إِنِّي أُعِيذُهَا بِكَ وَذُرِّيَّتَهَا مِنَ الشَّيْطَانِ الرَّجِيمِ,[CAND] HAD-TAZWIJ. Sunni carriers (Ibn Sa'd 8:24 etc.) excluded.,Prophet's du'a at the marriage,CANDIDATE,Lock one edition; confirm vol/page/hadith no. in print or thaqalayn.net (blocked here),2026-10-05,thaqalayn/blocked — PAGE-CHECK/SECONDARY-ONLY
REF-154/a,Bihar al-Anwar,al-Majlisi,15,24,EDITION NOT LOCKED,أول ما خلق الله نور نبيك,[CAND] HAD-NUR-AWWAL. Jabir report; Sunni attribution to Abd al-Razzaq disputed (ledger).,First creation = the Prophet's light,CANDIDATE,Attribution-only wording mandatory,2026-10-05,thaqalayn/blocked — PAGE-CHECK/SECONDARY-ONLY
REF-154/b,Bihar al-Anwar,al-Majlisi,25,21–22,EDITION NOT LOCKED,,[CAND] Second placement - may be a different narration; do not merge until read.,same theme,CANDIDATE,Lock one edition; confirm vol/page/hadith no. in print or thaqalayn.net (blocked here),2026-10-05,thaqalayn/blocked — PAGE-CHECK/SECONDARY-ONLY
REF-165,al-Kafi,al-Kulayni,1,210–212 (bab anna ahl al-dhikr … hum al-a'imma),EDITION NOT LOCKED,,[SPC],Ahl al-dhikr = Ahl al-Bayt,PAGE-CHECK,Lock one edition; confirm vol/page/hadith no. in print or thaqalayn.net (blocked here),2026-10-05,thaqalayn/blocked — PAGE-CHECK/SECONDARY-ONLY
REF-166/a,other: al-Tafsir al-mansub ila al-Imam al-'Askari,(attrib. to Imam al-'Askari),—,p. 345 region,EDITION NOT LOCKED,,[SPC] Attribution of this tafsir is disputed (ledger: «note attribution dispute»).,Woman's question and pearl reward,PAGE-CHECK,Print attribution caveat,2026-10-05,thaqalayn/blocked — PAGE-CHECK/SECONDARY-ONLY
REF-166/b,Bihar al-Anwar,al-Majlisi,2,3–4,EDITION NOT LOCKED,,[SPC] Carrier named in manuscript.,same,PAGE-CHECK,Lock one edition; confirm vol/page/hadith no. in print or thaqalayn.net (blocked here),2026-10-05,thaqalayn/blocked — PAGE-CHECK/SECONDARY-ONLY
REF-169,al-Kafi,al-Kulayni,1,537–538 (bab silat al-imam),EDITION NOT LOCKED,,[SPC] HAD-DIRHAM-YATIM. Imam al-Rida: «the orphan's dirham… we are that orphan».,Orphan's dirham,PAGE-CHECK,Lock one edition; confirm vol/page/hadith no. in print or thaqalayn.net (blocked here),2026-10-05,thaqalayn/blocked — PAGE-CHECK/SECONDARY-ONLY
REF-170,al-Kafi,al-Kulayni,1,537–538 (bab silat al-imam),EDITION NOT LOCKED,درهم ... أعظم من أحد,"[SPC] Different narrations in same bab (Q 57:11, al-Kazim, al-Sadiq) - lock each separately; not merged with REF-169.",57:11 exegesis; dirham heavier than Uhud,PAGE-CHECK,Lock each hadith no.,2026-10-05,thaqalayn/blocked — PAGE-CHECK/SECONDARY-ONLY
REF-171,al-Kafi,al-Kulayni,2,162–163 (bab al-birr bi-l-walidayn),EDITION NOT LOCKED,ولا بزفرة واحدة,[CAND] HAD-UMM-TAWAF. Sunni carriers (Bayhaqi Shu'ab; al-Bazzar) excluded; not in six books.,Carrying mother on shoulders in tawaf,CANDIDATE,Lock one edition; confirm vol/page/hadith no. in print or thaqalayn.net (blocked here),2026-10-05,thaqalayn/blocked — PAGE-CHECK/SECONDARY-ONLY
REF-173,other: Shawahid al-Tanzil,al-Hakim al-Haskani,1,66 ff (on Q 1:6),EDITION NOT LOCKED,,[SPC] HAD-SIRAT-ALI. al-Tha'labi / Ibn Burayda / Ibn Abbas items not separately located. Author classification as in REF-128.,Sirat = Ali,PAGE-CHECK,Lock one edition; confirm vol/page/hadith no. in print or thaqalayn.net (blocked here),2026-10-05,thaqalayn/blocked — PAGE-CHECK/SECONDARY-ONLY
REF-174/a,other: Ma'ani al-Akhbar,al-Shaykh al-Saduq,—,32–33,EDITION NOT LOCKED,,[SPC] HAD-SIRAT-ALI. «الصراط»: two paths; thinner than a hair.,Imams on Q 67:22 / sirat,PAGE-CHECK,Lock one edition; confirm vol/page/hadith no. in print or thaqalayn.net (blocked here),2026-10-05,thaqalayn/blocked — PAGE-CHECK/SECONDARY-ONLY
REF-174/b,Tafsir al-Qummi,Ali b. Ibrahim al-Qummi,2,on Q 67:22 (page not given),EDITION NOT LOCKED,,[SPC] Named in manuscript («খাতার উল্লেখ»).,same,PAGE-CHECK,Lock one edition; confirm vol/page/hadith no. in print or thaqalayn.net (blocked here),2026-10-05,thaqalayn/blocked — PAGE-CHECK/SECONDARY-ONLY
REF-174/c,Tafsir al-Ayyashi,al-'Ayyashi,—,on Q 67:22 (page not given),EDITION NOT LOCKED,,"[SPC] CAUTION (knowledge-based, unverified here): the extant Tafsir al-Ayyashi is generally reported to stop at Surat al-Kahf - a 67:22 report there is doubtful.",same,CANDIDATE,Confirm existence before citing; else drop Ayyashi for 67:22,2026-10-05,thaqalayn/blocked — PAGE-CHECK/SECONDARY-ONLY
REF-178,Tafsir al-Ayyashi,al-'Ayyashi,1,383–384 (on Q 6:153; Burayd al-'Ijli from Abu Ja'far),EDITION NOT LOCKED,هو والله علي، هو والله الصراط والميزان,[SPC] HAD-SIRAT-ALI.,«তিনিই সরল পথ ও মিজান»,PAGE-CHECK,Lock one edition; confirm vol/page/hadith no. in print or thaqalayn.net (blocked here),2026-10-05,thaqalayn/blocked — PAGE-CHECK/SECONDARY-ONLY
REF-181,other: Ma'ani al-Akhbar,al-Shaykh al-Saduq,—,—,EDITION NOT LOCKED,,"[CAND] Imam al-Sadiq item; Rashfat al-Sadi (Sunni, Abu al-Aliya) excluded.",Ma'ani al-Akhbar report (Imam al-Sadiq),PAGE-CHECK,Lock one edition; confirm vol/page/hadith no. in print or thaqalayn.net (blocked here),2026-10-05,thaqalayn/blocked — PAGE-CHECK/SECONDARY-ONLY
REF-182,al-Kafi,al-Kulayni,1,"208, h. 1–2 («كونوا مع الصادقين»)",EDITION NOT LOCKED,إيانا عنى,[SPC] Two hadiths (h. 1 and h. 2) - lock separately.,"The truthful = Ali, Fatima, Hasan, Husayn",PAGE-CHECK,Lock one edition; confirm vol/page/hadith no. in print or thaqalayn.net (blocked here),2026-10-05,thaqalayn/blocked — PAGE-CHECK/SECONDARY-ONLY
REF-183,Nahj al-Balagha,al-Sharif al-Radi (compiler),—,hikma 458 (Subhi Salih) / 455 (manuscript),Named: Subhi Salih numbering (ledger) - not locked,,[SPC] Numbering conflict 455 vs 458.,«ঈমান হলো… সত্যকে প্রাধান্য»,PAGE-CHECK,Lock numbering system book-wide,2026-10-05,thaqalayn/blocked — PAGE-CHECK/SECONDARY-ONLY
REF-184/a,other: 'Uyun Akhbar al-Rida,al-Shaykh al-Saduq,2,"51, h. 197",EDITION NOT LOCKED,,[SPC] Manuscript gives Bengali transliteration only («লা তানযুরু ইলা কাসরাতি সালাতিহিম…»).,Do not look at abundant prayer… truthful speech and trust,PAGE-CHECK,Lock one edition; confirm vol/page/hadith no. in print or thaqalayn.net (blocked here),2026-10-05,thaqalayn/blocked — PAGE-CHECK/SECONDARY-ONLY
REF-184/b,other: Mishkat al-Anwar,al-Tabrisi (Ali b. al-Hasan),1,116,EDITION NOT LOCKED,,[SPC] Named in manuscript as al-Tabrisi's Mishkat.,same,PAGE-CHECK,Lock one edition; confirm vol/page/hadith no. in print or thaqalayn.net (blocked here),2026-10-05,thaqalayn/blocked — PAGE-CHECK/SECONDARY-ONLY
REF-190/a,other: 'Awalim al-'Ulum,Abdullah al-Bahrani,11,930–934,EDITION NOT LOCKED,,[SPC] HAD-KISA (long Jabir version). Distinct from Sunni short kisa (Muslim 2424).,Long hadith al-kisa via Jabir,PAGE-CHECK,Lock one edition; confirm vol/page/hadith no. in print or thaqalayn.net (blocked here),2026-10-05,thaqalayn/blocked — PAGE-CHECK/SECONDARY-ONLY
REF-190/b,other: Mafatih al-Jinan,Abbas al-Qummi,—,—,EDITION NOT LOCKED,,[SPC] Modern devotional compilation - not a primary source (knowledge-based note).,same,PAGE-CHECK,Cite 'Awalim as primary; Mafatih only as secondary,2026-10-05,thaqalayn/blocked — PAGE-CHECK/SECONDARY-ONLY
REF-192/a,other: Ta'wil al-Ayat al-Zahira,Sharaf al-Din al-Astarabadi,2,813,EDITION NOT LOCKED,,[SPC] HAD-98-5 (= REF-270).,98:5: salat = Ali; din al-qayyima = Fatima,PAGE-CHECK,Lock one edition; confirm vol/page/hadith no. in print or thaqalayn.net (blocked here),2026-10-05,thaqalayn/blocked — PAGE-CHECK/SECONDARY-ONLY
REF-192/b,Tafsir al-Qummi,Ali b. Ibrahim al-Qummi,—,on Q 98:5 (page not given),EDITION NOT LOCKED,,[SPC] Named in manuscript.,same,PAGE-CHECK,Lock one edition; confirm vol/page/hadith no. in print or thaqalayn.net (blocked here),2026-10-05,thaqalayn/blocked — PAGE-CHECK/SECONDARY-ONLY
REF-192/c,Bihar al-Anwar,al-Majlisi,24,? (page unknown),EDITION NOT LOCKED,,[SPC] Ledger-only.,same,CANDIDATE,Lock one edition; confirm vol/page/hadith no. in print or thaqalayn.net (blocked here),2026-10-05,thaqalayn/blocked — PAGE-CHECK/SECONDARY-ONLY
REF-193/a,other: Ghurar al-Hikam,al-Amidi,—,—,EDITION NOT LOCKED,لَا خَیْرَ فِی مَنْ لَا یَتَحَبَّبُ وَ لَا یَتَبَغَّضُ,[CAND] Manuscript text uses Persian ي/ک forms - normalise Arabic before print.,Imam Ali saying,CANDIDATE,Lock one edition; confirm vol/page/hadith no. in print or thaqalayn.net (blocked here),2026-10-05,thaqalayn/blocked — PAGE-CHECK/SECONDARY-ONLY
REF-193/b,other: Tuhaf al-'Uqul,Ibn Shu'ba al-Harrani,—,—,EDITION NOT LOCKED,,[CAND],same,CANDIDATE,Lock one edition; confirm vol/page/hadith no. in print or thaqalayn.net (blocked here),2026-10-05,thaqalayn/blocked — PAGE-CHECK/SECONDARY-ONLY
REF-194,Nahj al-Balagha,al-Sharif al-Radi (compiler),—,khutba 179 (Dhi'lib al-Yamani),EDITION NOT LOCKED,,[SPC] HAD-NAHJ-179 (= REF-195).,«যাঁকে দেখি না তাঁর ইবাদত করি না»,PAGE-CHECK,Lock one edition; confirm vol/page/hadith no. in print or thaqalayn.net (blocked here),2026-10-05,thaqalayn/blocked — PAGE-CHECK/SECONDARY-ONLY
REF-195,Nahj al-Balagha,al-Sharif al-Radi (compiler),—,khutba 179,Named: Subhi Salih (ledger) - not locked,,[SPC] HAD-NAHJ-179; numbering varies by edition.,"same, fuller quotation",PAGE-CHECK,Lock one edition; confirm vol/page/hadith no. in print or thaqalayn.net (blocked here),2026-10-05,thaqalayn/blocked — PAGE-CHECK/SECONDARY-ONLY
REF-197,al-Kafi,al-Kulayni,1,"89, h. 5 (Kitab al-Tawhid, bab al-kawn wa al-makan)",EDITION NOT LOCKED,متى كان ربنا,[SPC],Jewish scholar: since when has Allah existed,PAGE-CHECK,Lock one edition; confirm vol/page/hadith no. in print or thaqalayn.net (blocked here),2026-10-05,thaqalayn/blocked — PAGE-CHECK/SECONDARY-ONLY
REF-200/a,Bihar al-Anwar,al-Majlisi,36,? (page unknown),EDITION NOT LOCKED,الذكر علي والأنثى فاطمة,[CAND],3:195 / 3:198 ta'wil,CANDIDATE,Attribution-only,2026-10-05,thaqalayn/blocked — PAGE-CHECK/SECONDARY-ONLY
REF-200/b,other: Manaqib Al Abi Talib,Ibn Shahrashub,—,—,EDITION NOT LOCKED,,[CAND],same,CANDIDATE,Lock one edition; confirm vol/page/hadith no. in print or thaqalayn.net (blocked here),2026-10-05,thaqalayn/blocked — PAGE-CHECK/SECONDARY-ONLY
REF-204/a,Kamal al-Din,al-Shaykh al-Saduq,—,Yunus b. Zibyan report,EDITION NOT LOCKED,,[SPC] Ledger: chain weak - flag.,Yunus b. Zibyan: «face/hand» of Allah; twelve Imams,PAGE-CHECK,Lock; print chain caveat,2026-10-05,thaqalayn/blocked — PAGE-CHECK/SECONDARY-ONLY
REF-204/b,other: Kifayat al-Athar,al-Khazzaz al-Qummi,—,—,EDITION NOT LOCKED,,"[SPC] Same report, second carrier.",same,PAGE-CHECK,Lock one edition; confirm vol/page/hadith no. in print or thaqalayn.net (blocked here),2026-10-05,thaqalayn/blocked — PAGE-CHECK/SECONDARY-ONLY
REF-212,Tafsir al-Qummi,Ali b. Ibrahim al-Qummi,2,106–107 (on Q 24:40),EDITION NOT LOCKED,الظلمات الأول وصاحبه ... سحاب معاوية وفتن بني أمية,"[SPC] Manuscript: «তাফসিরে কুম্মি বলে অনুমান, খোলা হয়নি».",Imam al-Sadiq on 24:40,CANDIDATE,Lock one edition; confirm vol/page/hadith no. in print or thaqalayn.net (blocked here),2026-10-05,thaqalayn/blocked — PAGE-CHECK/SECONDARY-ONLY
REF-213,Nahj al-Balagha,al-Sharif al-Radi (compiler),—,khutba 50,EDITION NOT LOCKED,,[SPC] Paraphrase («ভাব») - not a quotation.,Fitna begins with following desires…,PAGE-CHECK,Mark as paraphrase,2026-10-05,thaqalayn/blocked — PAGE-CHECK/SECONDARY-ONLY
REF-214,Nahj al-Balagha,al-Sharif al-Radi (compiler),—,khutba 93,EDITION NOT LOCKED,فقأت عين الفتنة,[SPC] Dramatised retelling (manuscript) - numbering varies.,After Nahrawan: «আমি ফিতনার চোখ অন্ধ করেছি…»,PAGE-CHECK,Mark as paraphrase; lock numbering,2026-10-05,thaqalayn/blocked — PAGE-CHECK/SECONDARY-ONLY
REF-217/h8,al-Kafi,al-Kulayni,1,"54–58 (Kitab Fadl al-'Ilm, bab al-bida' wa al-ra'y wa al-maqayis), h. 8",EDITION NOT LOCKED,,[SPC] HAD-BIDAA-KAFI. One of four separate hadiths cited in one bullet; Arabic not in ledger.,"«প্রত্যেক বিদআত পথভ্রষ্টতা, প্রত্যেক পথভ্রষ্টতা আগুনে»",PAGE-CHECK,Lock one edition; confirm vol/page/hadith no. in print or thaqalayn.net (blocked here),2026-10-05,thaqalayn/blocked — PAGE-CHECK/SECONDARY-ONLY
REF-217/h4,al-Kafi,al-Kulayni,1,"54–58 (Kitab Fadl al-'Ilm, bab al-bida' wa al-ra'y wa al-maqayis), h. 4",EDITION NOT LOCKED,,[SPC] HAD-BIDAA-KAFI. One of four separate hadiths cited in one bullet; Arabic not in ledger.,«আল্লাহ বিদআতির তওবা গ্রহণে অস্বীকার করেন»,PAGE-CHECK,Lock one edition; confirm vol/page/hadith no. in print or thaqalayn.net (blocked here),2026-10-05,thaqalayn/blocked — PAGE-CHECK/SECONDARY-ONLY
REF-217/h3,al-Kafi,al-Kulayni,1,"54–58 (Kitab Fadl al-'Ilm, bab al-bida' wa al-ra'y wa al-maqayis), h. 3",EDITION NOT LOCKED,,[SPC] HAD-BIDAA-KAFI. One of four separate hadiths cited in one bullet; Arabic not in ledger.,«বিদআতকারীকে সম্মান… ইসলাম ধ্বংসের চেষ্টা»,PAGE-CHECK,Lock one edition; confirm vol/page/hadith no. in print or thaqalayn.net (blocked here),2026-10-05,thaqalayn/blocked — PAGE-CHECK/SECONDARY-ONLY
REF-217/h5,al-Kafi,al-Kulayni,1,"54–58 (Kitab Fadl al-'Ilm, bab al-bida' wa al-ra'y wa al-maqayis), h. 5",EDITION NOT LOCKED,,[SPC] HAD-BIDAA-KAFI. One of four separate hadiths cited in one bullet; Arabic not in ledger.,«প্রতিটি বিদআতের সামনে… একজন অভিভাবক»,PAGE-CHECK,Lock one edition; confirm vol/page/hadith no. in print or thaqalayn.net (blocked here),2026-10-05,thaqalayn/blocked — PAGE-CHECK/SECONDARY-ONLY
REF-218,al-Kafi,al-Kulayni,2,415–416 (bab al-kufr),EDITION NOT LOCKED,أدنى ما يخرج به الرجل من الإيمان...,[SPC] Manuscript: «আল-কাফি খণ্ড ২-এ খুঁজতে হবে» - not yet located by author.,Least cause of a servant's kufr,CANDIDATE,Lock one edition; confirm vol/page/hadith no. in print or thaqalayn.net (blocked here),2026-10-05,thaqalayn/blocked — PAGE-CHECK/SECONDARY-ONLY
REF-221,al-Kafi,al-Kulayni,1,"58, h. 19",EDITION NOT LOCKED,حلال محمد حلال أبدا إلى يوم القيامة وحرامه حرام أبدا,[SPC] Manuscript names no book.,«মুহাম্মাদের হালাল কিয়ামত পর্যন্ত হালাল…»,CANDIDATE,Lock one edition; confirm vol/page/hadith no. in print or thaqalayn.net (blocked here),2026-10-05,thaqalayn/blocked — PAGE-CHECK/SECONDARY-ONLY
REF-226/a,al-Kafi,al-Kulayni,1,"54, h. 6 (bab al-bida')",EDITION NOT LOCKED,,[SPC] HAD-BIDAA-KAFI (= REF-231 DUP).,Two most hated men; selling ignorance as knowledge,PAGE-CHECK,Lock one edition; confirm vol/page/hadith no. in print or thaqalayn.net (blocked here),2026-10-05,thaqalayn/blocked — PAGE-CHECK/SECONDARY-ONLY
REF-226/b,Nahj al-Balagha,al-Sharif al-Radi (compiler),—,khutba 17,EDITION NOT LOCKED,,[SPC] Same text in a second work - separate citation.,same,PAGE-CHECK,Lock one edition; confirm vol/page/hadith no. in print or thaqalayn.net (blocked here),2026-10-05,thaqalayn/blocked — PAGE-CHECK/SECONDARY-ONLY
REF-227/a,other: Tafsir Nur al-Thaqalayn,al-Huwayzi,1,607 (on Q 5:15),EDITION NOT LOCKED,,[SPC] Manuscript «খাতামতো».,5:15 «light» = Ali's wasiyya,PAGE-CHECK,Lock one edition; confirm vol/page/hadith no. in print or thaqalayn.net (blocked here),2026-10-05,thaqalayn/blocked — PAGE-CHECK/SECONDARY-ONLY
REF-227/b,Tafsir al-Ayyashi,al-'Ayyashi,1,323,EDITION NOT LOCKED,,[SPC] Different claim from 227/a.,«light and straight path are both Ali»,PAGE-CHECK,Lock one edition; confirm vol/page/hadith no. in print or thaqalayn.net (blocked here),2026-10-05,thaqalayn/blocked — PAGE-CHECK/SECONDARY-ONLY
REF-229,other: al-Amali (al-Tusi),al-Shaykh al-Tusi,—,—,EDITION NOT LOCKED,أنت الطريق الواضح والصراط المستقيم ويعسوب المؤمنين,[CAND] Also Bihar 38:? per ledger.,«তুমি স্পষ্ট পথ… মুমিনদের ইয়াকুব»,CANDIDATE,Lock one edition; confirm vol/page/hadith no. in print or thaqalayn.net (blocked here),2026-10-05,thaqalayn/blocked — PAGE-CHECK/SECONDARY-ONLY
REF-230/a,other: Ma'ani al-Akhbar,al-Shaykh al-Saduq,—,35,EDITION NOT LOCKED,نحن الصراط,[CAND] HAD-SIRAT-ALI.,«আমরাই আল্লাহর সরল পথ…» (al-Baqir),CANDIDATE,Lock one edition; confirm vol/page/hadith no. in print or thaqalayn.net (blocked here),2026-10-05,thaqalayn/blocked — PAGE-CHECK/SECONDARY-ONLY
REF-230/b,Bihar al-Anwar,al-Majlisi,24,11,EDITION NOT LOCKED,,[CAND] Carrier.,same,CANDIDATE,Lock one edition; confirm vol/page/hadith no. in print or thaqalayn.net (blocked here),2026-10-05,thaqalayn/blocked — PAGE-CHECK/SECONDARY-ONLY
REF-232,Bihar al-Anwar,al-Majlisi,44,329–330,EDITION NOT LOCKED,إنما خرجت لطلب الإصلاح...,"[CAND] al-Khwarizmi, Maqtal 1:188 (Sunni) excluded.",Imam Husayn's wasiyya to Muhammad b. al-Hanafiyya,CANDIDATE,Lock one edition; confirm vol/page/hadith no. in print or thaqalayn.net (blocked here),2026-10-05,thaqalayn/blocked — PAGE-CHECK/SECONDARY-ONLY
REF-235/a,Tafsir al-Qummi,Ali b. Ibrahim al-Qummi,2,170 (on Q 32:24),EDITION NOT LOCKED,,[SPC] Manuscript names no book.,32:24 on Fatima's descendants (al-Baqir),CANDIDATE,Lock one edition; confirm vol/page/hadith no. in print or thaqalayn.net (blocked here),2026-10-05,thaqalayn/blocked — PAGE-CHECK/SECONDARY-ONLY
REF-235/b,Bihar al-Anwar,al-Majlisi,24,? (page unknown),EDITION NOT LOCKED,,[SPC],same,CANDIDATE,Lock one edition; confirm vol/page/hadith no. in print or thaqalayn.net (blocked here),2026-10-05,thaqalayn/blocked — PAGE-CHECK/SECONDARY-ONLY
REF-238/a,Tafsir al-Qummi,Ali b. Ibrahim al-Qummi,1,36,EDITION NOT LOCKED,,[SPC] «খাতামতো».,Adam's khilafa = representation of knowledge/guidance,PAGE-CHECK,Lock one edition; confirm vol/page/hadith no. in print or thaqalayn.net (blocked here),2026-10-05,thaqalayn/blocked — PAGE-CHECK/SECONDARY-ONLY
REF-238/b,other: Tafsir Nur al-Thaqalayn,al-Huwayzi,1,52,EDITION NOT LOCKED,,[SPC],same,PAGE-CHECK,Lock one edition; confirm vol/page/hadith no. in print or thaqalayn.net (blocked here),2026-10-05,thaqalayn/blocked — PAGE-CHECK/SECONDARY-ONLY
REF-238/c,al-Kafi,al-Kulayni,1,Kitab al-Hujja (page not given),EDITION NOT LOCKED,,[SPC] Separate claim (Harun's succession spiritual).,Harun's succession,PAGE-CHECK,Lock one edition; confirm vol/page/hadith no. in print or thaqalayn.net (blocked here),2026-10-05,thaqalayn/blocked — PAGE-CHECK/SECONDARY-ONLY
REF-243,al-Kafi,al-Kulayni,1,"478–479, h. 4 (bab mawlid Abi al-Hasan Musa)",EDITION NOT LOCKED,حم محمد ... الكتاب المبين أمير المؤمنين ... الليلة المباركة فاطمة,[SPC],"Christian scholar: Ha-Mim = Muhammad, Kitab = Ali, blessed night = Fatima",PAGE-CHECK,Lock one edition; confirm vol/page/hadith no. in print or thaqalayn.net (blocked here),2026-10-05,thaqalayn/blocked — PAGE-CHECK/SECONDARY-ONLY
REF-247/a,'Ilal al-Shara'i',al-Shaykh al-Saduq,1,5–6 (bab 2?),EDITION NOT LOCKED,,[SPC] Bab number uncertain in ledger.,Tasbih under the Throne; prostration for our honour,PAGE-CHECK,Lock one edition; confirm vol/page/hadith no. in print or thaqalayn.net (blocked here),2026-10-05,thaqalayn/blocked — PAGE-CHECK/SECONDARY-ONLY
REF-247/b,Bihar al-Anwar,al-Majlisi,15,? (page unknown),EDITION NOT LOCKED,,[SPC],same,PAGE-CHECK,Lock one edition; confirm vol/page/hadith no. in print or thaqalayn.net (blocked here),2026-10-05,thaqalayn/blocked — PAGE-CHECK/SECONDARY-ONLY
REF-249/a,'Ilal al-Shara'i',al-Shaykh al-Saduq,1,180–181 (bab 142 «لم سميت فاطمة الزهراء»),EDITION NOT LOCKED,,[SPC] HAD-ZAHRA-NAME (= REF-289/291).,Reason for the name al-Zahra,PAGE-CHECK,Lock one edition; confirm vol/page/hadith no. in print or thaqalayn.net (blocked here),2026-10-05,thaqalayn/blocked — PAGE-CHECK/SECONDARY-ONLY
REF-249/b,other: Ma'ani al-Akhbar,al-Shaykh al-Saduq,—,—,EDITION NOT LOCKED,,"[SPC] Manuscript: «থাকার কথা» (expected, not seen).",same,CANDIDATE,Lock one edition; confirm vol/page/hadith no. in print or thaqalayn.net (blocked here),2026-10-05,thaqalayn/blocked — PAGE-CHECK/SECONDARY-ONLY
REF-249/c,Bihar al-Anwar,al-Majlisi,43,12,EDITION NOT LOCKED,,[SPC] Ledger-only carrier.,same,CANDIDATE,Lock one edition; confirm vol/page/hadith no. in print or thaqalayn.net (blocked here),2026-10-05,thaqalayn/blocked — PAGE-CHECK/SECONDARY-ONLY
REF-254,other: Tafsir Furat al-Kufi,Furat b. Ibrahim al-Kufi,—,page not given,EDITION NOT LOCKED,,[SPC] «খাতামতো».,Furat's tafsir report,PAGE-CHECK,Lock one edition; confirm vol/page/hadith no. in print or thaqalayn.net (blocked here),2026-10-05,thaqalayn/blocked — PAGE-CHECK/SECONDARY-ONLY
REF-270,other: Ta'wil al-Ayat al-Zahira,Sharaf al-Din al-Astarabadi,2,813,EDITION NOT LOCKED,,[SPC] HAD-98-5 (= REF-192). Manuscript names no book.,98:5 ta'wil,CANDIDATE,Lock one edition; confirm vol/page/hadith no. in print or thaqalayn.net (blocked here),2026-10-05,thaqalayn/blocked — PAGE-CHECK/SECONDARY-ONLY
REF-284,al-Kafi,al-Kulayni,2,"18–19, h. 5 (bab da'a'im al-islam per ledger; manuscript says «বাবুল ওয়ালায়াহ»)",EDITION NOT LOCKED,,[SPC] HAD-WILAYA-KAFI (= REF-035). BAB-NAME MISMATCH between manuscript and ledger.,«ওলায়াহকে জানার পর…»,PAGE-CHECK,Resolve bab name; normalise with REF-035,2026-10-05,thaqalayn/blocked — PAGE-CHECK/SECONDARY-ONLY
REF-286,Nahj al-Balagha,al-Sharif al-Radi (compiler),—,hikma 237 (Subhi Salih),EDITION NOT LOCKED,إن قوما عبدوا الله رغبة فتلك عبادة التجار...,[SPC] PROSE line; manuscript names no book.,Three kinds of worshippers,CANDIDATE,Lock one edition; confirm vol/page/hadith no. in print or thaqalayn.net (blocked here),2026-10-05,thaqalayn/blocked — PAGE-CHECK/SECONDARY-ONLY
REF-290/a,Bihar al-Anwar,al-Majlisi,43,172 (from Amali al-Saduq),EDITION NOT LOCKED,يا ملائكتي انظروا إلى أمتي فاطمة,[CAND] HAD-FATIMA-IBADA.,Fatima trembling in prayer; angels shown,CANDIDATE,Lock one edition; confirm vol/page/hadith no. in print or thaqalayn.net (blocked here),2026-10-05,thaqalayn/blocked — PAGE-CHECK/SECONDARY-ONLY
REF-290/b,other: al-Amali (al-Saduq),al-Shaykh al-Saduq,—,—,EDITION NOT LOCKED,,[CAND] Manuscript: «আমালি সাদুক সম্ভাব্য».,same,CANDIDATE,Lock one edition; confirm vol/page/hadith no. in print or thaqalayn.net (blocked here),2026-10-05,thaqalayn/blocked — PAGE-CHECK/SECONDARY-ONLY
REF-291,'Ilal al-Shara'i',al-Shaykh al-Saduq,1,180–181 (bab 142),EDITION NOT LOCKED,,[SPC] HAD-ZAHRA-NAME.,Light radiating when she stood in worship,PAGE-CHECK,Lock one edition; confirm vol/page/hadith no. in print or thaqalayn.net (blocked here),2026-10-05,thaqalayn/blocked — PAGE-CHECK/SECONDARY-ONLY
REF-294/a,Bihar al-Anwar,al-Majlisi,43,76 (from Manaqib Ibn Shahrashub 3:341),EDITION NOT LOCKED,ما كان في هذه الأمة أعبد من فاطمة كانت تقوم حتى تتورم قدماها,[CAND] HAD-FATIMA-IBADA. Replace English secondary anthology.,Hasan al-Basri / Imam Hasan on Fatima's worship,CANDIDATE,Lock one edition; confirm vol/page/hadith no. in print or thaqalayn.net (blocked here),2026-10-05,thaqalayn/blocked — PAGE-CHECK/SECONDARY-ONLY
REF-294/b,other: Manaqib Al Abi Talib,Ibn Shahrashub,3,341,EDITION NOT LOCKED,,[CAND],same,CANDIDATE,Lock one edition; confirm vol/page/hadith no. in print or thaqalayn.net (blocked here),2026-10-05,thaqalayn/blocked — PAGE-CHECK/SECONDARY-ONLY
REF-296/a,other: Misbah al-Mutahajjid,al-Shaykh al-Tusi,—,p. 300 region,EDITION NOT LOCKED,,[CAND] Replace al-islam.org with primary.,Salat Fatima (two rak'a),CANDIDATE,Lock one edition; confirm vol/page/hadith no. in print or thaqalayn.net (blocked here),2026-10-05,thaqalayn/blocked — PAGE-CHECK/SECONDARY-ONLY
REF-296/b,other: Jamal al-Usbu',Ibn Tawus,—,—,EDITION NOT LOCKED,,[CAND],same,CANDIDATE,Lock one edition; confirm vol/page/hadith no. in print or thaqalayn.net (blocked here),2026-10-05,thaqalayn/blocked — PAGE-CHECK/SECONDARY-ONLY
REF-299,other: Misbah al-Shari'a (attributed),(attrib.),—,via Mizan al-Hikma,EDITION NOT LOCKED,العبودية خمسة أشياء,[CAND] Attribution of Misbah al-Shari'a disputed (ledger: «attributed»); Mizan al-Hikma is secondary.,«দাসত্ব পাঁচটি জিনিস দিয়ে গঠিত»,CANDIDATE,Attribution-only,2026-10-05,thaqalayn/blocked — PAGE-CHECK/SECONDARY-ONLY
REF-301/a,Bihar al-Anwar,al-Majlisi,41,14,EDITION NOT LOCKED,ما عبدتك خوفا من نارك ولا طمعا في جنتك,[CAND] HAD-MUNAJAT-ALI. Manuscript names Bihar 41/14.,Ali's munajat,PAGE-CHECK,Lock one edition; confirm vol/page/hadith no. in print or thaqalayn.net (blocked here),2026-10-05,thaqalayn/blocked — PAGE-CHECK/SECONDARY-ONLY
REF-301/b,Bihar al-Anwar,al-Majlisi,70,186,EDITION NOT LOCKED,,[CAND] Second placement.,same,CANDIDATE,Lock one edition; confirm vol/page/hadith no. in print or thaqalayn.net (blocked here),2026-10-05,thaqalayn/blocked — PAGE-CHECK/SECONDARY-ONLY
REF-301/c,other: Sharh Nahj al-Balagha,Ibn Abi al-Hadid,10,157,EDITION NOT LOCKED,,[CAND] Named in manuscript (no page).,same,PAGE-CHECK,Lock one edition; confirm vol/page/hadith no. in print or thaqalayn.net (blocked here),2026-10-05,thaqalayn/blocked — PAGE-CHECK/SECONDARY-ONLY
REF-303,al-Kafi,al-Kulayni,2,495 («لا تبترها»),EDITION NOT LOCKED,لا تبترها,[CAND] HAD-SALAT-BATRA - Shia component only; Sunni «لا تصلوا علي الصلاة البتراء» (al-Sawa'iq; Yanabi') excluded. Same narration as REF-034/a.,«লেজকাটা দরুদ» prohibition,CANDIDATE,Normalise with REF-034,2026-10-05,thaqalayn/blocked — PAGE-CHECK/SECONDARY-ONLY
REF-328,al-Kafi,al-Kulayni,2,"429, h. 3 (bab man yahummu bi-l-hasana aw al-sayyi'a)",EDITION NOT LOCKED,إذا هم العبد بالحسنة خرج نفسه طيب الريح...,[SPC] HAD-NIYYA-KAZIM.,Imam al-Kazim: fragrance of intention,PAGE-CHECK,Lock one edition; confirm vol/page/hadith no. in print or thaqalayn.net (blocked here),2026-10-05,thaqalayn/blocked — PAGE-CHECK/SECONDARY-ONLY
REF-101,al-Ihtijaj,al-Tabrisi (Ahmad b. Ali),—,"cited as source of Tafsir Hubb-e Ali, al-Kawthar h. 11",EDITION NOT LOCKED,,[MM row - Shia component only] Local [LOCAL-PATH-REDACTED] path must go (BUG-07/27); hubbeali.com h. 9499 named.,al-As b. Wa'il and «al-abtar» (h. 11),CANDIDATE,"Locate in al-Ihtijaj and cite it, not the local file",2026-10-05,thaqalayn/blocked — PAGE-CHECK/SECONDARY-ONLY
,,,,,,,,,PAGE-CHECK,,2026-10-05,thaqalayn/blocked — PAGE-CHECK/SECONDARY-ONLY
,,,,,,,,,PAGE-CHECK,,2026-10-05,thaqalayn/blocked — PAGE-CHECK/SECONDARY-ONLY
,,,,,,,,,PAGE-CHECK,,2026-10-05,thaqalayn/blocked — PAGE-CHECK/SECONDARY-ONLY
,,,,,,,,,PAGE-CHECK,,2026-10-05,thaqalayn/blocked — PAGE-CHECK/SECONDARY-ONLY
,,,,,,,,,PAGE-CHECK,,2026-10-05,thaqalayn/blocked — PAGE-CHECK/SECONDARY-ONLY
,,,,,,,,,PAGE-CHECK,,2026-10-05,thaqalayn/blocked — PAGE-CHECK/SECONDARY-ONLY
,,,,,,,,,PAGE-CHECK,,2026-10-05,thaqalayn/blocked — PAGE-CHECK/SECONDARY-ONLY
,,,,,,,,,PAGE-CHECK,,2026-10-05,thaqalayn/blocked — PAGE-CHECK/SECONDARY-ONLY
,,,,,,,,,PAGE-CHECK,,2026-10-05,thaqalayn/blocked — PAGE-CHECK/SECONDARY-ONLY
,,,,,,,,,PAGE-CHECK,,2026-10-05,thaqalayn/blocked — PAGE-CHECK/SECONDARY-ONLY
,,,,,,,,,PAGE-CHECK,,2026-10-05,thaqalayn/blocked — PAGE-CHECK/SECONDARY-ONLY
,,,,,,,,,PAGE-CHECK,,2026-10-05,thaqalayn/blocked — PAGE-CHECK/SECONDARY-ONLY
,,,,,,,,,PAGE-CHECK,,2026-10-05,thaqalayn/blocked — PAGE-CHECK/SECONDARY-ONLY
,,,,,,,,,PAGE-CHECK,,2026-10-05,thaqalayn/blocked — PAGE-CHECK/SECONDARY-ONLY
,,,,,,,,,PAGE-CHECK,,2026-10-05,thaqalayn/blocked — PAGE-CHECK/SECONDARY-ONLY
,,,,,,,,,PAGE-CHECK,,2026-10-05,thaqalayn/blocked — PAGE-CHECK/SECONDARY-ONLY
,,,,,,,,,PAGE-CHECK,,2026-10-05,thaqalayn/blocked — PAGE-CHECK/SECONDARY-ONLY
,,,,,,,,,PAGE-CHECK,,2026-10-05,thaqalayn/blocked — PAGE-CHECK/SECONDARY-ONLY
,,,,,,,,,PAGE-CHECK,,2026-10-05,thaqalayn/blocked — PAGE-CHECK/SECONDARY-ONLY
,,,,,,,,,PAGE-CHECK,,2026-10-05,thaqalayn/blocked — PAGE-CHECK/SECONDARY-ONLY
,,,,,,,,,PAGE-CHECK,,2026-10-05,thaqalayn/blocked — PAGE-CHECK/SECONDARY-ONLY
,,,,,,,,,PAGE-CHECK,,2026-10-05,thaqalayn/blocked — PAGE-CHECK/SECONDARY-ONLY
,,,,,,,,,PAGE-CHECK,,2026-10-05,thaqalayn/blocked — PAGE-CHECK/SECONDARY-ONLY
,,,,,,,,,PAGE-CHECK,,2026-10-05,thaqalayn/blocked — PAGE-CHECK/SECONDARY-ONLY
,,,,,,,,,PAGE-CHECK,,2026-10-05,thaqalayn/blocked — PAGE-CHECK/SECONDARY-ONLY
,,,,,,,,,PAGE-CHECK,,2026-10-05,thaqalayn/blocked — PAGE-CHECK/SECONDARY-ONLY
,,,,,,,,,PAGE-CHECK,,2026-10-05,thaqalayn/blocked — PAGE-CHECK/SECONDARY-ONLY
,,,,,,,,,PAGE-CHECK,,2026-10-05,thaqalayn/blocked — PAGE-CHECK/SECONDARY-ONLY
,,,,,,,,,PAGE-CHECK,,2026-10-05,thaqalayn/blocked — PAGE-CHECK/SECONDARY-ONLY
,,,,,,,,,PAGE-CHECK,,2026-10-05,thaqalayn/blocked — PAGE-CHECK/SECONDARY-ONLY
,,,,,,,,,PAGE-CHECK,,2026-10-05,thaqalayn/blocked — PAGE-CHECK/SECONDARY-ONLY
,,,,,,,,,PAGE-CHECK,,2026-10-05,thaqalayn/blocked — PAGE-CHECK/SECONDARY-ONLY
,,,,,,,,,PAGE-CHECK,,2026-10-05,thaqalayn/blocked — PAGE-CHECK/SECONDARY-ONLY
,,,,,,,,,PAGE-CHECK,,2026-10-05,thaqalayn/blocked — PAGE-CHECK/SECONDARY-ONLY
,,,,,,,,,PAGE-CHECK,,2026-10-05,thaqalayn/blocked — PAGE-CHECK/SECONDARY-ONLY
,,,,,,,,,PAGE-CHECK,,2026-10-05,thaqalayn/blocked — PAGE-CHECK/SECONDARY-ONLY
,,,,,,,,,PAGE-CHECK,,2026-10-05,thaqalayn/blocked — PAGE-CHECK/SECONDARY-ONLY
,,,,,,,,,PAGE-CHECK,,2026-10-05,thaqalayn/blocked — PAGE-CHECK/SECONDARY-ONLY
,,,,,,,,,PAGE-CHECK,,2026-10-05,thaqalayn/blocked — PAGE-CHECK/SECONDARY-ONLY
,,,,,,,,,PAGE-CHECK,,2026-10-05,thaqalayn/blocked — PAGE-CHECK/SECONDARY-ONLY
,,,,,,,,,PAGE-CHECK,,2026-10-05,thaqalayn/blocked — PAGE-CHECK/SECONDARY-ONLY
,,,,,,,,,PAGE-CHECK,,2026-10-05,thaqalayn/blocked — PAGE-CHECK/SECONDARY-ONLY
,,,,,,,,,PAGE-CHECK,,2026-10-05,thaqalayn/blocked — PAGE-CHECK/SECONDARY-ONLY
,,,,,,,,,PAGE-CHECK,,2026-10-05,thaqalayn/blocked — PAGE-CHECK/SECONDARY-ONLY
,,,,,,,,,PAGE-CHECK,,2026-10-05,thaqalayn/blocked — PAGE-CHECK/SECONDARY-ONLY
,,,,,,,,,PAGE-CHECK,,2026-10-05,thaqalayn/blocked — PAGE-CHECK/SECONDARY-ONLY
,,,,,,,,,PAGE-CHECK,,2026-10-05,thaqalayn/blocked — PAGE-CHECK/SECONDARY-ONLY
,,,,,,,,,PAGE-CHECK,,2026-10-05,thaqalayn/blocked — PAGE-CHECK/SECONDARY-ONLY
,,,,,,,,,PAGE-CHECK,,2026-10-05,thaqalayn/blocked — PAGE-CHECK/SECONDARY-ONLY
,,,,,,,,,PAGE-CHECK,,2026-10-05,thaqalayn/blocked — PAGE-CHECK/SECONDARY-ONLY
,,,,,,,,,PAGE-CHECK,,2026-10-05,thaqalayn/blocked — PAGE-CHECK/SECONDARY-ONLY
,,,,,,,,,PAGE-CHECK,,2026-10-05,thaqalayn/blocked — PAGE-CHECK/SECONDARY-ONLY
,,,,,,,,,PAGE-CHECK,,2026-10-05,thaqalayn/blocked — PAGE-CHECK/SECONDARY-ONLY
,,,,,,,,,PAGE-CHECK,,2026-10-05,thaqalayn/blocked — PAGE-CHECK/SECONDARY-ONLY
,,,,,,,,,PAGE-CHECK,,2026-10-05,thaqalayn/blocked — PAGE-CHECK/SECONDARY-ONLY
,,,,,,,,,PAGE-CHECK,,2026-10-05,thaqalayn/blocked — PAGE-CHECK/SECONDARY-ONLY
,,,,,,,,,PAGE-CHECK,,2026-10-05,thaqalayn/blocked — PAGE-CHECK/SECONDARY-ONLY
,,,,,,,,,PAGE-CHECK,,2026-10-05,thaqalayn/blocked — PAGE-CHECK/SECONDARY-ONLY
,,,,,,,,,PAGE-CHECK,,2026-10-05,thaqalayn/blocked — PAGE-CHECK/SECONDARY-ONLY
,,,,,,,,,PAGE-CHECK,,2026-10-05,thaqalayn/blocked — PAGE-CHECK/SECONDARY-ONLY
,,,,,,,,,PAGE-CHECK,,2026-10-05,thaqalayn/blocked — PAGE-CHECK/SECONDARY-ONLY
,,,,,,,,,PAGE-CHECK,,2026-10-05,thaqalayn/blocked — PAGE-CHECK/SECONDARY-ONLY
,,,,,,,,,PAGE-CHECK,,2026-10-05,thaqalayn/blocked — PAGE-CHECK/SECONDARY-ONLY
,,,,,,,,,PAGE-CHECK,,2026-10-05,thaqalayn/blocked — PAGE-CHECK/SECONDARY-ONLY
,,,,,,,,,PAGE-CHECK,,2026-10-05,thaqalayn/blocked — PAGE-CHECK/SECONDARY-ONLY
,,,,,,,,,PAGE-CHECK,,2026-10-05,thaqalayn/blocked — PAGE-CHECK/SECONDARY-ONLY
,,,,,,,,,PAGE-CHECK,,2026-10-05,thaqalayn/blocked — PAGE-CHECK/SECONDARY-ONLY
,,,,,,,,,PAGE-CHECK,,2026-10-05,thaqalayn/blocked — PAGE-CHECK/SECONDARY-ONLY
,,,,,,,,,PAGE-CHECK,,2026-10-05,thaqalayn/blocked — PAGE-CHECK/SECONDARY-ONLY
,,,,,,,,,PAGE-CHECK,,2026-10-05,thaqalayn/blocked — PAGE-CHECK/SECONDARY-ONLY
,,,,,,,,,PAGE-CHECK,,2026-10-05,thaqalayn/blocked — PAGE-CHECK/SECONDARY-ONLY
,,,,,,,,,PAGE-CHECK,,2026-10-05,thaqalayn/blocked — PAGE-CHECK/SECONDARY-ONLY
,,,,,,,,,PAGE-CHECK,,2026-10-05,thaqalayn/blocked — PAGE-CHECK/SECONDARY-ONLY
,,,,,,,,,PAGE-CHECK,,2026-10-05,thaqalayn/blocked — PAGE-CHECK/SECONDARY-ONLY
,,,,,,,,,PAGE-CHECK,,2026-10-05,thaqalayn/blocked — PAGE-CHECK/SECONDARY-ONLY
,,,,,,,,,PAGE-CHECK,,2026-10-05,thaqalayn/blocked — PAGE-CHECK/SECONDARY-ONLY
,,,,,,,,,PAGE-CHECK,,2026-10-05,thaqalayn/blocked — PAGE-CHECK/SECONDARY-ONLY
,,,,,,,,,PAGE-CHECK,,2026-10-05,thaqalayn/blocked — PAGE-CHECK/SECONDARY-ONLY
,,,,,,,,,PAGE-CHECK,,2026-10-05,thaqalayn/blocked — PAGE-CHECK/SECONDARY-ONLY
,,,,,,,,,PAGE-CHECK,,2026-10-05,thaqalayn/blocked — PAGE-CHECK/SECONDARY-ONLY
,,,,,,,,,PAGE-CHECK,,2026-10-05,thaqalayn/blocked — PAGE-CHECK/SECONDARY-ONLY
,,,,,,,,,PAGE-CHECK,,2026-10-05,thaqalayn/blocked — PAGE-CHECK/SECONDARY-ONLY
,,,,,,,,,PAGE-CHECK,,2026-10-05,thaqalayn/blocked — PAGE-CHECK/SECONDARY-ONLY
,,,,,,,,,PAGE-CHECK,,2026-10-05,thaqalayn/blocked — PAGE-CHECK/SECONDARY-ONLY
,,,,,,,,,PAGE-CHECK,,2026-10-05,thaqalayn/blocked — PAGE-CHECK/SECONDARY-ONLY
,,,,,,,,,PAGE-CHECK,,2026-10-05,thaqalayn/blocked — PAGE-CHECK/SECONDARY-ONLY
,,,,,,,,,PAGE-CHECK,,2026-10-05,thaqalayn/blocked — PAGE-CHECK/SECONDARY-ONLY
,,,,,,,,,PAGE-CHECK,,2026-10-05,thaqalayn/blocked — PAGE-CHECK/SECONDARY-ONLY
,,,,,,,,,PAGE-CHECK,,2026-10-05,thaqalayn/blocked — PAGE-CHECK/SECONDARY-ONLY
,,,,,,,,,PAGE-CHECK,,2026-10-05,thaqalayn/blocked — PAGE-CHECK/SECONDARY-ONLY
,,,,,,,,,PAGE-CHECK,,2026-10-05,thaqalayn/blocked — PAGE-CHECK/SECONDARY-ONLY
,,,,,,,,,PAGE-CHECK,,2026-10-05,thaqalayn/blocked — PAGE-CHECK/SECONDARY-ONLY
,,,,,,,,,PAGE-CHECK,,2026-10-05,thaqalayn/blocked — PAGE-CHECK/SECONDARY-ONLY
,,,,,,,,,PAGE-CHECK,,2026-10-05,thaqalayn/blocked — PAGE-CHECK/SECONDARY-ONLY
,,,,,,,,,PAGE-CHECK,,2026-10-05,thaqalayn/blocked — PAGE-CHECK/SECONDARY-ONLY
,,,,,,,,,PAGE-CHECK,,2026-10-05,thaqalayn/blocked — PAGE-CHECK/SECONDARY-ONLY
,,,,,,,,,PAGE-CHECK,,2026-10-05,thaqalayn/blocked — PAGE-CHECK/SECONDARY-ONLY
,,,,,,,,,PAGE-CHECK,,2026-10-05,thaqalayn/blocked — PAGE-CHECK/SECONDARY-ONLY
,,,,,,,,,PAGE-CHECK,,2026-10-05,thaqalayn/blocked — PAGE-CHECK/SECONDARY-ONLY
,,,,,,,,,PAGE-CHECK,,2026-10-05,thaqalayn/blocked — PAGE-CHECK/SECONDARY-ONLY
,,,,,,,,,PAGE-CHECK,,2026-10-05,thaqalayn/blocked — PAGE-CHECK/SECONDARY-ONLY
,,,,,,,,,PAGE-CHECK,,2026-10-05,thaqalayn/blocked — PAGE-CHECK/SECONDARY-ONLY
,,,,,,,,,PAGE-CHECK,,2026-10-05,thaqalayn/blocked — PAGE-CHECK/SECONDARY-ONLY
,,,,,,,,,PAGE-CHECK,,2026-10-05,thaqalayn/blocked — PAGE-CHECK/SECONDARY-ONLY
,,,,,,,,,PAGE-CHECK,,2026-10-05,thaqalayn/blocked — PAGE-CHECK/SECONDARY-ONLY
,,,,,,,,,PAGE-CHECK,,2026-10-05,thaqalayn/blocked — PAGE-CHECK/SECONDARY-ONLY
,,,,,,,,,PAGE-CHECK,,2026-10-05,thaqalayn/blocked — PAGE-CHECK/SECONDARY-ONLY
,,,,,,,,,PAGE-CHECK,,2026-10-05,thaqalayn/blocked — PAGE-CHECK/SECONDARY-ONLY
,,,,,,,,,PAGE-CHECK,,2026-10-05,thaqalayn/blocked — PAGE-CHECK/SECONDARY-ONLY
,,,,,,,,,PAGE-CHECK,,2026-10-05,thaqalayn/blocked — PAGE-CHECK/SECONDARY-ONLY
,,,,,,,,,PAGE-CHECK,,2026-10-05,thaqalayn/blocked — PAGE-CHECK/SECONDARY-ONLY
,,,,,,,,,PAGE-CHECK,,2026-10-05,thaqalayn/blocked — PAGE-CHECK/SECONDARY-ONLY
,,,,,,,,,PAGE-CHECK,,2026-10-05,thaqalayn/blocked — PAGE-CHECK/SECONDARY-ONLY
,,,,,,,,,PAGE-CHECK,,2026-10-05,thaqalayn/blocked — PAGE-CHECK/SECONDARY-ONLY
,,,,,,,,,PAGE-CHECK,,2026-10-05,thaqalayn/blocked — PAGE-CHECK/SECONDARY-ONLY
