Gate,Name,Result,Detail
1,DOCX_SHA256_LOCK,PASS,337c70ea468a587ab248f5eb49ffacc0c167cfd421a76d145c02dbc8c0595ecc
2,TIP_BASELINE_cce7fcc,PASS,cce7fcc597131856b5d8606fdcbe50de809fe066
3,MANUSCRIPT_WRITE_FALSE_DOCX_UNCHANGED,PASS,DOCX not modified
4,NO_REHARVEST_USED_HARVEST_CSVS,PASS,Built from harvest CSVs only; no rebuild of claim inventory
5,NO_PATCHES_APPLIED,PASS,Phase M readiness only; DOCX untouched
6,NO_AUTO_AUTHOR_DECISIONS,PASS,AUTHOR_DECISION blank on registers
7,NO_FAKE_VERIFIED_UPGRADES,PASS,Statuses retained as PAGE-CHECK/NOT_FOUND/CONFLICT/EDITION-LOCK; no new VERIFIED
8,REF078_CONFLICT_OPEN,PASS,Decision pack records OPEN + AUTHOR DECISION REQUIRED
9,SUNNI_SHIA_KEPT_SEPARATE,PASS,Separate registers; mixed rows flagged SPLIT/KEEP SEPARATE
10,UMM_AYMAN_AUS_SEPARATE,PASS,Umm Ayman pack + harvest Aus_Counter_Testimony_Separate=MANDATORY
11,NOT_FOUND_NE_DOES_NOT_EXIST,PASS,NOT_FOUND_REVIEW states ≠ DOES_NOT_EXIST for all 4
12,PRINT_BLOCKED_REMAINS,PASS,No PRINT ALLOWED written; Print_Safe=NO throughout
